run_id,epoch,batch,updates_since_draw,model,d,rel_err,cos,pred_rel_var_uniform,dense_grad_norm,used_grad_norm
resnet32x12_cifar100_K12_unif8-step_seed0001_d020p,0,0,0,0,8,0.025679410579107338,0.9873411655426025,0.032751497601338275,6.395347286812915,6.460466384887695
resnet32x12_cifar100_K12_unif8-step_seed0001_d020p,0,50,0,0,8,0.004387473225607213,0.9980615973472595,0.0036094659619998215,0.026738016173899707,0.02607974410057068
resnet32x12_cifar100_K12_unif8-step_seed0001_d020p,0,100,0,0,8,0.022497379866556682,0.9886947274208069,0.023959961612120582,0.005734776957139497,0.005647957790642977
resnet32x12_cifar100_K12_unif8-step_seed0001_d020p,0,150,0,0,8,0.08575985801399628,0.9718546271324158,0.04907991177045748,0.008927318329266644,0.010229031555354595
resnet32x12_cifar100_K12_unif8-step_seed0001_d020p,0,200,0,0,8,0.015601417928094899,0.992588996887207,0.025209508458989324,0.013503189384134086,0.013793176971375942
resnet32x12_cifar100_K12_unif8-step_seed0001_d020p,0,250,0,0,8,0.0039117590708047335,0.9984583854675293,0.014005437230224087,0.06611053807640421,0.064102903008461
resnet32x12_cifar100_K12_unif8-step_seed0001_d020p,0,300,0,0,8,0.025212793822706733,0.9908671379089355,0.05761613790442433,0.09093605377908737,0.09773042798042297
resnet32x12_cifar100_K12_unif8-step_seed0001_d020p,0,350,0,0,8,0.003251333775674329,0.9992313385009766,0.022822426284809454,0.10273801032041827,0.10691307485103607
resnet32x12_cifar100_K12_unif8-step_seed0001_d020p,0,400,0,0,8,0.021040739856974234,0.9959009885787964,0.021210653205502427,0.2763301298819932,0.24386169016361237
resnet32x12_cifar100_K12_unif8-step_seed0001_d020p,0,450,0,0,8,0.04337671090369971,0.9790305495262146,0.10283829792514809,0.09127022452145213,0.09331121295690536
resnet32x12_cifar100_K12_unif8-step_seed0001_d020p,0,500,0,0,8,0.08745674565043772,0.9699554443359375,0.045361289460165335,0.1365428747003008,0.15539856255054474
resnet32x12_cifar100_K12_unif8-step_seed0001_d020p,0,550,0,0,8,0.010060747132218521,0.9949583411216736,0.013329142579749716,0.19816707259136052,0.196842223405838
resnet32x12_cifar100_K12_unif8-step_seed0001_d020p,0,600,0,0,8,0.04175154765919485,0.9803450107574463,0.04573633752748785,0.10485247860630449,0.10836729407310486
resnet32x12_cifar100_K12_unif8-step_seed0001_d020p,0,650,0,0,8,0.014960923362276418,0.9938030242919922,0.016549420434725272,0.19615075472064927,0.20494678616523743
resnet32x12_cifar100_K12_unif8-step_seed0001_d020p,0,700,0,0,8,0.022393516814952087,0.9891989231109619,0.025195898865957182,0.1722735476672316,0.16522116959095
resnet32x12_cifar100_K12_unif8-step_seed0001_d020p,1,0,0,0,8,0.05669923184262008,0.9716557860374451,0.0460004203629797,0.1730717479663673,0.16322796046733856
resnet32x12_cifar100_K12_unif8-step_seed0001_d020p,1,50,0,0,8,0.036412212884723814,0.9816758632659912,0.03931358341764663,0.1061976465100489,0.10319092124700546
resnet32x12_cifar100_K12_unif8-step_seed0001_d020p,1,100,0,0,8,0.04083877150334614,0.9799285531044006,0.03434547044329088,0.13329404597331604,0.12620055675506592
resnet32x12_cifar100_K12_unif8-step_seed0001_d020p,1,150,0,0,8,0.012906930561565772,0.9935905933380127,0.03191696859414686,0.1352693225323943,0.13286514580249786
resnet32x12_cifar100_K12_unif8-step_seed0001_d020p,1,200,0,0,8,0.014528887737323288,0.9928235411643982,0.021663306262247002,0.19512995772628003,0.1966734230518341
resnet32x12_cifar100_K12_unif8-step_seed0001_d020p,1,250,0,0,8,0.022200533583136114,0.9892468452453613,0.022494187905158478,0.1895106906542568,0.1928652822971344
resnet32x12_cifar100_K12_unif8-step_seed0001_d020p,1,300,0,0,8,0.04054278731791633,0.9798685312271118,0.030428889597689586,0.1720342981621083,0.17307403683662415
resnet32x12_cifar100_K12_unif8-step_seed0001_d020p,1,350,0,0,8,0.014910882805400856,0.9927417635917664,0.027300011395703306,0.18071418273183493,0.18322409689426422
resnet32x12_cifar100_K12_unif8-step_seed0001_d020p,1,400,0,0,8,0.026878013056468922,0.9872273206710815,0.058588324943546786,0.14607939369123232,0.1498633772134781
resnet32x12_cifar100_K12_unif8-step_seed0001_d020p,1,450,0,0,8,0.025084398116387283,0.987650990486145,0.02498855832040804,0.22351204222254703,0.22593986988067627
resnet32x12_cifar100_K12_unif8-step_seed0001_d020p,1,500,0,0,8,0.016034769784726018,0.9922364950180054,0.031070189340539744,0.18013913988978103,0.1830330640077591
resnet32x12_cifar100_K12_unif8-step_seed0001_d020p,1,550,0,0,8,0.012862078254236317,0.9936432838439941,0.01610169157649,0.2413929858467885,0.23653766512870789
resnet32x12_cifar100_K12_unif8-step_seed0001_d020p,1,600,0,0,8,0.0220850414702215,0.9895887970924377,0.029645222669684144,0.2222965413398944,0.22821304202079773
resnet32x12_cifar100_K12_unif8-step_seed0001_d020p,1,650,0,0,8,0.02406567948815377,0.9885845184326172,0.0286524772872138,0.1947873876649055,0.19976024329662323
resnet32x12_cifar100_K12_unif8-step_seed0001_d020p,1,700,0,0,8,0.10134848435434052,0.959344744682312,0.04591537794708339,0.1959073925158418,0.21679583191871643
resnet32x12_cifar100_K12_unif8-step_seed0001_d020p,2,0,0,0,8,0.05021024977709604,0.9757961630821228,0.04505929835933497,0.23828730028319492,0.24416512250900269
resnet32x12_cifar100_K12_unif8-step_seed0001_d020p,2,50,0,0,8,0.035409180366126725,0.9843001365661621,0.03765780740174258,0.18534285722876742,0.194524347782135
resnet32x12_cifar100_K12_unif8-step_seed0001_d020p,2,100,0,0,8,0.036406066689017844,0.9824700951576233,0.031372573498515195,0.21297113838451837,0.21789810061454773
resnet32x12_cifar100_K12_unif8-step_seed0001_d020p,2,150,0,0,8,0.030155704582600674,0.9850221872329712,0.030684857333408876,0.21175967802722384,0.2129499316215515
resnet32x12_cifar100_K12_unif8-step_seed0001_d020p,2,200,0,0,8,0.025687158792935018,0.9872866272926331,0.026600331271201084,0.2429484288343635,0.23486925661563873
resnet32x12_cifar100_K12_unif8-step_seed0001_d020p,2,250,0,0,8,0.038784637756202875,0.9811643958091736,0.042954787759912384,0.2092498091875708,0.21332600712776184
resnet32x12_cifar100_K12_unif8-step_seed0001_d020p,2,300,0,0,8,0.021526215859160598,0.9892501831054688,0.023897227513984112,0.23961912627227303,0.2398989051580429
resnet32x12_cifar100_K12_unif8-step_seed0001_d020p,2,350,0,0,8,0.018794788124467457,0.9912438988685608,0.024076198863366385,0.2805610536727965,0.28844913840293884
resnet32x12_cifar100_K12_unif8-step_seed0001_d020p,2,400,0,0,8,0.022438267576913935,0.9887760281562805,0.02556087875991677,0.2465762902526298,0.2464689463376999
resnet32x12_cifar100_K12_unif8-step_seed0001_d020p,2,450,0,0,8,0.018900966632099638,0.9905709028244019,0.02321503690179572,0.30254370314583356,0.3031599819660187
resnet32x12_cifar100_K12_unif8-step_seed0001_d020p,2,500,0,0,8,0.016964756901471534,0.9927467703819275,0.020649745028893867,0.3229520596314951,0.3367922902107239
resnet32x12_cifar100_K12_unif8-step_seed0001_d020p,2,550,0,0,8,0.023267090413629322,0.9887425899505615,0.027589459233274098,0.23654544705867622,0.24089564383029938
resnet32x12_cifar100_K12_unif8-step_seed0001_d020p,2,600,0,0,8,0.03782012795433841,0.9834244251251221,0.033995440062805325,0.22319275650013093,0.23518630862236023
resnet32x12_cifar100_K12_unif8-step_seed0001_d020p,2,650,0,0,8,0.0401260441749703,0.9800244569778442,0.03573770001180321,0.22583990951995037,0.2267392873764038
resnet32x12_cifar100_K12_unif8-step_seed0001_d020p,2,700,0,0,8,0.04478653624622644,0.9779213070869446,0.04131138281306698,0.21636411070680606,0.21881720423698425
resnet32x12_cifar100_K12_unif8-step_seed0001_d020p,3,0,0,0,8,0.04769387088726566,0.9794602394104004,0.03967042812017851,0.256383635402937,0.2726236879825592
resnet32x12_cifar100_K12_unif8-step_seed0001_d020p,3,50,0,0,8,0.023017259429031038,0.9892110824584961,0.025888600582350468,0.30264610726490354,0.3113190233707428
resnet32x12_cifar100_K12_unif8-step_seed0001_d020p,3,100,0,0,8,0.03718414350185954,0.982893705368042,0.0441880420181131,0.23851347379092316,0.2480604350566864
resnet32x12_cifar100_K12_unif8-step_seed0001_d020p,3,150,0,0,8,0.022867717385155445,0.9897811412811279,0.03392804577353266,0.25687458922360284,0.26718154549598694
resnet32x12_cifar100_K12_unif8-step_seed0001_d020p,3,200,0,0,8,0.0173972713033358,0.9918112754821777,0.017684261313475308,0.35867810057179156,0.3675655424594879
resnet32x12_cifar100_K12_unif8-step_seed0001_d020p,3,250,0,0,8,0.024719855170470734,0.9876103401184082,0.029061659803488418,0.26651452289037414,0.26579317450523376
resnet32x12_cifar100_K12_unif8-step_seed0001_d020p,3,300,0,0,8,0.036131037694432946,0.983989417552948,0.030326454309608026,0.32164732834560184,0.2952442169189453
resnet32x12_cifar100_K12_unif8-step_seed0001_d020p,3,350,0,0,8,0.04086700579724932,0.979483962059021,0.03832538957364065,0.2305660365746785,0.22952356934547424
resnet32x12_cifar100_K12_unif8-step_seed0001_d020p,3,400,0,0,8,0.04167802899452251,0.9835769534111023,0.029105723390327756,0.2672699315923684,0.28837868571281433
resnet32x12_cifar100_K12_unif8-step_seed0001_d020p,3,450,0,0,8,0.015992298574971205,0.9929413795471191,0.01705954796717904,0.35081128287091484,0.3637257516384125
resnet32x12_cifar100_K12_unif8-step_seed0001_d020p,3,500,0,0,8,0.02542132842220004,0.9872698187828064,0.02520746629834208,0.32762700846761217,0.3270905911922455
resnet32x12_cifar100_K12_unif8-step_seed0001_d020p,3,550,0,0,8,0.05060149488858272,0.975973904132843,0.035702077781550316,0.24812008685909717,0.2560322880744934
resnet32x12_cifar100_K12_unif8-step_seed0001_d020p,3,600,0,0,8,0.020295696836980532,0.9899417161941528,0.02043368045290081,0.3274221385607959,0.3296116292476654
resnet32x12_cifar100_K12_unif8-step_seed0001_d020p,3,650,0,0,8,0.03033416828609948,0.9862636923789978,0.03847268947363889,0.2790473677151683,0.29062598943710327
resnet32x12_cifar100_K12_unif8-step_seed0001_d020p,3,700,0,0,8,0.023062482003845457,0.9895358085632324,0.022428119658617993,0.36455051637727287,0.3780038058757782
resnet32x12_cifar100_K12_unif8-step_seed0001_d020p,4,0,0,0,8,0.034082837674851735,0.9828280210494995,0.03637805229790169,0.3476957020180439,0.34374552965164185
resnet32x12_cifar100_K12_unif8-step_seed0001_d020p,4,50,0,0,8,0.04736017505356757,0.97730553150177,0.03715151434806116,0.23647439386774263,0.2428988516330719
resnet32x12_cifar100_K12_unif8-step_seed0001_d020p,4,100,0,0,8,0.02480362334392833,0.987651526927948,0.02873626276863846,0.33640903824334195,0.33767130970954895
resnet32x12_cifar100_K12_unif8-step_seed0001_d020p,4,150,0,0,8,0.030593923714173313,0.9854194521903992,0.0334206622396658,0.2599480927444521,0.2667028307914734
resnet32x12_cifar100_K12_unif8-step_seed0001_d020p,4,200,0,0,8,0.034267903075197975,0.982753336429596,0.029886393867224994,0.29455687818660364,0.29197847843170166
resnet32x12_cifar100_K12_unif8-step_seed0001_d020p,4,250,0,0,8,0.04093671385427405,0.9794561862945557,0.03884502284492654,0.27273682330127264,0.27162590622901917
resnet32x12_cifar100_K12_unif8-step_seed0001_d020p,4,300,0,0,8,0.040732718408193584,0.9814103841781616,0.03367025090798794,0.28583036719155785,0.2983653247356415
resnet32x12_cifar100_K12_unif8-step_seed0001_d020p,4,350,0,0,8,0.020705585311041004,0.9895951747894287,0.03188315656528977,0.3088823007610785,0.30629268288612366
resnet32x12_cifar100_K12_unif8-step_seed0001_d020p,4,400,0,0,8,0.02757970573075566,0.9861202836036682,0.029309960576675963,0.3142791764493527,0.30879396200180054
resnet32x12_cifar100_K12_unif8-step_seed0001_d020p,4,450,0,0,8,0.029825032108302042,0.9860544800758362,0.02990240056750441,0.29366585764158293,0.30311888456344604
resnet32x12_cifar100_K12_unif8-step_seed0001_d020p,4,500,0,0,8,0.053915751992980494,0.9727274775505066,0.0344405581879669,0.32085568032321415,0.315539687871933
resnet32x12_cifar100_K12_unif8-step_seed0001_d020p,4,550,0,0,8,0.03334251590678682,0.9841240644454956,0.03314244424348364,0.30153586116795006,0.30969366431236267
resnet32x12_cifar100_K12_unif8-step_seed0001_d020p,4,600,0,0,8,0.030209166216856136,0.9871975779533386,0.02288181959128251,0.36557136125890843,0.3861348628997803
resnet32x12_cifar100_K12_unif8-step_seed0001_d020p,4,650,0,0,8,0.0359737398993482,0.9836490154266357,0.03138529922759549,0.31884270236269335,0.3325975239276886
resnet32x12_cifar100_K12_unif8-step_seed0001_d020p,4,700,0,0,8,0.029898235079152815,0.9866845607757568,0.03807392355926966,0.27524836227213884,0.2877376079559326
resnet32x12_cifar100_K12_unif8-step_seed0001_d020p,5,0,0,0,8,0.02400349261349576,0.9883813858032227,0.023988007811002663,0.3928489130724882,0.4000776708126068
resnet32x12_cifar100_K12_unif8-step_seed0001_d020p,5,50,0,0,8,0.030876970733125942,0.9850294589996338,0.03058579133362121,0.3561122853977529,0.3629092276096344
resnet32x12_cifar100_K12_unif8-step_seed0001_d020p,5,100,0,0,8,0.02958251258901919,0.9869073629379272,0.02830815080825849,0.2952647079669128,0.3090381324291229
resnet32x12_cifar100_K12_unif8-step_seed0001_d020p,5,150,0,0,8,0.03602221945317599,0.9818729162216187,0.03977768026316537,0.3157122972832037,0.3130933940410614
resnet32x12_cifar100_K12_unif8-step_seed0001_d020p,5,200,0,0,8,0.025761002178072655,0.98835289478302,0.02646421794488391,0.335574375220269,0.3487853705883026
resnet32x12_cifar100_K12_unif8-step_seed0001_d020p,5,250,0,0,8,0.04073370785315687,0.9796724915504456,0.03603490094872308,0.3033090367035958,0.30386972427368164
resnet32x12_cifar100_K12_unif8-step_seed0001_d020p,5,300,0,0,8,0.04800883814951366,0.9760328531265259,0.04103627615993032,0.2847731904541076,0.2852019965648651
resnet32x12_cifar100_K12_unif8-step_seed0001_d020p,5,350,0,0,8,0.0277908166139949,0.9882774949073792,0.03236204969214277,0.33545931338650886,0.3539884090423584
resnet32x12_cifar100_K12_unif8-step_seed0001_d020p,5,400,0,0,8,0.042539244128732265,0.9785287380218506,0.04468670894650592,0.2600824532072785,0.25647544860839844
resnet32x12_cifar100_K12_unif8-step_seed0001_d020p,5,450,0,0,8,0.04597659115135655,0.9783551692962646,0.040492485181876973,0.24868960724508515,0.2572767734527588
resnet32x12_cifar100_K12_unif8-step_seed0001_d020p,5,500,0,0,8,0.04121897921910837,0.98078453540802,0.04444331171144056,0.2911335239071576,0.30189821124076843
resnet32x12_cifar100_K12_unif8-step_seed0001_d020p,5,550,0,0,8,0.037339181914563584,0.9816596508026123,0.03971899565798282,0.30490516565991566,0.30893102288246155
resnet32x12_cifar100_K12_unif8-step_seed0001_d020p,5,600,0,0,8,0.018959325653749335,0.9910390973091125,0.024528333614621745,0.36488766456990507,0.3738168179988861
resnet32x12_cifar100_K12_unif8-step_seed0001_d020p,5,650,0,0,8,0.03561329421706381,0.9835562705993652,0.0265229614617946,0.34533492917366565,0.35855934023857117
resnet32x12_cifar100_K12_unif8-step_seed0001_d020p,5,700,0,0,8,0.042179700856444985,0.9793936014175415,0.029680048830241536,0.3497316157422141,0.35557228326797485
resnet32x12_cifar100_K12_unif8-step_seed0001_d020p,6,0,0,0,8,0.030106243245083715,0.9848839640617371,0.029856955796288748,0.3165755819571842,0.3085813820362091
resnet32x12_cifar100_K12_unif8-step_seed0001_d020p,6,50,0,0,8,0.03612192141218574,0.9820859432220459,0.040355080014518166,0.33266250964609684,0.33495208621025085
resnet32x12_cifar100_K12_unif8-step_seed0001_d020p,6,100,0,0,8,0.036025697577211614,0.9833698868751526,0.029636609189655553,0.36377350465793457,0.3777880072593689
resnet32x12_cifar100_K12_unif8-step_seed0001_d020p,6,150,0,0,8,0.05790287437424363,0.9708975553512573,0.03898553986165328,0.33068482659945814,0.3287811875343323
resnet32x12_cifar100_K12_unif8-step_seed0001_d020p,6,200,0,0,8,0.023970939790878974,0.9882229566574097,0.023043455638105375,0.4278250471884691,0.4328696131706238
resnet32x12_cifar100_K12_unif8-step_seed0001_d020p,6,250,0,0,8,0.025028145386140354,0.9879281520843506,0.024875933131323365,0.4419374223832311,0.45078563690185547
resnet32x12_cifar100_K12_unif8-step_seed0001_d020p,6,300,0,0,8,0.03166788671301195,0.9864189624786377,0.0267613993833682,0.35792528981770394,0.37757736444473267
resnet32x12_cifar100_K12_unif8-step_seed0001_d020p,6,350,0,0,8,0.01130349897251193,0.9945586919784546,0.014634925997537379,0.4953317572282811,0.5031505227088928
resnet32x12_cifar100_K12_unif8-step_seed0001_d020p,6,400,0,0,8,0.03304277567178652,0.9833555221557617,0.03892445154060698,0.2940875244843659,0.29082921147346497
resnet32x12_cifar100_K12_unif8-step_seed0001_d020p,6,450,0,0,8,0.03571051360040637,0.9837012887001038,0.03428938728481252,0.30034227664210256,0.3129045069217682
resnet32x12_cifar100_K12_unif8-step_seed0001_d020p,6,500,0,0,8,0.02811612989625101,0.9859598875045776,0.02494485270308027,0.40132701514953695,0.40181848406791687
resnet32x12_cifar100_K12_unif8-step_seed0001_d020p,6,550,0,0,8,0.0353551271115003,0.9834029674530029,0.02969915688679135,0.36094343997972195,0.3727695643901825
resnet32x12_cifar100_K12_unif8-step_seed0001_d020p,6,600,0,0,8,0.03244306914653885,0.9837048649787903,0.03640777970385098,0.3170070712860721,0.31528812646865845
resnet32x12_cifar100_K12_unif8-step_seed0001_d020p,6,650,0,0,8,0.02995660831658353,0.9864084124565125,0.03293579744243037,0.359614831260246,0.3742859661579132
resnet32x12_cifar100_K12_unif8-step_seed0001_d020p,6,700,0,0,8,0.025015448724321137,0.9876940846443176,0.028576263184556902,0.418424411423684,0.4231336712837219
resnet32x12_cifar100_K12_unif8-step_seed0001_d020p,7,0,0,0,8,0.029058740025588562,0.9862363934516907,0.03293523834371008,0.39703723339990254,0.40804287791252136
resnet32x12_cifar100_K12_unif8-step_seed0001_d020p,7,50,0,0,8,0.019012043448329782,0.9907057285308838,0.02521376906251609,0.441985990217036,0.447858601808548
resnet32x12_cifar100_K12_unif8-step_seed0001_d020p,7,100,0,0,8,0.01929115059365051,0.9915688633918762,0.01889478083055083,0.4419872882080952,0.46035903692245483
resnet32x12_cifar100_K12_unif8-step_seed0001_d020p,7,150,0,0,8,0.04299970262789675,0.9804200530052185,0.03942216086869194,0.35209494643085537,0.368082195520401
resnet32x12_cifar100_K12_unif8-step_seed0001_d020p,7,200,0,0,8,0.04319141134014408,0.9823753833770752,0.0329392898122721,0.34204565531097714,0.3670905530452728
resnet32x12_cifar100_K12_unif8-step_seed0001_d020p,7,250,0,0,8,0.04828958278004133,0.9763168096542358,0.04278458048050576,0.33914792966676116,0.3441811800003052
resnet32x12_cifar100_K12_unif8-step_seed0001_d020p,7,300,0,0,8,0.02638042155440427,0.986777126789093,0.03126636879212281,0.31371818571156795,0.31285539269447327
resnet32x12_cifar100_K12_unif8-step_seed0001_d020p,7,350,0,0,8,0.021878392713102143,0.9897737503051758,0.03173253648746743,0.3685829349886244,0.3792327642440796
resnet32x12_cifar100_K12_unif8-step_seed0001_d020p,7,400,0,0,8,0.025689819752241407,0.9882973432540894,0.026771700401885087,0.4059070460031023,0.4211312234401703
resnet32x12_cifar100_K12_unif8-step_seed0001_d020p,7,450,0,0,8,0.03006640184167636,0.9853342175483704,0.03311879679837863,0.40101364789245375,0.40749216079711914
resnet32x12_cifar100_K12_unif8-step_seed0001_d020p,7,500,0,0,8,0.03901591241677383,0.9806060791015625,0.034814587319601235,0.3635678750057734,0.36545437574386597
resnet32x12_cifar100_K12_unif8-step_seed0001_d020p,7,550,0,0,8,0.04671058818431003,0.9801461100578308,0.034173591835408065,0.4146372027678734,0.4420660734176636
resnet32x12_cifar100_K12_unif8-step_seed0001_d020p,7,600,0,0,8,0.023815405661799814,0.9881829023361206,0.026901612092579092,0.385020099276252,0.3873670995235443
resnet32x12_cifar100_K12_unif8-step_seed0001_d020p,7,650,0,0,8,0.03693021285166325,0.9822304844856262,0.031077159140650207,0.355479816641779,0.3638494312763214
resnet32x12_cifar100_K12_unif8-step_seed0001_d020p,7,700,0,0,8,0.034029039446240736,0.9832684993743896,0.03455009853033765,0.31940388321211904,0.32335007190704346
resnet32x12_cifar100_K12_unif8-step_seed0001_d020p,8,0,0,0,8,0.04176310166960368,0.9791227579116821,0.03828942681295978,0.33987757635034505,0.3399469256401062
resnet32x12_cifar100_K12_unif8-step_seed0001_d020p,8,50,0,0,8,0.02227726851520505,0.9891364574432373,0.028643130645962404,0.40760851175884577,0.4137171506881714
resnet32x12_cifar100_K12_unif8-step_seed0001_d020p,8,100,0,0,8,0.048792170091959235,0.9779924154281616,0.0501781053182276,0.3223437821373898,0.33863139152526855
resnet32x12_cifar100_K12_unif8-step_seed0001_d020p,8,150,0,0,8,0.03109188625454724,0.9848123788833618,0.03324387477438048,0.33422711123386695,0.339436799287796
resnet32x12_cifar100_K12_unif8-step_seed0001_d020p,8,200,0,0,8,0.031012321137344423,0.9843738079071045,0.031235135866377498,0.41777230040122176,0.4120878279209137
resnet32x12_cifar100_K12_unif8-step_seed0001_d020p,8,250,0,0,8,0.034262728928435994,0.9836897850036621,0.033006399180691225,0.3734942644462757,0.38371801376342773
resnet32x12_cifar100_K12_unif8-step_seed0001_d020p,8,300,0,0,8,0.027203655949153322,0.9863073825836182,0.025876333924269447,0.4054019770096034,0.3988734483718872
resnet32x12_cifar100_K12_unif8-step_seed0001_d020p,8,350,0,0,8,0.02989944936256009,0.9866968393325806,0.024769892222275245,0.4196487603163683,0.43878665566444397
resnet32x12_cifar100_K12_unif8-step_seed0001_d020p,8,400,0,0,8,0.026829382284651596,0.9866472482681274,0.028378618222903565,0.4324522371324004,0.4341941177845001
resnet32x12_cifar100_K12_unif8-step_seed0001_d020p,8,450,0,0,8,0.025175001888986498,0.9879624247550964,0.024742574639510375,0.41230563150548094,0.42188888788223267
resnet32x12_cifar100_K12_unif8-step_seed0001_d020p,8,500,0,0,8,0.031550744650715334,0.984271764755249,0.043365806201469424,0.32492186817592017,0.32581856846809387
resnet32x12_cifar100_K12_unif8-step_seed0001_d020p,8,550,0,0,8,0.026109003038666083,0.9875024557113647,0.032581579341369175,0.40450196892125945,0.4138624370098114
resnet32x12_cifar100_K12_unif8-step_seed0001_d020p,8,600,0,0,8,0.03594540059214953,0.9831727147102356,0.03560285526584662,0.3421113883249121,0.3537113666534424
resnet32x12_cifar100_K12_unif8-step_seed0001_d020p,8,650,0,0,8,0.021694375063678613,0.9893405437469482,0.029642828414687378,0.3787806391204775,0.38311922550201416
resnet32x12_cifar100_K12_unif8-step_seed0001_d020p,8,700,0,0,8,0.03023484048241822,0.9853648543357849,0.028669851489725,0.4054789194584764,0.41346612572669983
resnet32x12_cifar100_K12_unif8-step_seed0001_d020p,9,0,0,0,8,0.023202545806925774,0.9896693825721741,0.018953549441816295,0.5801442169659361,0.6040053367614746
resnet32x12_cifar100_K12_unif8-step_seed0001_d020p,9,50,0,0,8,0.020671016880116116,0.9900506734848022,0.02362178921492633,0.4742548996345985,0.4835369288921356
resnet32x12_cifar100_K12_unif8-step_seed0001_d020p,9,100,0,0,8,0.0199884310540292,0.989966630935669,0.0265780152813744,0.4337077807071324,0.43140920996665955
resnet32x12_cifar100_K12_unif8-step_seed0001_d020p,9,150,0,0,8,0.03307204869311262,0.9836355447769165,0.03172162795479767,0.4328935485311531,0.4365095794200897
resnet32x12_cifar100_K12_unif8-step_seed0001_d020p,9,200,0,0,8,0.020830260251715735,0.9896646738052368,0.027494364974356547,0.46938609832666545,0.47219568490982056
resnet32x12_cifar100_K12_unif8-step_seed0001_d020p,9,250,0,0,8,0.02233496512136932,0.9889075756072998,0.023687931209381927,0.4495845797783393,0.4520263373851776
resnet32x12_cifar100_K12_unif8-step_seed0001_d020p,9,300,0,0,8,0.03331882999975322,0.9832605719566345,0.03676643897736748,0.3488140863752629,0.3468019962310791
resnet32x12_cifar100_K12_unif8-step_seed0001_d020p,9,350,0,0,8,0.041289886413599625,0.9818693399429321,0.04345655214201362,0.3601409999903883,0.37997186183929443
resnet32x12_cifar100_K12_unif8-step_seed0001_d020p,9,400,0,0,8,0.02948678320773534,0.985215425491333,0.02501909405663366,0.46494420352599897,0.4634990096092224
resnet32x12_cifar100_K12_unif8-step_seed0001_d020p,9,450,0,0,8,0.02648924460111639,0.9878697395324707,0.022282261693292237,0.45018895738464554,0.4666716456413269
resnet32x12_cifar100_K12_unif8-step_seed0001_d020p,9,500,0,0,8,0.046701476153688186,0.9773526787757874,0.03858658406595018,0.3380581875788916,0.3452143371105194
resnet32x12_cifar100_K12_unif8-step_seed0001_d020p,9,550,0,0,8,0.02565717785700975,0.988121509552002,0.03094758421360975,0.4855215592356064,0.5016913414001465
resnet32x12_cifar100_K12_unif8-step_seed0001_d020p,9,600,0,0,8,0.021055518038879867,0.9902389049530029,0.023955275492101896,0.4408345529050248,0.4543221592903137
resnet32x12_cifar100_K12_unif8-step_seed0001_d020p,9,650,0,0,8,0.034697727580386514,0.9833112955093384,0.03230402421195871,0.3921452313324484,0.40128040313720703
resnet32x12_cifar100_K12_unif8-step_seed0001_d020p,9,700,0,0,8,0.026294869670659315,0.9870754480361938,0.027332797652181808,0.4256448789819279,0.4306822419166565
resnet32x12_cifar100_K12_unif8-step_seed0001_d020p,10,0,0,0,8,0.026457891068741374,0.986694872379303,0.03746295147972178,0.42580480247941005,0.4222586750984192
resnet32x12_cifar100_K12_unif8-step_seed0001_d020p,10,50,0,0,8,0.037071646534394105,0.9831445217132568,0.02920173481596504,0.3765049775695044,0.39288872480392456
resnet32x12_cifar100_K12_unif8-step_seed0001_d020p,10,100,0,0,8,0.029325791159664362,0.9856410026550293,0.033325037830255366,0.3709546280130651,0.37621062994003296
resnet32x12_cifar100_K12_unif8-step_seed0001_d020p,10,150,0,0,8,0.02327822731405813,0.9882933497428894,0.02668053061184937,0.47056685251854385,0.46573787927627563
resnet32x12_cifar100_K12_unif8-step_seed0001_d020p,10,200,0,0,8,0.023761617591209535,0.9884500503540039,0.02187743870935459,0.4426607854404099,0.4500311315059662
resnet32x12_cifar100_K12_unif8-step_seed0001_d020p,10,250,0,0,8,0.04125515530778313,0.9802677631378174,0.036902781086704466,0.37513837645444426,0.38525182008743286
resnet32x12_cifar100_K12_unif8-step_seed0001_d020p,10,300,0,0,8,0.04095687092092318,0.980772852897644,0.04150045484757677,0.398404288310216,0.4120962619781494
resnet32x12_cifar100_K12_unif8-step_seed0001_d020p,10,350,0,0,8,0.02769209194294508,0.9867851138114929,0.03682434652523831,0.36202844334659906,0.37096816301345825
resnet32x12_cifar100_K12_unif8-step_seed0001_d020p,10,400,0,0,8,0.031561906026549465,0.9841290712356567,0.03216151373051874,0.3437112656357755,0.3411685824394226
resnet32x12_cifar100_K12_unif8-step_seed0001_d020p,10,450,0,0,8,0.026090430028680372,0.9868727326393127,0.027029638518513633,0.44589803915386145,0.43876883387565613
resnet32x12_cifar100_K12_unif8-step_seed0001_d020p,10,500,0,0,8,0.03222667590316092,0.9842551946640015,0.03457280132137161,0.42986169231966437,0.4365836977958679
resnet32x12_cifar100_K12_unif8-step_seed0001_d020p,10,550,0,0,8,0.02518693860447631,0.9873889684677124,0.02501739797714977,0.42607278205022575,0.42544224858283997
resnet32x12_cifar100_K12_unif8-step_seed0001_d020p,10,600,0,0,8,0.035364129182068056,0.982158899307251,0.03289048734563495,0.39870744798040875,0.39175310730934143
resnet32x12_cifar100_K12_unif8-step_seed0001_d020p,10,650,0,0,8,0.0315994479886637,0.9859111905097961,0.026289480804267407,0.44564535851541187,0.46618109941482544
resnet32x12_cifar100_K12_unif8-step_seed0001_d020p,10,700,0,0,8,0.025050918491217548,0.9875078797340393,0.023679211896301358,0.5069437077776755,0.5081770420074463
resnet32x12_cifar100_K12_unif8-step_seed0001_d020p,11,0,0,0,8,0.018172134098919785,0.9910492300987244,0.022177584212011072,0.6273966138711257,0.6335282921791077
resnet32x12_cifar100_K12_unif8-step_seed0001_d020p,11,50,0,0,8,0.027878782143120607,0.9859813451766968,0.023442963553981806,0.43805982330762816,0.434619277715683
resnet32x12_cifar100_K12_unif8-step_seed0001_d020p,11,100,0,0,8,0.029531871610898982,0.9872406125068665,0.02783825972108101,0.4551666566580333,0.4787728786468506
resnet32x12_cifar100_K12_unif8-step_seed0001_d020p,11,150,0,0,8,0.035914758525068,0.9852039217948914,0.03478599370612258,0.39575135068006273,0.42190414667129517
resnet32x12_cifar100_K12_unif8-step_seed0001_d020p,11,200,0,0,8,0.02681168521927847,0.9877159595489502,0.02697496009858148,0.4314246003898401,0.44723600149154663
resnet32x12_cifar100_K12_unif8-step_seed0001_d020p,11,250,0,0,8,0.03715446785447308,0.981931746006012,0.037976120861919906,0.35684198751264046,0.36347877979278564
resnet32x12_cifar100_K12_unif8-step_seed0001_d020p,11,300,0,0,8,0.031683198909952776,0.9851635694503784,0.039172162442220326,0.3627599647265392,0.3745105266571045
resnet32x12_cifar100_K12_unif8-step_seed0001_d020p,11,350,0,0,8,0.055402227012839846,0.9742821455001831,0.04036359384344408,0.4221413795697986,0.4400028884410858
resnet32x12_cifar100_K12_unif8-step_seed0001_d020p,11,400,0,0,8,0.03471975174778745,0.9841326475143433,0.03877645036974497,0.3645064499942386,0.37946122884750366
resnet32x12_cifar100_K12_unif8-step_seed0001_d020p,11,450,0,0,8,0.012204404479017442,0.9938908815383911,0.019680527164197967,0.5442061560742795,0.5382431745529175
resnet32x12_cifar100_K12_unif8-step_seed0001_d020p,11,500,0,0,8,0.03815300616049288,0.9812827110290527,0.02368528371409885,0.5095124474653053,0.4833199679851532
resnet32x12_cifar100_K12_unif8-step_seed0001_d020p,11,550,0,0,8,0.027565812977824265,0.9865922331809998,0.02523673139788758,0.4743201233857783,0.48242539167404175
resnet32x12_cifar100_K12_unif8-step_seed0001_d020p,11,600,0,0,8,0.03089733233456155,0.9854919910430908,0.03748320848686075,0.37149056751372683,0.3830913305282593
resnet32x12_cifar100_K12_unif8-step_seed0001_d020p,11,650,0,0,8,0.029044856892329732,0.9859132766723633,0.023984495118193082,0.4235034525279042,0.4313894808292389
resnet32x12_cifar100_K12_unif8-step_seed0001_d020p,11,700,0,0,8,0.029483876909632036,0.9857522249221802,0.03728325200657561,0.4009022676860496,0.4090273380279541
resnet32x12_cifar100_K12_unif8-step_seed0001_d020p,12,0,0,0,8,0.03828826904154221,0.9815808534622192,0.03823235408573952,0.39116814046440423,0.40050917863845825
resnet32x12_cifar100_K12_unif8-step_seed0001_d020p,12,50,0,0,8,0.030561901816002584,0.9853920340538025,0.042603311130866295,0.3671058401654841,0.37624016404151917
resnet32x12_cifar100_K12_unif8-step_seed0001_d020p,12,100,0,0,8,0.018843962194946363,0.9905609488487244,0.02023571078377279,0.5325157010087415,0.5314356684684753
resnet32x12_cifar100_K12_unif8-step_seed0001_d020p,12,150,0,0,8,0.02442838772487268,0.9880404472351074,0.027243778237649993,0.4191259248258568,0.4034085273742676
resnet32x12_cifar100_K12_unif8-step_seed0001_d020p,12,200,0,0,8,0.039313338960980514,0.9806270599365234,0.03513419068591136,0.4117330849050314,0.41639912128448486
resnet32x12_cifar100_K12_unif8-step_seed0001_d020p,12,250,0,0,8,0.02647125328876566,0.9869014024734497,0.03668421777407507,0.38705961059595667,0.39015892148017883
resnet32x12_cifar100_K12_unif8-step_seed0001_d020p,12,300,0,0,8,0.026007403617528173,0.9872723817825317,0.03216987687126012,0.4362679230798309,0.4423719644546509
resnet32x12_cifar100_K12_unif8-step_seed0001_d020p,12,350,0,0,8,0.0373338938681082,0.9814602136611938,0.030681559893969222,0.46002718373500684,0.46274811029434204
resnet32x12_cifar100_K12_unif8-step_seed0001_d020p,12,400,0,0,8,0.03184422401926756,0.9846320152282715,0.03013901382776313,0.4190327301943747,0.4279576241970062
resnet32x12_cifar100_K12_unif8-step_seed0001_d020p,12,450,0,0,8,0.02539781743778836,0.9873123168945312,0.023947065303219505,0.45391306913049867,0.4543030261993408
resnet32x12_cifar100_K12_unif8-step_seed0001_d020p,12,500,0,0,8,0.01707256837632779,0.9914517402648926,0.019116987786548707,0.5499308629364329,0.5490862727165222
resnet32x12_cifar100_K12_unif8-step_seed0001_d020p,12,550,0,0,8,0.034350765488884,0.9836235642433167,0.029668190771337952,0.4057420893395679,0.4166238605976105
resnet32x12_cifar100_K12_unif8-step_seed0001_d020p,12,600,0,0,8,0.02758690696593867,0.9887155294418335,0.029509627574842687,0.4762718220965208,0.5050607323646545
resnet32x12_cifar100_K12_unif8-step_seed0001_d020p,12,650,0,0,8,0.0356227709884125,0.9824697375297546,0.029600951410540387,0.4392306633646207,0.44448423385620117
resnet32x12_cifar100_K12_unif8-step_seed0001_d020p,12,700,0,0,8,0.01702283635321639,0.9915168285369873,0.021811652218475665,0.4832073566125041,0.4845826327800751
resnet32x12_cifar100_K12_unif8-step_seed0001_d020p,13,0,0,0,8,0.010605952989828181,0.9949505925178528,0.012129145309730305,0.7821217060650756,0.7962251901626587
resnet32x12_cifar100_K12_unif8-step_seed0001_d020p,13,50,0,0,8,0.03125542700094745,0.984674870967865,0.031919913878261146,0.449712448833028,0.45585381984710693
resnet32x12_cifar100_K12_unif8-step_seed0001_d020p,13,100,0,0,8,0.02618411673378594,0.9877574443817139,0.026235345503267022,0.5000796552627814,0.5154598951339722
resnet32x12_cifar100_K12_unif8-step_seed0001_d020p,13,150,0,0,8,0.03349127546393909,0.9839918613433838,0.033117939965513606,0.3871691999197914,0.3970821797847748
resnet32x12_cifar100_K12_unif8-step_seed0001_d020p,13,200,0,0,8,0.02323546260503335,0.9883379340171814,0.025967626698807766,0.4032059292547005,0.40127450227737427
resnet32x12_cifar100_K12_unif8-step_seed0001_d020p,13,250,0,0,8,0.03332316580434394,0.9836025238037109,0.040919939223109957,0.4681450436914085,0.47368550300598145
resnet32x12_cifar100_K12_unif8-step_seed0001_d020p,13,300,0,0,8,0.03128656962762901,0.9846963882446289,0.026828280366248018,0.4705974412729371,0.4776194393634796
resnet32x12_cifar100_K12_unif8-step_seed0001_d020p,13,350,0,0,8,0.0318104596590775,0.9852181673049927,0.035826155375427216,0.4234780126806686,0.43824413418769836
resnet32x12_cifar100_K12_unif8-step_seed0001_d020p,13,400,0,0,8,0.04093707579239367,0.9816168546676636,0.029622084573255207,0.4722772292359313,0.495307058095932
resnet32x12_cifar100_K12_unif8-step_seed0001_d020p,13,450,0,0,8,0.04013124654193367,0.9813018441200256,0.02887838727672574,0.4278190215500507,0.44358038902282715
resnet32x12_cifar100_K12_unif8-step_seed0001_d020p,13,500,0,0,8,0.03699363220012555,0.9822849631309509,0.03565458217520846,0.3898963999695278,0.3998829424381256
resnet32x12_cifar100_K12_unif8-step_seed0001_d020p,13,550,0,0,8,0.044689121792847716,0.9780055284500122,0.04173877084656213,0.39319323276602725,0.39807382225990295
resnet32x12_cifar100_K12_unif8-step_seed0001_d020p,13,600,0,0,8,0.03000671913007959,0.9850703477859497,0.024638470178445105,0.4277244288015345,0.42956823110580444
resnet32x12_cifar100_K12_unif8-step_seed0001_d020p,13,650,0,0,8,0.04410802626933467,0.9787420630455017,0.041718454818950854,0.3852779057017484,0.39450690150260925
resnet32x12_cifar100_K12_unif8-step_seed0001_d020p,13,700,0,0,8,0.017577958334186662,0.9915883541107178,0.021184019537819964,0.5285813115274869,0.5393211245536804
resnet32x12_cifar100_K12_unif8-step_seed0001_d020p,14,0,0,0,8,0.018006210711742382,0.991396427154541,0.024927546028692415,0.5299934786269402,0.5410934090614319
resnet32x12_cifar100_K12_unif8-step_seed0001_d020p,14,50,0,0,8,0.029086266078040584,0.9863533973693848,0.027305093736129018,0.47975204480855094,0.49454742670059204
resnet32x12_cifar100_K12_unif8-step_seed0001_d020p,14,100,0,0,8,0.04581856013872338,0.9768859148025513,0.04496585373365357,0.3910142675599155,0.3776111602783203
resnet32x12_cifar100_K12_unif8-step_seed0001_d020p,14,150,0,0,8,0.030461030271944772,0.9856835603713989,0.028756224438649614,0.4461671758773989,0.45989757776260376
resnet32x12_cifar100_K12_unif8-step_seed0001_d020p,14,200,0,0,8,0.03903406392482809,0.9823336005210876,0.03491070526541399,0.39726694982677246,0.4154161512851715
resnet32x12_cifar100_K12_unif8-step_seed0001_d020p,14,250,0,0,8,0.0323734671515474,0.9837406873703003,0.030703755486337247,0.494138453784138,0.49150148034095764
resnet32x12_cifar100_K12_unif8-step_seed0001_d020p,14,300,0,0,8,0.027852569763225206,0.9860332012176514,0.024941725613576805,0.458995526766744,0.45748159289360046
resnet32x12_cifar100_K12_unif8-step_seed0001_d020p,14,350,0,0,8,0.022748420993061184,0.9886289834976196,0.02439609152653878,0.46353026351047066,0.4636610150337219
resnet32x12_cifar100_K12_unif8-step_seed0001_d020p,14,400,0,0,8,0.030517431981406787,0.9846242666244507,0.0359559255730993,0.46963132023562754,0.4631260335445404
resnet32x12_cifar100_K12_unif8-step_seed0001_d020p,14,450,0,0,8,0.029922122946076334,0.9853758811950684,0.03316324816203389,0.39509010391827976,0.40108269453048706
resnet32x12_cifar100_K12_unif8-step_seed0001_d020p,14,500,0,0,8,0.029314241779545506,0.9854046106338501,0.026891255251092122,0.45257824763924087,0.45427563786506653
resnet32x12_cifar100_K12_unif8-step_seed0001_d020p,14,550,0,0,8,0.034982950523335186,0.9839991331100464,0.03483494691774828,0.39146409511470787,0.4074738919734955
resnet32x12_cifar100_K12_unif8-step_seed0001_d020p,14,600,0,0,8,0.03351660127725462,0.9831558465957642,0.03411491500565775,0.4286695386497216,0.4169127345085144
resnet32x12_cifar100_K12_unif8-step_seed0001_d020p,14,650,0,0,8,0.03953000912527059,0.981234610080719,0.03428381169109357,0.3887544668805748,0.4003101587295532
resnet32x12_cifar100_K12_unif8-step_seed0001_d020p,14,700,0,0,8,0.037991782733559167,0.981196939945221,0.04400565699750199,0.390612678333498,0.39388883113861084
