run_id,run_tag,cohort,dataset,K,arm,arm_label,target,comm_on,comm_block,kd_scale,comm_accounting,seed,epochs,batch_size,base_lr,momentum,weight_decay,nesterov,graph_seed,lr_step,lr_gamma,kd_T,k_matchings,k_anneal,match_weight,kappa,rematch_every_epochs,recency_lambda,recency_gamma,peel_weighting,graph,label_noise_rate,actual_noise_rate,noise_seed,split_seed,n_train,n_valid,n_test,cohort_params,resample,epoch,lr,k_current,comm_duty,epoch_seconds,avg_test_acc,std_test_acc,min_test_acc,max_test_acc,ensemble_test_acc,ens_minus_avg_test,avg_val_acc,ensemble_val_acc,disagreement_val,rho_val,disagreement_test,rho_test,avg_test_acc_resnet32,model_00_arch,model_00_test_acc,model_00_val_acc,model_00_train_loss,model_00_ce_loss,model_00_kd_loss,model_01_arch,model_01_test_acc,model_01_val_acc,model_01_train_loss,model_01_ce_loss,model_01_kd_loss,model_02_arch,model_02_test_acc,model_02_val_acc,model_02_train_loss,model_02_ce_loss,model_02_kd_loss,model_03_arch,model_03_test_acc,model_03_val_acc,model_03_train_loss,model_03_ce_loss,model_03_kd_loss,model_04_arch,model_04_test_acc,model_04_val_acc,model_04_train_loss,model_04_ce_loss,model_04_kd_loss,model_05_arch,model_05_test_acc,model_05_val_acc,model_05_train_loss,model_05_ce_loss,model_05_kd_loss,model_06_arch,model_06_test_acc,model_06_val_acc,model_06_train_loss,model_06_ce_loss,model_06_kd_loss,model_07_arch,model_07_test_acc,model_07_val_acc,model_07_train_loss,model_07_ce_loss,model_07_kd_loss,model_08_arch,model_08_test_acc,model_08_val_acc,model_08_train_loss,model_08_ce_loss,model_08_kd_loss,model_09_arch,model_09_test_acc,model_09_val_acc,model_09_train_loss,model_09_ce_loss,model_09_kd_loss,model_10_arch,model_10_test_acc,model_10_val_acc,model_10_train_loss,model_10_ce_loss,model_10_kd_loss,model_11_arch,model_11_test_acc,model_11_val_acc,model_11_train_loss,model_11_ce_loss,model_11_kd_loss,comm_logit_floats_epoch,comm_matcher_ints_epoch,comm_bytes_epoch,comm_bytes_cum,comm_bytes_cum_cohort
resnet32x12_cifar100_K12_unif1_seed0001_d020p,d020p,resnet32:12,cifar100,12,sampled,unif1,peers,0,0,1.0,p2p,1,15,64,0.1,0.9,0.0005,True,0,60,0.1,1.0,1,,disagreement,1.0,1,0.0,0.5,weight,complete,0.0,0.0,42,0,45000,5000,10000,5640048,epoch,0,0.1,1,1.0,119.54,0.024316666666666667,0.008101731639319805,0.0105,0.0361,0.0434,0.019083333333333334,0.02298333333333333,0.0416,0.8447242424242427,0.18335671466667125,0.8444060606060605,0.1835817024748152,0.024316666666666667,resnet32,0.0105,0.0108,4.758514180102131,4.656319950114597,0.10219423314265441,resnet32,0.0284,0.025,4.715208753943443,4.61941793222319,0.09579081556115522,resnet32,0.0361,0.0308,4.6527082479812885,4.564024054868654,0.0886841996742243,resnet32,0.0179,0.0196,4.705918072976849,4.5973731076175515,0.1085449605214473,resnet32,0.0342,0.0312,4.647711226885969,4.564815249632705,0.08289597886240782,resnet32,0.0292,0.0264,4.691143032502044,4.599967508830807,0.0911755109059,resnet32,0.0277,0.025,4.689914520491254,4.597467790950429,0.09244672599859106,resnet32,0.0201,0.0224,4.729653460058299,4.636427147821947,0.09322631429114897,resnet32,0.0156,0.0146,4.819355949759483,4.662903997031125,0.15645195076649543,resnet32,0.0347,0.0348,4.686984266747128,4.599322457205165,0.08766181211732063,resnet32,0.0198,0.019,4.70932931385257,4.636728652498939,0.07260066394486454,resnet32,0.0176,0.0162,4.780664216388356,4.665904229337519,0.11475998738619224,4500000.0,0.0,18000000.0,18000000.0,216000000.0
resnet32x12_cifar100_K12_unif1_seed0001_d020p,d020p,resnet32:12,cifar100,12,sampled,unif1,peers,0,0,1.0,p2p,1,15,64,0.1,0.9,0.0005,True,0,60,0.1,1.0,1,,disagreement,1.0,1,0.0,0.5,weight,complete,0.0,0.0,42,0,45000,5000,10000,5640048,epoch,1,0.1,1,1.0,101.29,0.04956666666666667,0.014586485373644865,0.0101,0.066,0.0627,0.013133333333333337,0.050766666666666675,0.0642,0.708169696969697,0.3710743387045223,0.711810606060606,0.37573331058107184,0.04956666666666667,resnet32,0.0101,0.0098,4.689012131230398,4.607132104987448,0.08188003351361575,resnet32,0.0443,0.0474,4.3987817615270615,4.361712491647764,0.03706927147603975,resnet32,0.0651,0.0672,4.361878374760801,4.295933695340699,0.06594467942010272,resnet32,0.0509,0.0486,4.416388451375744,4.376860917630521,0.03952753521629016,resnet32,0.0602,0.0634,4.300601360472766,4.227028099989349,0.07357325981667434,resnet32,0.0615,0.0626,4.440095480192792,4.364352632652629,0.07574285115697421,resnet32,0.066,0.0652,4.343063291839578,4.273877142505213,0.0691861496412788,resnet32,0.0453,0.0452,4.4440877058289265,4.407411930235949,0.036675774174827064,resnet32,0.0392,0.0392,4.529904507777908,4.4344431622461835,0.09546134811402722,resnet32,0.057,0.0612,4.337739473378116,4.287323053587567,0.05041642544727603,resnet32,0.0499,0.0502,4.518132517283613,4.434234099293297,0.08389841437350366,resnet32,0.0453,0.0492,4.436130846427246,4.385272774168036,0.05085807818845338,4500000.0,0.0,18000000.0,36000000.0,432000000.0
resnet32x12_cifar100_K12_unif1_seed0001_d020p,d020p,resnet32:12,cifar100,12,sampled,unif1,peers,0,0,1.0,p2p,1,15,64,0.1,0.9,0.0005,True,0,60,0.1,1.0,1,,disagreement,1.0,1,0.0,0.5,weight,complete,0.0,0.0,42,0,45000,5000,10000,5640048,epoch,2,0.1,1,1.0,102.65,0.11124166666666667,0.01070470755737348,0.09,0.128,0.1295,0.018258333333333335,0.11364999999999999,0.1294,0.5835787878787876,0.5185150374483696,0.5884272727272728,0.5187628401822939,0.11124166666666667,resnet32,0.09,0.0978,4.435738808052107,4.211819341914221,0.22391945331103422,resnet32,0.1142,0.1142,4.026147369634021,3.945073250681162,0.08107412554620003,resnet32,0.1121,0.1174,3.9575961103493515,3.8707622147419234,0.08683390306330031,resnet32,0.1065,0.1128,4.038571274416014,3.963224238970063,0.07534703932469711,resnet32,0.128,0.125,3.891984662887725,3.8221581060100687,0.06982655560237948,resnet32,0.1151,0.1192,3.9258135936476966,3.844243576242165,0.08157001779181883,resnet32,0.0974,0.0954,3.965107528323477,3.887184273112904,0.07792325574502518,resnet32,0.1129,0.1088,3.982081038369374,3.911614490164952,0.07046653825091198,resnet32,0.1009,0.1052,4.036531104621562,3.9433206465433943,0.09321045820516619,resnet32,0.1275,0.1318,3.916373546827923,3.8419599160552025,0.07441363065101375,resnet32,0.1152,0.1178,3.9622726674106987,3.8829754028807986,0.07929726968392391,resnet32,0.1151,0.1184,3.9553551281040367,3.879541552879594,0.07581356882689182,4500000.0,0.0,18000000.0,54000000.0,648000000.0
resnet32x12_cifar100_K12_unif1_seed0001_d020p,d020p,resnet32:12,cifar100,12,sampled,unif1,peers,0,0,1.0,p2p,1,15,64,0.1,0.9,0.0005,True,0,60,0.1,1.0,1,,disagreement,1.0,1,0.0,0.5,weight,complete,0.0,0.0,42,0,45000,5000,10000,5640048,epoch,3,0.1,1,1.0,102.73,0.15446666666666664,0.010014101168962803,0.1375,0.173,0.1798,0.025333333333333347,0.1527,0.172,0.5957454545454544,0.5492913565727832,0.5964727272727276,0.5589980571456884,0.15446666666666664,resnet32,0.146,0.1466,3.6847734359855,3.6018391502174465,0.0829342831434174,resnet32,0.157,0.1576,3.6619080393151804,3.554154835641384,0.10775320328221741,resnet32,0.1427,0.138,3.6812918020242993,3.563977575776252,0.11731422335883095,resnet32,0.1502,0.1488,3.675998739898205,3.5932091914794664,0.08278954886323349,resnet32,0.1669,0.163,3.600146522237496,3.492092805829915,0.10805371719073843,resnet32,0.1615,0.1518,3.6009163070808756,3.491353013976054,0.10956328894562004,resnet32,0.1518,0.1496,3.66013370657509,3.5475606610151855,0.11257304272360423,resnet32,0.173,0.1726,3.605613225563006,3.500197772275318,0.10541545148854228,resnet32,0.148,0.1452,3.684174107895656,3.5815760520371525,0.1025980547261001,resnet32,0.1636,0.158,3.5950793766162614,3.4917238253084095,0.10335554859854958,resnet32,0.1375,0.1424,3.6140174235809934,3.5114161033522,0.10260132212318819,resnet32,0.1554,0.1588,3.670361239124428,3.550844470885667,0.1195167680376802,4500000.0,0.0,18000000.0,72000000.0,864000000.0
resnet32x12_cifar100_K12_unif1_seed0001_d020p,d020p,resnet32:12,cifar100,12,sampled,unif1,peers,0,0,1.0,p2p,1,15,64,0.1,0.9,0.0005,True,0,60,0.1,1.0,1,,disagreement,1.0,1,0.0,0.5,weight,complete,0.0,0.0,42,0,45000,5000,10000,5640048,epoch,4,0.1,1,1.0,101.32,0.20024166666666668,0.012429967708012047,0.1783,0.2196,0.2368,0.03655833333333333,0.19665,0.2334,0.605381818181818,0.5296085858965615,0.5964757575757577,0.5361604273378676,0.20024166666666668,resnet32,0.1869,0.184,3.3829501064663585,3.2461722323840316,0.13677787617780268,resnet32,0.1845,0.1886,3.3949694413353098,3.239425200968981,0.1555442417315631,resnet32,0.1783,0.1676,3.3824552717533978,3.247383586723696,0.13507168742150746,resnet32,0.1979,0.1984,3.3695588294755328,3.223487100479278,0.1460717281495983,resnet32,0.2044,0.198,3.3264593979851766,3.1778971996497023,0.14856220400807532,resnet32,0.2001,0.2032,3.3050863075662744,3.162256346846169,0.14282995819071817,resnet32,0.2144,0.2038,3.3582973832433876,3.2128925685855476,0.14540481787513604,resnet32,0.202,0.192,3.303635860369964,3.1837021600116384,0.11993370148014616,resnet32,0.2011,0.2036,3.3756925744766537,3.2360706095668403,0.13962196722753684,resnet32,0.2196,0.2166,3.304513610222123,3.168216133998199,0.13629747529260136,resnet32,0.1955,0.1922,3.3400524753061207,3.193645166741176,0.14640730893535708,resnet32,0.2182,0.2118,3.350210585377433,3.230948680503802,0.11926190234424378,4500000.0,0.0,18000000.0,90000000.0,1080000000.0
resnet32x12_cifar100_K12_unif1_seed0001_d020p,d020p,resnet32:12,cifar100,12,sampled,unif1,peers,0,0,1.0,p2p,1,15,64,0.1,0.9,0.0005,True,0,60,0.1,1.0,1,,disagreement,1.0,1,0.0,0.5,weight,complete,0.0,0.0,42,0,45000,5000,10000,5640048,epoch,5,0.1,1,1.0,100.32,0.24627500000000002,0.011624265209752687,0.2234,0.2613,0.2868,0.04052499999999998,0.23963333333333328,0.2818,0.5609393939393938,0.5529402906879302,0.5573939393939394,0.5647427203553924,0.24627500000000002,resnet32,0.2533,0.2492,3.13403073054823,2.9541905254802923,0.17984020586167884,resnet32,0.2452,0.2364,3.1552312533286484,2.9722255045040087,0.1830057481896471,resnet32,0.2313,0.2224,3.161854660985145,2.9819312789900736,0.17992337846027856,resnet32,0.2613,0.26,3.0938336192206903,2.9117743769152598,0.18205924252767794,resnet32,0.2382,0.2356,3.123251873999834,2.942521992732178,0.18072988121473993,resnet32,0.2462,0.2448,3.0708442960273135,2.9014754976061257,0.16936880214647812,resnet32,0.2234,0.2158,3.1333298019387503,2.953725872730667,0.1796039304674857,resnet32,0.2522,0.2444,3.1527350307865576,2.966154709458351,0.1865803276358003,resnet32,0.25,0.2464,3.1282368539409204,2.951280369677327,0.17695648483508689,resnet32,0.2588,0.2428,3.08320789411664,2.9062808548862282,0.1769270403733985,resnet32,0.2604,0.2548,3.078771139749072,2.9051954871551557,0.17357565284791318,resnet32,0.235,0.223,3.1642365729944273,2.984410159289837,0.17982640691016885,4500000.0,0.0,18000000.0,108000000.0,1296000000.0
resnet32x12_cifar100_K12_unif1_seed0001_d020p,d020p,resnet32:12,cifar100,12,sampled,unif1,peers,0,0,1.0,p2p,1,15,64,0.1,0.9,0.0005,True,0,60,0.1,1.0,1,,disagreement,1.0,1,0.0,0.5,weight,complete,0.0,0.0,42,0,45000,5000,10000,5640048,epoch,6,0.1,1,1.0,100.8,0.24701666666666666,0.020453151074807243,0.2119,0.2815,0.2802,0.03318333333333334,0.24903333333333333,0.2844,0.538648484848485,0.5975084570080134,0.5429242424242425,0.5928058476028419,0.24701666666666666,resnet32,0.2499,0.2536,2.932851518758319,2.7433119406076996,0.18953958059534093,resnet32,0.2119,0.2158,2.9742540503767403,2.783805248412219,0.19044880416582932,resnet32,0.2406,0.2416,2.980621255256913,2.7868295725096357,0.1937916873827238,resnet32,0.2815,0.2744,2.9100198959085075,2.711612816561352,0.1984070800033144,resnet32,0.2702,0.2742,2.9429643401368097,2.7529479095881637,0.19001642953265796,resnet32,0.2794,0.2846,2.9174287393689156,2.7297453460368244,0.1876833952794021,resnet32,0.2344,0.2416,2.9625313437797804,2.7652442736381833,0.19728707071309062,resnet32,0.241,0.2376,2.99206517027183,2.7915550229901616,0.20051014687950638,resnet32,0.2391,0.246,2.9435279799455945,2.7575746866112407,0.18595329324968837,resnet32,0.2569,0.2598,2.899048164486885,2.7117634181949226,0.18728474478914656,resnet32,0.2309,0.223,2.9327075965702534,2.727488323707472,0.20521926843899896,resnet32,0.2284,0.2362,2.995281481607394,2.807592449201779,0.18768903824754737,4500000.0,0.0,18000000.0,126000000.0,1512000000.0
resnet32x12_cifar100_K12_unif1_seed0001_d020p,d020p,resnet32:12,cifar100,12,sampled,unif1,peers,0,0,1.0,p2p,1,15,64,0.1,0.9,0.0005,True,0,60,0.1,1.0,1,,disagreement,1.0,1,0.0,0.5,weight,complete,0.0,0.0,42,0,45000,5000,10000,5640048,epoch,7,0.1,1,1.0,106.68,0.31115,0.01916013656875476,0.2778,0.3409,0.3639,0.05275000000000002,0.2978166666666667,0.3434,0.5556060606060605,0.565922472242179,0.5547500000000001,0.5828624528131364,0.31115,resnet32,0.3066,0.291,2.798400243574923,2.5889998728578743,0.20940037404017692,resnet32,0.2994,0.287,2.8903617103668777,2.666162346913056,0.22419936277649619,resnet32,0.2994,0.2944,2.8843042616817085,2.6593411168591543,0.22496314302340828,resnet32,0.334,0.3214,2.797956133769317,2.5731693865223364,0.2247867473739792,resnet32,0.302,0.2798,2.818420248614116,2.6111624604937704,0.2072577904698185,resnet32,0.3351,0.3228,2.7646770047193225,2.575735082341866,0.18894192136146806,resnet32,0.2974,0.2752,2.8599695939232004,2.6447615589607847,0.2152080385183746,resnet32,0.3004,0.3016,2.88879536668008,2.669403935359283,0.21939143017781051,resnet32,0.2778,0.2654,2.8365198072384703,2.621395815841176,0.2151239851531996,resnet32,0.3355,0.3154,2.7593400214206087,2.5600109472870827,0.19932907953096385,resnet32,0.3409,0.319,2.7665408216416836,2.577743241394108,0.1887975799512457,resnet32,0.3053,0.3008,2.9042735699225557,2.6759958043694496,0.22827776411378925,4500000.0,0.0,18000000.0,144000000.0,1728000000.0
resnet32x12_cifar100_K12_unif1_seed0001_d020p,d020p,resnet32:12,cifar100,12,sampled,unif1,peers,0,0,1.0,p2p,1,15,64,0.1,0.9,0.0005,True,0,60,0.1,1.0,1,,disagreement,1.0,1,0.0,0.5,weight,complete,0.0,0.0,42,0,45000,5000,10000,5640048,epoch,8,0.1,1,1.0,102.16,0.31669166666666665,0.020751444059524043,0.2773,0.3523,0.3515,0.03480833333333333,0.3102,0.349,0.48897575757575756,0.6058290814885422,0.48991969696969684,0.6133019567561031,0.31669166666666665,resnet32,0.3291,0.33,2.7009953267195006,2.4774085059762,0.22358682173812253,resnet32,0.3035,0.2974,2.7842570776966484,2.54954702203924,0.23471005639823322,resnet32,0.328,0.3088,2.762798290022395,2.5222040780565957,0.2405942123256285,resnet32,0.3161,0.315,2.6919131644747476,2.447228227488019,0.2446849385742098,resnet32,0.3175,0.3054,2.7418596727604214,2.5108590192076834,0.23100065331990746,resnet32,0.3523,0.3342,2.7082553319633007,2.474318698725917,0.2339366382961585,resnet32,0.3361,0.3312,2.7321052822199734,2.515917465768077,0.2161878219763325,resnet32,0.2961,0.2854,2.759256488220258,2.5473851974714887,0.21187129648487,resnet32,0.2773,0.2736,2.715976305983283,2.495013125918128,0.22096318067898127,resnet32,0.2987,0.2986,2.6510018669068813,2.431020176884803,0.21998169082640248,resnet32,0.3414,0.3454,2.6949970671399073,2.4800762346183713,0.2149208277167583,resnet32,0.3042,0.2974,2.779918502338908,2.558438892052932,0.22147961930287155,4500000.0,0.0,18000000.0,162000000.0,1944000000.0
resnet32x12_cifar100_K12_unif1_seed0001_d020p,d020p,resnet32:12,cifar100,12,sampled,unif1,peers,0,0,1.0,p2p,1,15,64,0.1,0.9,0.0005,True,0,60,0.1,1.0,1,,disagreement,1.0,1,0.0,0.5,weight,complete,0.0,0.0,42,0,45000,5000,10000,5640048,epoch,9,0.1,1,1.0,100.77,0.31054166666666666,0.03689361865176988,0.2328,0.3821,0.3653,0.05475833333333335,0.30960000000000004,0.361,0.5474484848484847,0.5580488600073802,0.5496666666666666,0.5669665369139909,0.31054166666666666,resnet32,0.2834,0.282,2.6456600576639175,2.404586917466738,0.2410731413189999,resnet32,0.3167,0.313,2.7261227582666008,2.4714985093609854,0.2546242474662987,resnet32,0.343,0.3368,2.651631245558912,2.4210745836184784,0.23055666058578275,resnet32,0.2969,0.2974,2.635233102196997,2.3725966990671377,0.26263640219853684,resnet32,0.3395,0.3416,2.661611699753187,2.4258688529106704,0.23574284569952975,resnet32,0.3369,0.3344,2.612588220360604,2.3839770074595106,0.2286112091334706,resnet32,0.2809,0.288,2.6673402068289844,2.428243623538451,0.2390965857881714,resnet32,0.2879,0.2878,2.764391606504267,2.499078094620596,0.26531350667673076,resnet32,0.2328,0.2368,2.6684097214178606,2.4232818524945867,0.2451278693677688,resnet32,0.3821,0.37,2.613039056685838,2.3577244991267268,0.2553145563949577,resnet32,0.3028,0.297,2.664502618157051,2.4156894604252144,0.24881315635601906,resnet32,0.3236,0.3304,2.7422201470895247,2.485791614617814,0.25642853016457096,4500000.0,0.0,18000000.0,180000000.0,2160000000.0
resnet32x12_cifar100_K12_unif1_seed0001_d020p,d020p,resnet32:12,cifar100,12,sampled,unif1,peers,0,0,1.0,p2p,1,15,64,0.1,0.9,0.0005,True,0,60,0.1,1.0,1,,disagreement,1.0,1,0.0,0.5,weight,complete,0.0,0.0,42,0,45000,5000,10000,5640048,epoch,10,0.1,1,1.0,101.42,0.3112833333333333,0.025270233917046005,0.2623,0.3511,0.3599,0.0486166666666667,0.3111333333333334,0.3652,0.532160606060606,0.5799067991105974,0.540498484848485,0.5773528055512107,0.3112833333333333,resnet32,0.2856,0.2906,2.57677113129334,2.3298793934624302,0.24689173251813787,resnet32,0.2806,0.2762,2.673551570962776,2.4010521842336114,0.2724993826440451,resnet32,0.3283,0.3246,2.605666647580537,2.3456400659951298,0.26002658042125404,resnet32,0.3511,0.3466,2.53746439719742,2.2872425270351497,0.2502218683207916,resnet32,0.32,0.3212,2.6089240680025383,2.350392511622472,0.2585315543480895,resnet32,0.3226,0.3266,2.5812406936152414,2.3337823797694663,0.24745830878700045,resnet32,0.3475,0.3506,2.618311394006014,2.3575374846431343,0.2607739099978723,resnet32,0.3181,0.318,2.7093772149898787,2.4332768573341044,0.276100358735262,resnet32,0.2623,0.2604,2.5924335757101122,2.3500081637704913,0.24242541424676098,resnet32,0.3152,0.321,2.5352705635807733,2.284514759921215,0.2507558025165715,resnet32,0.2976,0.3028,2.586768143725666,2.338508592410521,0.24825955262746324,resnet32,0.3065,0.295,2.672125203704292,2.429687474938956,0.24243772806684402,4500000.0,0.0,18000000.0,198000000.0,2376000000.0
resnet32x12_cifar100_K12_unif1_seed0001_d020p,d020p,resnet32:12,cifar100,12,sampled,unif1,peers,0,0,1.0,p2p,1,15,64,0.1,0.9,0.0005,True,0,60,0.1,1.0,1,,disagreement,1.0,1,0.0,0.5,weight,complete,0.0,0.0,42,0,45000,5000,10000,5640048,epoch,11,0.1,1,1.0,108.92,0.36503333333333327,0.01900637320011953,0.3341,0.3969,0.4233,0.058266666666666744,0.36066666666666664,0.4118,0.5026363636363637,0.5884021348099259,0.507289393939394,0.5958223212959245,0.36503333333333327,resnet32,0.3783,0.3704,2.531947084279223,2.2814447205852377,0.25050236587412655,resnet32,0.3648,0.3638,2.6234277816997333,2.3544435147196054,0.2689842663663016,resnet32,0.3341,0.3324,2.549862330271439,2.2991390304470603,0.25072329954921524,resnet32,0.3491,0.3446,2.4803572739051147,2.2279658908532425,0.2523913809140636,resnet32,0.3752,0.3672,2.560599359429695,2.3026309253817256,0.2579684341326356,resnet32,0.3827,0.3738,2.5494161945852367,2.2840937326916237,0.2653224635445936,resnet32,0.3817,0.3902,2.5889356644316153,2.3144356582991104,0.27450000602667307,resnet32,0.3575,0.3448,2.6425895006819204,2.3777568304741923,0.2648326756898314,resnet32,0.3463,0.3396,2.556315277449109,2.2934496594084934,0.26286562121557916,resnet32,0.3756,0.3712,2.4773459414189514,2.225366470996629,0.2519794695756652,resnet32,0.3969,0.385,2.548603593795137,2.2815778968347744,0.2670257004528222,resnet32,0.3382,0.345,2.6481746843254026,2.387373561039567,0.2608011200473728,4500000.0,0.0,18000000.0,216000000.0,2592000000.0
resnet32x12_cifar100_K12_unif1_seed0001_d020p,d020p,resnet32:12,cifar100,12,sampled,unif1,peers,0,0,1.0,p2p,1,15,64,0.1,0.9,0.0005,True,0,60,0.1,1.0,1,,disagreement,1.0,1,0.0,0.5,weight,complete,0.0,0.0,42,0,45000,5000,10000,5640048,epoch,12,0.1,1,1.0,101.2,0.3546416666666667,0.029327190407917064,0.2869,0.4076,0.4194,0.0647583333333333,0.34626666666666667,0.4126,0.5261878787878788,0.5486918034529691,0.5282530303030303,0.5597534021134338,0.3546416666666667,resnet32,0.3587,0.354,2.5028422855856745,2.2345975827087057,0.2682447044221176,resnet32,0.3675,0.3566,2.5514776032756674,2.2897204841402443,0.26175712199289014,resnet32,0.3559,0.3412,2.481928389519453,2.238490218804641,0.24343817063014617,resnet32,0.3816,0.3708,2.432857997546142,2.177519042044878,0.25533895630558784,resnet32,0.354,0.346,2.528140330517834,2.2644810014489023,0.26365933046591555,resnet32,0.3599,0.3504,2.4561754835938867,2.209849278696559,0.2463262063789774,resnet32,0.3343,0.3254,2.495847085490823,2.247671130875295,0.24817595393820244,resnet32,0.3414,0.3298,2.5623088421469387,2.3168797012079847,0.24542914125645024,resnet32,0.3275,0.3252,2.4771983208642765,2.22916443256492,0.24803389454345134,resnet32,0.3804,0.3736,2.4294795603914694,2.172036401080814,0.25744315901432524,resnet32,0.4076,0.398,2.484857530587099,2.2239873583682557,0.2608701684512198,resnet32,0.2869,0.2842,2.6856180310926656,2.350819716230035,0.33479831052351405,4500000.0,0.0,18000000.0,234000000.0,2808000000.0
resnet32x12_cifar100_K12_unif1_seed0001_d020p,d020p,resnet32:12,cifar100,12,sampled,unif1,peers,0,0,1.0,p2p,1,15,64,0.1,0.9,0.0005,True,0,60,0.1,1.0,1,,disagreement,1.0,1,0.0,0.5,weight,complete,0.0,0.0,42,0,45000,5000,10000,5640048,epoch,13,0.1,1,1.0,100.94,0.34253333333333336,0.026621524290610318,0.2999,0.3948,0.4035,0.06096666666666667,0.3324,0.394,0.5503454545454544,0.5494856086779719,0.5487393939393941,0.5539715937052048,0.34253333333333336,resnet32,0.327,0.3176,2.4278959430415523,2.17827353423292,0.24962240842763672,resnet32,0.2999,0.2936,2.557484409687194,2.247720784761689,0.30976362397301604,resnet32,0.3806,0.367,2.45800442146984,2.1975606090643187,0.26044380939988926,resnet32,0.3478,0.3426,2.3733950220048428,2.115000118078156,0.25839490155604755,resnet32,0.316,0.304,2.4985877412625332,2.2243574617261235,0.27423027667894284,resnet32,0.3635,0.3584,2.4482471631331877,2.168690774759108,0.27955638970756397,resnet32,0.3948,0.3802,2.4812229214744135,2.2171419726854023,0.26408095071515575,resnet32,0.3184,0.3112,2.6249984384260396,2.29873968237503,0.3262587498069148,resnet32,0.3578,0.3462,2.4335615441880445,2.1835289558565076,0.25003259019418195,resnet32,0.3271,0.314,2.4258739328519865,2.140735051171346,0.28513888659125025,resnet32,0.3364,0.3196,2.4795675491067497,2.1986669332466344,0.2809006147806279,resnet32,0.3411,0.3344,2.5577666999941524,2.279838161204349,0.2779285352338444,4500000.0,0.0,18000000.0,252000000.0,3024000000.0
resnet32x12_cifar100_K12_unif1_seed0001_d020p,d020p,resnet32:12,cifar100,12,sampled,unif1,peers,0,0,1.0,p2p,1,15,64,0.1,0.9,0.0005,True,0,60,0.1,1.0,1,,disagreement,1.0,1,0.0,0.5,weight,complete,0.0,0.0,42,0,45000,5000,10000,5640048,epoch,14,0.1,1,1.0,105.77,0.31892500000000007,0.039821437379883716,0.2522,0.3748,0.3676,0.04867499999999991,0.3181833333333333,0.3644,0.5377575757575759,0.5663189112899731,0.544789393939394,0.5567128201375947,0.31892500000000007,resnet32,0.3748,0.3732,2.3988628931004894,2.138169377026233,0.2606935162859207,resnet32,0.3193,0.3242,2.477696428244764,2.2001472098583523,0.27754921900023793,resnet32,0.2936,0.2874,2.4346118564294144,2.153244997798042,0.28136686151000584,resnet32,0.2952,0.2898,2.384226509285244,2.0955473367463457,0.2886791713112457,resnet32,0.3652,0.3616,2.460916128517552,2.1813229701735755,0.2795931559310041,resnet32,0.3549,0.3556,2.4076419708065013,2.1316823908551172,0.2759595765435899,resnet32,0.364,0.3676,2.4378504817458717,2.1664940868927673,0.27135639267296274,resnet32,0.2766,0.2788,2.560157831419598,2.249993645501408,0.31016419118862937,resnet32,0.325,0.3228,2.4340968259017575,2.162122688848864,0.27197414088401606,resnet32,0.2681,0.272,2.3866636399179697,2.107439649376002,0.2792239952409132,resnet32,0.3382,0.3304,2.413969464938749,2.140618360008706,0.2733511008237573,resnet32,0.2522,0.2548,2.5028811332515697,2.220385794443163,0.28249534139071,4500000.0,0.0,18000000.0,270000000.0,3240000000.0
