run_id,run_tag,cohort,dataset,K,arm,arm_label,target,seed,epochs,batch_size,base_lr,momentum,weight_decay,nesterov,graph_seed,lr_step,lr_gamma,kd_T,k_matchings,k_anneal,match_weight,kappa,rematch_every_epochs,recency_lambda,recency_gamma,peel_weighting,graph,label_noise_rate,actual_noise_rate,noise_seed,split_seed,n_train,n_valid,n_test,cohort_params,epoch,lr,k_current,epoch_seconds,avg_test_acc,std_test_acc,min_test_acc,max_test_acc,ensemble_test_acc,ens_minus_avg_test,avg_val_acc,ensemble_val_acc,disagreement_val,rho_val,disagreement_test,rho_test,avg_test_acc_resnet32,model_00_arch,model_00_test_acc,model_00_val_acc,model_00_train_loss,model_00_ce_loss,model_00_kd_loss,model_01_arch,model_01_test_acc,model_01_val_acc,model_01_train_loss,model_01_ce_loss,model_01_kd_loss,model_02_arch,model_02_test_acc,model_02_val_acc,model_02_train_loss,model_02_ce_loss,model_02_kd_loss,model_03_arch,model_03_test_acc,model_03_val_acc,model_03_train_loss,model_03_ce_loss,model_03_kd_loss,model_04_arch,model_04_test_acc,model_04_val_acc,model_04_train_loss,model_04_ce_loss,model_04_kd_loss,model_05_arch,model_05_test_acc,model_05_val_acc,model_05_train_loss,model_05_ce_loss,model_05_kd_loss,model_06_arch,model_06_test_acc,model_06_val_acc,model_06_train_loss,model_06_ce_loss,model_06_kd_loss,model_07_arch,model_07_test_acc,model_07_val_acc,model_07_train_loss,model_07_ce_loss,model_07_kd_loss,model_08_arch,model_08_test_acc,model_08_val_acc,model_08_train_loss,model_08_ce_loss,model_08_kd_loss,model_09_arch,model_09_test_acc,model_09_val_acc,model_09_train_loss,model_09_ce_loss,model_09_kd_loss,model_10_arch,model_10_test_acc,model_10_val_acc,model_10_train_loss,model_10_ce_loss,model_10_kd_loss,model_11_arch,model_11_test_acc,model_11_val_acc,model_11_train_loss,model_11_ce_loss,model_11_kd_loss,comm_logit_floats_epoch,comm_matcher_ints_epoch,comm_bytes_epoch,comm_bytes_cum,comm_bytes_cum_cohort
resnet32x12_cifar100_K12_topo-rregular3_seed0003_d011,d011,resnet32:12,cifar100,12,topology,topo-rregular3,peers,3,200,64,0.1,0.9,0.0005,True,3,60,0.1,1.0,1,,disagreement,1.0,1,0.0,0.5,weight,rregular:3,0.0,0.0,42,0,45000,5000,10000,5640048,0,0.1,3,109.64,0.026225,0.014832516363269807,0.01,0.0643,0.0512,0.024975000000000004,0.026966666666666667,0.052,0.8502757575757576,0.17670266549179878,0.8502757575757577,0.17714581438270868,0.026225,resnet32,0.0309,0.034,4.657938974147493,4.592388032512232,0.06555094205573782,resnet32,0.0168,0.0178,4.675751339305531,4.6188492944294754,0.05690205002710255,resnet32,0.0643,0.0662,4.579598584635691,4.453494413332506,0.1261041763169818,resnet32,0.0348,0.0382,4.647875679487532,4.571815938434818,0.07605974848477424,resnet32,0.0332,0.0344,4.646653871644627,4.5575645775957545,0.08908929373303015,resnet32,0.0303,0.0324,4.694262613627044,4.609276533804157,0.08498607773237216,resnet32,0.0196,0.0206,4.712456051598895,4.621706184338439,0.09074986929970857,resnet32,0.0141,0.012,4.748360319571062,4.650117785415866,0.09824253278450422,resnet32,0.0141,0.011,4.709114523773843,4.6352090693332935,0.0739054461924256,resnet32,0.036,0.0348,4.588813723488287,4.50888414951888,0.07992958112035095,resnet32,0.01,0.011,4.767499939284542,4.6438752988522705,0.12362464297058812,resnet32,0.0106,0.0112,4.706371716477654,4.63058565557003,0.07578606491270792,13500000.0,0.0,54000000.0,54000000.0,648000000.0
resnet32x12_cifar100_K12_topo-rregular3_seed0003_d011,d011,resnet32:12,cifar100,12,topology,topo-rregular3,peers,3,200,64,0.1,0.9,0.0005,True,3,60,0.1,1.0,1,,disagreement,1.0,1,0.0,0.5,weight,rregular:3,0.0,0.0,42,0,45000,5000,10000,5640048,1,0.1,3,108.29,0.074525,0.0326692037705237,0.0122,0.1165,0.1033,0.02877500000000001,0.07039999999999999,0.0946,0.7051454545454544,0.3614848199047212,0.7033621212121213,0.3762627481759897,0.074525,resnet32,0.1029,0.0952,4.190658066083085,4.050782761451873,0.13987530577419835,resnet32,0.0532,0.0522,4.443732635541395,4.340960571373051,0.10277205498740924,resnet32,0.1105,0.1008,4.1606101600283925,3.980030458420515,0.18057969936423682,resnet32,0.1165,0.111,4.095680483024228,3.986212219704281,0.10946826774372974,resnet32,0.0965,0.091,4.240103305063465,4.094345215030692,0.14575809120221742,resnet32,0.0885,0.0862,4.218892311169342,4.117509164932099,0.10138314925345847,resnet32,0.0409,0.04,4.5410386533899745,4.468350307507948,0.0726883471996354,resnet32,0.0709,0.0636,4.523898140611974,4.390496677295729,0.13340146813160655,resnet32,0.0326,0.0332,4.583771441470493,4.479182546450333,0.10458889467091384,resnet32,0.105,0.098,4.113105420023203,4.0054569989442825,0.10764842539687049,resnet32,0.0122,0.0104,4.8312540345571255,4.607456143606793,0.2237978947073729,resnet32,0.0646,0.0632,4.512882564894178,4.359410354020921,0.1534722121644088,13500000.0,0.0,54000000.0,108000000.0,1296000000.0
resnet32x12_cifar100_K12_topo-rregular3_seed0003_d011,d011,resnet32:12,cifar100,12,topology,topo-rregular3,peers,3,200,64,0.1,0.9,0.0005,True,3,60,0.1,1.0,1,,disagreement,1.0,1,0.0,0.5,weight,rregular:3,0.0,0.0,42,0,45000,5000,10000,5640048,2,0.1,3,108.24,0.1307333333333333,0.02625075660285284,0.0805,0.1612,0.1518,0.021066666666666678,0.1278166666666667,0.1492,0.5953333333333335,0.5348703978424297,0.5956378787878788,0.5279047933331056,0.1307333333333333,resnet32,0.1612,0.1582,3.691981665790081,3.5724316957322033,0.11954997411124747,resnet32,0.1211,0.1108,3.910473221404986,3.7839290018786085,0.1265442207751965,resnet32,0.1544,0.1512,3.7728941183198583,3.56116213243116,0.21173198203640906,resnet32,0.16,0.158,3.6005135974423452,3.5026784596795384,0.09783513888462701,resnet32,0.1567,0.1548,3.806352461603555,3.5945207534188572,0.2118317018559372,resnet32,0.1376,0.134,3.717615506188436,3.606952938843857,0.1106625672281635,resnet32,0.0965,0.0948,4.095103961161592,3.9374738460914656,0.1576301077571274,resnet32,0.1343,0.1342,3.837875987318429,3.7231673662635414,0.11470862143588337,resnet32,0.0957,0.0908,3.9498307559300554,3.8264333209530874,0.12339743709361012,resnet32,0.1435,0.143,3.6072299063883047,3.504777438599955,0.10245246926999906,resnet32,0.0805,0.0778,4.613370029425079,4.266632620583881,0.34673740956085647,resnet32,0.1273,0.1262,3.7525627626614138,3.6367083083499563,0.11585445672442968,13500000.0,0.0,54000000.0,162000000.0,1944000000.0
resnet32x12_cifar100_K12_topo-rregular3_seed0003_d011,d011,resnet32:12,cifar100,12,topology,topo-rregular3,peers,3,200,64,0.1,0.9,0.0005,True,3,60,0.1,1.0,1,,disagreement,1.0,1,0.0,0.5,weight,rregular:3,0.0,0.0,42,0,45000,5000,10000,5640048,3,0.1,3,108.59,0.17337499999999997,0.022634123390727255,0.1384,0.2103,0.1943,0.020925000000000027,0.16781666666666664,0.1834,0.545518181818182,0.604904115261962,0.5456590909090908,0.6073433594600209,0.17337499999999997,resnet32,0.1599,0.148,3.328045143999837,3.1916633414273914,0.13638179917523469,resnet32,0.1817,0.1756,3.4877317287027836,3.337734018875794,0.14999770517037672,resnet32,0.196,0.1848,3.3773015713827177,3.216325046325272,0.16097652554427358,resnet32,0.2019,0.197,3.2394647859036922,3.1087975014339793,0.13066728177099404,resnet32,0.1493,0.146,3.3521948880092665,3.1881858056241814,0.16400907923128794,resnet32,0.1907,0.185,3.34256822751327,3.1975226016207174,0.14504562428390438,resnet32,0.1487,0.1502,3.5842700888487427,3.4482572600245476,0.13601282361725514,resnet32,0.1725,0.1654,3.4276936233721,3.2962239642034876,0.1314696605232629,resnet32,0.1519,0.1498,3.4912836141884327,3.354368172924627,0.13691544100980868,resnet32,0.2103,0.2002,3.234020160341805,3.103587311099876,0.13043284891384907,resnet32,0.1384,0.1372,3.644138204780492,3.466179933398962,0.17795826653441923,resnet32,0.1792,0.1746,3.3315383324568923,3.187888742847876,0.14364959022284232,13500000.0,0.0,54000000.0,216000000.0,2592000000.0
resnet32x12_cifar100_K12_topo-rregular3_seed0003_d011,d011,resnet32:12,cifar100,12,topology,topo-rregular3,peers,3,200,64,0.1,0.9,0.0005,True,3,60,0.1,1.0,1,,disagreement,1.0,1,0.0,0.5,weight,rregular:3,0.0,0.0,42,0,45000,5000,10000,5640048,4,0.1,3,108.45,0.24883333333333335,0.019390948633032083,0.2213,0.2764,0.2911,0.042266666666666675,0.24691666666666665,0.285,0.5601545454545456,0.577408088777028,0.5591590909090911,0.5717328086862423,0.24883333333333335,resnet32,0.2399,0.2298,3.0605284541167994,2.9006592191078444,0.15986923640593886,resnet32,0.2286,0.2264,3.150968456810171,2.9797949851913885,0.1711734700101343,resnet32,0.2697,0.2656,3.0919499065388334,2.9213117787783798,0.17063813292506066,resnet32,0.2764,0.2774,2.9712393314323644,2.8123402653092686,0.15889906528702175,resnet32,0.254,0.2476,3.057672294703397,2.8853751305829394,0.17229716553860766,resnet32,0.266,0.2628,3.0484382544051516,2.871839372610504,0.17659888353029435,resnet32,0.2213,0.2182,3.2021852230483834,3.044553092596206,0.15763212977485222,resnet32,0.2523,0.2488,3.1156954226846043,2.9611197889528493,0.1545756321548569,resnet32,0.222,0.2264,3.1793391701172697,3.020246437666091,0.1590927316786044,resnet32,0.2584,0.261,2.9695757149972697,2.8118181408128957,0.1577575748616999,resnet32,0.2272,0.2232,3.1652967838401143,2.994237806648016,0.1710589767476036,resnet32,0.2702,0.2758,3.0487651520154695,2.8796393905173647,0.1691257624082606,13500000.0,0.0,54000000.0,270000000.0,3240000000.0
resnet32x12_cifar100_K12_topo-rregular3_seed0003_d011,d011,resnet32:12,cifar100,12,topology,topo-rregular3,peers,3,200,64,0.1,0.9,0.0005,True,3,60,0.1,1.0,1,,disagreement,1.0,1,0.0,0.5,weight,rregular:3,0.0,0.0,42,0,45000,5000,10000,5640048,5,0.1,3,108.58,0.2897833333333333,0.024049422492488717,0.246,0.3376,0.3325,0.042716666666666736,0.2838,0.3226,0.5163666666666668,0.6149590535316605,0.5207181818181817,0.6146201568834682,0.2897833333333333,resnet32,0.2926,0.2904,2.871388701891357,2.6904154866933823,0.18097321822477336,resnet32,0.246,0.2398,2.934094553305344,2.739974821494384,0.194119732467119,resnet32,0.3001,0.2964,2.9016808359460398,2.7081852694126693,0.19349557095715267,resnet32,0.3376,0.3336,2.791401508179578,2.6092183496803045,0.182183158329942,resnet32,0.2662,0.2606,2.860610110177235,2.668565371158448,0.1920447391881184,resnet32,0.2961,0.29,2.8390938548201863,2.6354605426842515,0.20363330949013206,resnet32,0.2866,0.2798,2.9460667375136507,2.76322862776843,0.18283811332234604,resnet32,0.2837,0.2728,2.9041022089394657,2.7281603013927285,0.17594190972687845,resnet32,0.2748,0.2726,2.9682382084429264,2.784132956781171,0.18410525572570888,resnet32,0.3297,0.3222,2.783626729453152,2.604587225582112,0.1790395031937144,resnet32,0.2775,0.2688,2.914938612756404,2.727333713322878,0.1876049026719887,resnet32,0.2865,0.2786,2.8393171138384123,2.6508010652932255,0.18851605195298113,13500000.0,0.0,54000000.0,324000000.0,3888000000.0
resnet32x12_cifar100_K12_topo-rregular3_seed0003_d011,d011,resnet32:12,cifar100,12,topology,topo-rregular3,peers,3,200,64,0.1,0.9,0.0005,True,3,60,0.1,1.0,1,,disagreement,1.0,1,0.0,0.5,weight,rregular:3,0.0,0.0,42,0,45000,5000,10000,5640048,6,0.1,3,108.75,0.2804583333333333,0.03240430676965984,0.2162,0.3335,0.3257,0.04524166666666668,0.28140000000000004,0.327,0.5423606060606061,0.5652060553528983,0.5492954545454544,0.5618388201702527,0.2804583333333333,resnet32,0.2305,0.2228,2.7364645292135803,2.5395522872832688,0.19691224313679745,resnet32,0.2162,0.2148,2.7870207991112363,2.575993473387577,0.211027321617373,resnet32,0.2841,0.2856,2.7859080762348394,2.5750886777585205,0.21081939856098456,resnet32,0.2581,0.265,2.663442425091158,2.465506302192807,0.19793612285601822,resnet32,0.2786,0.2936,2.732537818903273,2.524370551955971,0.20816726531748744,resnet32,0.2942,0.2928,2.7035727060653945,2.4811509014530615,0.22242180821062488,resnet32,0.2993,0.3036,2.782487381249666,2.58486014672301,0.1976272384636104,resnet32,0.2995,0.3022,2.7744752409105953,2.58235117522153,0.19212406219660558,resnet32,0.2924,0.2754,2.8259571617977186,2.6281518306244505,0.19780532840046694,resnet32,0.3335,0.3368,2.6570613346993923,2.460771467706019,0.19628986885601823,resnet32,0.2628,0.2654,2.7667699263177137,2.563931714912707,0.20283821295015514,resnet32,0.3163,0.3188,2.7054395093159243,2.499819752336903,0.2056197545448826,13500000.0,0.0,54000000.0,378000000.0,4536000000.0
resnet32x12_cifar100_K12_topo-rregular3_seed0003_d011,d011,resnet32:12,cifar100,12,topology,topo-rregular3,peers,3,200,64,0.1,0.9,0.0005,True,3,60,0.1,1.0,1,,disagreement,1.0,1,0.0,0.5,weight,rregular:3,0.0,0.0,42,0,45000,5000,10000,5640048,7,0.1,3,108.23,0.3226333333333333,0.016283290685716923,0.2886,0.3561,0.3639,0.041266666666666674,0.32221666666666665,0.359,0.4787393939393941,0.6299697757406607,0.48486363636363655,0.6281836049910667,0.3226333333333333,resnet32,0.3304,0.3256,2.642933550883423,2.429053010757674,0.21388054158623246,resnet32,0.2886,0.288,2.6814273937859316,2.4567110022021965,0.2247163892765953,resnet32,0.3356,0.3282,2.707015186886896,2.4798261060972107,0.22718908536163243,resnet32,0.3561,0.3458,2.569103520194238,2.3554743980480866,0.21362912297164174,resnet32,0.3258,0.3296,2.6381320784037765,2.415649421682412,0.2224826582030139,resnet32,0.3248,0.3284,2.6024036412550644,2.3634093849157747,0.238994257545776,resnet32,0.3084,0.3132,2.6752961694516917,2.4615613029084424,0.21373486216180027,resnet32,0.3153,0.322,2.674999962137504,2.468077132309025,0.20692283198745412,resnet32,0.3053,0.3138,2.7222539247436957,2.5077177697623316,0.21453615618784996,resnet32,0.3315,0.331,2.5581077628514985,2.345566191625866,0.21254156959581783,resnet32,0.3222,0.3198,2.6518300900405105,2.4349346448752014,0.21689544448798354,resnet32,0.3276,0.3212,2.6054822504520416,2.384941664270379,0.22054058980112048,13500000.0,0.0,54000000.0,432000000.0,5184000000.0
resnet32x12_cifar100_K12_topo-rregular3_seed0003_d011,d011,resnet32:12,cifar100,12,topology,topo-rregular3,peers,3,200,64,0.1,0.9,0.0005,True,3,60,0.1,1.0,1,,disagreement,1.0,1,0.0,0.5,weight,rregular:3,0.0,0.0,42,0,45000,5000,10000,5640048,8,0.1,3,107.99,0.36504166666666665,0.020506887393155395,0.3101,0.3905,0.4175,0.05245833333333333,0.35638333333333333,0.4064,0.4951757575757574,0.5911923513498031,0.4962166666666667,0.5994352885005275,0.36504166666666665,resnet32,0.3101,0.3174,2.563809409398924,2.3348762376064602,0.22893316825767132,resnet32,0.3637,0.3442,2.581138228320263,2.3473164071752266,0.23382181754674425,resnet32,0.3542,0.3412,2.6386980177326635,2.3899473700333727,0.24875064103186809,resnet32,0.3893,0.377,2.489913694729859,2.26350539651784,0.22640829628587447,resnet32,0.3751,0.3656,2.5497281602160498,2.3164056189019573,0.23332254277457568,resnet32,0.3693,0.3616,2.5198815422640606,2.265441521494226,0.25444002532061527,resnet32,0.3624,0.356,2.57751690460877,2.350061323324388,0.22745558433234692,resnet32,0.3539,0.3448,2.592617359351028,2.3683337940072473,0.2242835664444349,resnet32,0.3608,0.3568,2.6417593583464622,2.411579906771129,0.23017945104617288,resnet32,0.3661,0.357,2.477043404328552,2.2521184289997276,0.2249249756886539,resnet32,0.3905,0.3808,2.564249497584321,2.332307496023449,0.23194200522266328,resnet32,0.3851,0.3742,2.5196314005350526,2.2898966026577083,0.22973480208946223,13500000.0,0.0,54000000.0,486000000.0,5832000000.0
resnet32x12_cifar100_K12_topo-rregular3_seed0003_d011,d011,resnet32:12,cifar100,12,topology,topo-rregular3,peers,3,200,64,0.1,0.9,0.0005,True,3,60,0.1,1.0,1,,disagreement,1.0,1,0.0,0.5,weight,rregular:3,0.0,0.0,42,0,45000,5000,10000,5640048,9,0.1,3,108.32,0.3370916666666666,0.024518681936207105,0.2791,0.3762,0.3871,0.05000833333333338,0.3358666666666667,0.3808,0.506539393939394,0.5856062126021992,0.5097424242424243,0.5887581559888053,0.3370916666666666,resnet32,0.3196,0.3138,2.49699147739871,2.2577732410281897,0.23921823459254069,resnet32,0.3303,0.334,2.4949340168386698,2.2512002153830095,0.2437338033606383,resnet32,0.3415,0.3288,2.585606286810203,2.325484576550397,0.2601217158900743,resnet32,0.3621,0.3662,2.4298016198656778,2.193544289435853,0.2362573331814598,resnet32,0.3384,0.3462,2.4694851735098795,2.229331749745391,0.24015341978520155,resnet32,0.2791,0.278,2.4507757703011688,2.1887703861363907,0.26200538384728134,resnet32,0.3096,0.3192,2.502089810134335,2.261376154863022,0.2407136550808156,resnet32,0.3762,0.3606,2.5265337677503172,2.290753534910354,0.2357802355492657,resnet32,0.3398,0.337,2.5702194535935465,2.3300893440503967,0.24013011223128575,resnet32,0.3421,0.3446,2.4139629783616825,2.179136564785784,0.23482641311023722,resnet32,0.3504,0.3432,2.4934691822325643,2.2490611845119433,0.2444079985461113,resnet32,0.356,0.3588,2.457450619644739,2.218549307097088,0.238901310833171,13500000.0,0.0,54000000.0,540000000.0,6480000000.0
resnet32x12_cifar100_K12_topo-rregular3_seed0003_d011,d011,resnet32:12,cifar100,12,topology,topo-rregular3,peers,3,200,64,0.1,0.9,0.0005,True,3,60,0.1,1.0,1,,disagreement,1.0,1,0.0,0.5,weight,rregular:3,0.0,0.0,42,0,45000,5000,10000,5640048,10,0.1,3,107.99,0.34795,0.03548895368045292,0.2584,0.4133,0.4041,0.05615000000000003,0.3324333333333333,0.3872,0.5239878787878787,0.5590783703379539,0.5164803030303031,0.579617580435598,0.34795,resnet32,0.333,0.3094,2.4531030605801125,2.204496411437338,0.2486066519367424,resnet32,0.3538,0.3294,2.4387928216972132,2.1890657515349714,0.24972706766460429,resnet32,0.3676,0.3498,2.5366981727155773,2.2683578392660078,0.268340334169228,resnet32,0.36,0.3422,2.3841303717345,2.1377066512676803,0.2464237186676738,resnet32,0.2584,0.2482,2.4181880304081873,2.1700698425146667,0.24811818262308158,resnet32,0.3756,0.366,2.397842726077546,2.1306461185555565,0.26719660771248693,resnet32,0.3212,0.305,2.4437497242946518,2.1977194728837772,0.2460302522151985,resnet32,0.339,0.324,2.4773637896234337,2.2296246948905964,0.2477390943941745,resnet32,0.3606,0.3484,2.5178533514792267,2.268547671423717,0.24930568045767193,resnet32,0.3589,0.3522,2.3696132505481895,2.1267358498139814,0.2428774007765407,resnet32,0.334,0.3146,2.439051450314847,2.186720409515229,0.2523310378998179,resnet32,0.4133,0.4,2.411092561246319,2.1631227606399492,0.2479698016858575,13500000.0,0.0,54000000.0,594000000.0,7128000000.0
resnet32x12_cifar100_K12_topo-rregular3_seed0003_d011,d011,resnet32:12,cifar100,12,topology,topo-rregular3,peers,3,200,64,0.1,0.9,0.0005,True,3,60,0.1,1.0,1,,disagreement,1.0,1,0.0,0.5,weight,rregular:3,0.0,0.0,42,0,45000,5000,10000,5640048,11,0.1,3,108.45,0.379925,0.024404273020654944,0.3351,0.4166,0.4397,0.05977499999999997,0.37368333333333337,0.4326,0.5081606060606061,0.5781458973578664,0.5097681818181818,0.5781421223091703,0.379925,resnet32,0.4023,0.3896,2.4045023352585058,2.1509206501597706,0.25358168268576264,resnet32,0.3609,0.352,2.383585351095958,2.1284117026423868,0.25517365035854955,resnet32,0.3838,0.3786,2.4752521956847473,2.2005539729513903,0.2746982201933861,resnet32,0.3985,0.3826,2.338325546715747,2.0882033526220103,0.2501222000838342,resnet32,0.4021,0.39,2.3613205614753743,2.108056336810643,0.2532642202197828,resnet32,0.3545,0.354,2.348995653065768,2.076855855570598,0.2721398019189523,resnet32,0.3733,0.3682,2.3917850731787356,2.1400702443312514,0.251714827387001,resnet32,0.3351,0.3306,2.423433544622226,2.1693010792474854,0.2541324661367319,resnet32,0.3512,0.3548,2.4569345142015,2.201637403362177,0.25529710920950904,resnet32,0.4166,0.4166,2.315066609023647,2.0683108849281613,0.24675572337582707,resnet32,0.3773,0.374,2.3894692633978347,2.1312286801297557,0.25824058292941615,resnet32,0.4035,0.3932,2.3552823804996232,2.1023409862748603,0.25294139636257157,13500000.0,0.0,54000000.0,648000000.0,7776000000.0
resnet32x12_cifar100_K12_topo-rregular3_seed0003_d011,d011,resnet32:12,cifar100,12,topology,topo-rregular3,peers,3,200,64,0.1,0.9,0.0005,True,3,60,0.1,1.0,1,,disagreement,1.0,1,0.0,0.5,weight,rregular:3,0.0,0.0,42,0,45000,5000,10000,5640048,12,0.1,3,108.0,0.3424166666666666,0.03583098829535995,0.2878,0.3982,0.3968,0.054383333333333395,0.3335833333333333,0.3856,0.5186333333333331,0.560610355430194,0.515109090909091,0.5731794104045624,0.3424166666666666,resnet32,0.3767,0.364,2.3766520851376383,2.1168340119448574,0.25981807355260983,resnet32,0.3007,0.2976,2.3596030218018726,2.0972961404106836,0.26230688934976404,resnet32,0.356,0.346,2.436815969476646,2.157876330512491,0.27893964012830774,resnet32,0.2878,0.2832,2.3118552824651655,2.0542299402031032,0.25762534577568824,resnet32,0.2964,0.2914,2.3268815726041794,2.0689221412282097,0.25795942995781923,resnet32,0.3557,0.3434,2.316133752973242,2.041611887514591,0.2745218579234047,resnet32,0.3881,0.3814,2.3517046860334547,2.092149610885165,0.25955507485195994,resnet32,0.3064,0.2986,2.3792785556817595,2.117894708771597,0.26138384477235377,resnet32,0.336,0.32,2.4238397717814553,2.1611685172062027,0.2626712564378977,resnet32,0.3646,0.3566,2.2886376265775072,2.035377482968298,0.2532601446463642,resnet32,0.3982,0.393,2.358871218663725,2.093772242861715,0.2650989733255384,resnet32,0.3424,0.3278,2.3305852831425993,2.0701518062163484,0.26043347758241,13500000.0,0.0,54000000.0,702000000.0,8424000000.0
resnet32x12_cifar100_K12_topo-rregular3_seed0003_d011,d011,resnet32:12,cifar100,12,topology,topo-rregular3,peers,3,200,64,0.1,0.9,0.0005,True,3,60,0.1,1.0,1,,disagreement,1.0,1,0.0,0.5,weight,rregular:3,0.0,0.0,42,0,45000,5000,10000,5640048,13,0.1,3,108.29,0.40780833333333333,0.021730219293775097,0.3645,0.441,0.4697,0.06189166666666668,0.4010500000000001,0.4662,0.481730303030303,0.5810808668989272,0.4788545454545453,0.5970156460504664,0.40780833333333333,resnet32,0.3866,0.3852,2.343157874758948,2.080170265822248,0.2629876062908972,resnet32,0.3853,0.3746,2.3226315092972736,2.0596928017383274,0.2629387047861449,resnet32,0.4057,0.4036,2.4017166795039717,2.124147020280361,0.2775696627795696,resnet32,0.441,0.4334,2.2865439563650978,2.026293308897452,0.2602506478486413,resnet32,0.4055,0.4018,2.2985936547206207,2.0373252491382035,0.26126839978281746,resnet32,0.4197,0.4036,2.289639310572635,2.013555773449215,0.27608353803357616,resnet32,0.4064,0.3976,2.31888587501916,2.056932108984752,0.26195376381193375,resnet32,0.3645,0.3644,2.3467057225379078,2.0847057972780685,0.2619999268896539,resnet32,0.4255,0.4176,2.3922729431228205,2.127230531451377,0.2650424088774757,resnet32,0.4362,0.427,2.2563002001155508,2.0010695730082015,0.2552306268956851,resnet32,0.4238,0.4198,2.318531899966977,2.050834931602532,0.26769696664996445,resnet32,0.3935,0.384,2.2978809274394405,2.0368562586266887,0.2610246641561389,13500000.0,0.0,54000000.0,756000000.0,9072000000.0
resnet32x12_cifar100_K12_topo-rregular3_seed0003_d011,d011,resnet32:12,cifar100,12,topology,topo-rregular3,peers,3,200,64,0.1,0.9,0.0005,True,3,60,0.1,1.0,1,,disagreement,1.0,1,0.0,0.5,weight,rregular:3,0.0,0.0,42,0,45000,5000,10000,5640048,14,0.1,3,109.12,0.34864999999999996,0.05142830770435027,0.2182,0.4017,0.4136,0.06495000000000006,0.3401166666666667,0.3962,0.5343545454545456,0.5569751583398225,0.5281303030303031,0.5645965780760744,0.34864999999999996,resnet32,0.339,0.3234,2.3161387135359375,2.0496866894377903,0.26645202782343735,resnet32,0.2182,0.2132,2.2988198677247222,2.0315238286487083,0.2672960360280492,resnet32,0.3403,0.3218,2.3695724706419488,2.087000074881044,0.2825723967345601,resnet32,0.3792,0.37,2.2622982739386233,1.9979993899098851,0.26429888762702997,resnet32,0.3699,0.3696,2.275602492757819,2.009455035694621,0.26614745291457936,resnet32,0.3911,0.393,2.274132727730003,1.9947542868215928,0.2793784444432028,resnet32,0.4017,0.389,2.293300999328494,2.028170010074973,0.26513099105266685,resnet32,0.3191,0.3036,2.3229328617453575,2.0548969348045913,0.26803592418913136,resnet32,0.2833,0.2806,2.3656689036976206,2.0958269621160897,0.26984193961305375,resnet32,0.3684,0.3634,2.2440594378858805,1.9833901663395492,0.2606692741074684,resnet32,0.3793,0.363,2.2943671867251396,2.024158836765723,0.2702083528803831,resnet32,0.3943,0.3908,2.2826563511043787,2.0158111910251053,0.2668451577721333,13500000.0,0.0,54000000.0,810000000.0,9720000000.0
resnet32x12_cifar100_K12_topo-rregular3_seed0003_d011,d011,resnet32:12,cifar100,12,topology,topo-rregular3,peers,3,200,64,0.1,0.9,0.0005,True,3,60,0.1,1.0,1,,disagreement,1.0,1,0.0,0.5,weight,rregular:3,0.0,0.0,42,0,45000,5000,10000,5640048,15,0.1,3,108.25,0.38336666666666663,0.022506011542598025,0.3457,0.4162,0.4419,0.05853333333333338,0.37755,0.4356,0.4898484848484847,0.5871268154959406,0.4958545454545453,0.5903721293954135,0.38336666666666663,resnet32,0.3828,0.3702,2.2997472704472868,2.0302395573393865,0.26950771611353214,resnet32,0.4095,0.4022,2.2826319921084424,2.0119697026569736,0.27066229133528064,resnet32,0.4117,0.398,2.3415176905691624,2.0585617350245062,0.2829559534068473,resnet32,0.3736,0.3778,2.238594437187368,1.9713468077507885,0.2672476289285855,resnet32,0.3567,0.3528,2.256696443835443,1.9880154586651109,0.26868098051371897,resnet32,0.4162,0.4116,2.246447380293499,1.966499966823242,0.2799474121791057,resnet32,0.3591,0.3596,2.272949739443985,2.003996779634194,0.26895296143960545,resnet32,0.3886,0.381,2.300622627816417,2.029915654523806,0.2707069739276035,resnet32,0.3987,0.3834,2.3406501031396063,2.068897297944535,0.27175280574539845,resnet32,0.3457,0.336,2.2336618619208988,1.968132329766046,0.26552952980537986,resnet32,0.393,0.3924,2.275976262817329,2.0026384170421143,0.2733378460292112,resnet32,0.3648,0.3656,2.263866612179713,1.9938604645431042,0.270006145096638,13500000.0,0.0,54000000.0,864000000.0,10368000000.0
resnet32x12_cifar100_K12_topo-rregular3_seed0003_d011,d011,resnet32:12,cifar100,12,topology,topo-rregular3,peers,3,200,64,0.1,0.9,0.0005,True,3,60,0.1,1.0,1,,disagreement,1.0,1,0.0,0.5,weight,rregular:3,0.0,0.0,42,0,45000,5000,10000,5640048,16,0.1,3,108.09,0.2994333333333333,0.09282123799121741,0.1534,0.4202,0.3671,0.06766666666666671,0.29431666666666667,0.3596,0.6040999999999999,0.5066765909346121,0.6062772727272727,0.5075519691186644,0.2994333333333333,resnet32,0.2781,0.2712,2.2843283084644512,2.0086149112744764,0.275713396851312,resnet32,0.4133,0.407,2.269548131830313,1.996095208959146,0.27345292397182097,resnet32,0.2727,0.2604,2.32533976029266,2.0403379833495077,0.28500177592716436,resnet32,0.2507,0.2324,2.2373236885124985,1.965948174622926,0.2713755113707686,resnet32,0.1534,0.1492,2.2476217147301543,1.976509045640176,0.2711126666770063,resnet32,0.4202,0.4228,2.2243843761018733,1.9412497651170602,0.2831346091856672,resnet32,0.3919,0.3978,2.260216111486608,1.988431750881401,0.27178435937755485,resnet32,0.199,0.182,2.2788120462474497,2.0062130335718393,0.2725990121041171,resnet32,0.3347,0.3296,2.323387636210431,2.0486493561078203,0.27473827760497277,resnet32,0.4067,0.3994,2.204290709373626,1.9395456281913952,0.2647450840185312,resnet32,0.1601,0.1588,2.2611756399273872,1.9837409862401811,0.2774346537718719,resnet32,0.3124,0.3212,2.2493929737670855,1.9773022070188413,0.27209076657891273,13500000.0,0.0,54000000.0,918000000.0,11016000000.0
resnet32x12_cifar100_K12_topo-rregular3_seed0003_d011,d011,resnet32:12,cifar100,12,topology,topo-rregular3,peers,3,200,64,0.1,0.9,0.0005,True,3,60,0.1,1.0,1,,disagreement,1.0,1,0.0,0.5,weight,rregular:3,0.0,0.0,42,0,45000,5000,10000,5640048,17,0.1,3,108.5,0.38430000000000003,0.024867850731416254,0.3341,0.4375,0.4348,0.05049999999999999,0.37189999999999995,0.4186,0.46704848484848493,0.604875293359934,0.4715030303030301,0.6011942839351556,0.38430000000000003,resnet32,0.382,0.3626,2.2582230271602217,1.9829954968934709,0.2752275309652429,resnet32,0.3341,0.3218,2.2434676587581635,1.96749592741782,0.2759717296046967,resnet32,0.3779,0.3616,2.2959617642177776,2.009916734627702,0.2860450303943997,resnet32,0.3678,0.3664,2.2164491582661867,1.9433397672731767,0.27310938970185816,resnet32,0.3827,0.3716,2.2240330476991157,1.9493945010683753,0.274638546122746,resnet32,0.4375,0.426,2.212098541923545,1.928195402703502,0.2839031429664994,resnet32,0.4168,0.3978,2.232438499954614,1.95775472948497,0.27468377482992684,resnet32,0.366,0.3516,2.260968642817302,1.9850333131511102,0.27593532943336124,resnet32,0.3946,0.3784,2.296443332155997,2.0172408763319254,0.27920245529491117,resnet32,0.3928,0.3826,2.1851629294793713,1.9156906366009603,0.26947229118509725,resnet32,0.3714,0.3658,2.2452348214997486,1.9654385969042778,0.27979622535746207,resnet32,0.388,0.3766,2.236038761382753,1.960043990984559,0.275994771647013,13500000.0,0.0,54000000.0,972000000.0,11664000000.0
resnet32x12_cifar100_K12_topo-rregular3_seed0003_d011,d011,resnet32:12,cifar100,12,topology,topo-rregular3,peers,3,200,64,0.1,0.9,0.0005,True,3,60,0.1,1.0,1,,disagreement,1.0,1,0.0,0.5,weight,rregular:3,0.0,0.0,42,0,45000,5000,10000,5640048,18,0.1,3,108.35,0.37561666666666665,0.043027623556139934,0.2886,0.4249,0.4397,0.06408333333333333,0.3732499999999999,0.4346,0.5123636363636364,0.5777600475793756,0.5123515151515151,0.5971594892288962,0.37561666666666665,resnet32,0.3999,0.393,2.25221982259642,1.9745008144527674,0.27771901030262763,resnet32,0.4006,0.3904,2.2298899841579525,1.9526050087403168,0.27728497253900225,resnet32,0.3597,0.355,2.2825303941287776,1.9945129596374251,0.28801743438552047,resnet32,0.297,0.3016,2.200172956524925,1.9255017939616332,0.27467116578058764,resnet32,0.4196,0.4158,2.2104097581045195,1.9354310144077649,0.27497874293476343,resnet32,0.3917,0.384,2.2017031267962675,1.916654713790525,0.2850484167733653,resnet32,0.343,0.346,2.22059135443785,1.9451109926131638,0.27548036262900993,resnet32,0.2886,0.295,2.2415124626660887,1.9647213984280825,0.2767910578245805,resnet32,0.4036,0.3942,2.282417565753514,2.0035258414731785,0.27889172339134594,resnet32,0.4249,0.4278,2.18226785432886,1.912429515272379,0.26983833782882855,resnet32,0.3808,0.385,2.2242350222712215,1.94373296065764,0.28050206330689514,resnet32,0.398,0.3912,2.2142173422669824,1.9385775551199913,0.27563978505151515,13500000.0,0.0,54000000.0,1026000000.0,12312000000.0
resnet32x12_cifar100_K12_topo-rregular3_seed0003_d011,d011,resnet32:12,cifar100,12,topology,topo-rregular3,peers,3,200,64,0.1,0.9,0.0005,True,3,60,0.1,1.0,1,,disagreement,1.0,1,0.0,0.5,weight,rregular:3,0.0,0.0,42,0,45000,5000,10000,5640048,19,0.1,3,108.35,0.4261,0.01849743225423464,0.394,0.4597,0.4906,0.0645,0.41983333333333334,0.4854,0.47678181818181836,0.5711288892733898,0.47416212121212126,0.5810464171249236,0.4261,resnet32,0.451,0.4392,2.2452603546394543,1.9673157273368402,0.2779446263501251,resnet32,0.394,0.3838,2.22526327656074,1.9484043204310266,0.27685895752669737,resnet32,0.4307,0.4162,2.27873952483589,1.9937831603667953,0.28495636118829926,resnet32,0.4597,0.464,2.1966949979012664,1.9198603130538354,0.27683468406427314,resnet32,0.409,0.403,2.2058003314516763,1.928567698733373,0.2772326370997524,resnet32,0.4393,0.4318,2.188909099860625,1.9044135764918544,0.2844955267130651,resnet32,0.4365,0.4326,2.2166824269701135,1.9408901200037112,0.27579230976037006,resnet32,0.4158,0.408,2.2346064162186603,1.9580633890899746,0.2765430276155133,resnet32,0.42,0.408,2.2695001541552218,1.9903858315876939,0.27911432534032926,resnet32,0.4073,0.4016,2.173547037623145,1.9006598219275475,0.2728872136847878,resnet32,0.4357,0.4338,2.222875476730141,1.9438443165272474,0.27903116221370344,resnet32,0.4142,0.416,2.2129980313845654,1.9363310220228,0.2766670116477392,13500000.0,0.0,54000000.0,1080000000.0,12960000000.0
resnet32x12_cifar100_K12_topo-rregular3_seed0003_d011,d011,resnet32:12,cifar100,12,topology,topo-rregular3,peers,3,200,64,0.1,0.9,0.0005,True,3,60,0.1,1.0,1,,disagreement,1.0,1,0.0,0.5,weight,rregular:3,0.0,0.0,42,0,45000,5000,10000,5640048,20,0.1,3,108.82,0.4111583333333333,0.029708625524509803,0.3612,0.4566,0.4822,0.07104166666666673,0.4041166666666667,0.475,0.49788181818181826,0.5638370402374161,0.4984454545454544,0.5741194329185092,0.4111583333333333,resnet32,0.405,0.3928,2.2313129261813383,1.9510333527895538,0.28027957129630854,resnet32,0.4226,0.4194,2.2175006597218188,1.9374361652880907,0.28006449521688576,resnet32,0.4331,0.4198,2.2574769990010695,1.9692638020285151,0.2882131942209195,resnet32,0.4194,0.4232,2.182985782115297,1.9043470929292114,0.2786386867519468,resnet32,0.4012,0.399,2.2009793023832818,1.9201695868237452,0.28080971710468555,resnet32,0.4533,0.4384,2.1785475598140196,1.8915743194520473,0.28697323318655515,resnet32,0.376,0.3656,2.2037466500293124,1.9261009303683585,0.2776457214600999,resnet32,0.3612,0.3458,2.2252909905192526,1.9460081290453672,0.27928285527212376,resnet32,0.4295,0.42,2.253363990986889,1.9719203009524129,0.28144368969581346,resnet32,0.4566,0.4568,2.1658654524521395,1.8908255980773405,0.27503985119983554,resnet32,0.3681,0.3712,2.2076675659892233,1.9231587362221696,0.2845088298517195,resnet32,0.4079,0.3974,2.2014861895956774,1.9212386030703783,0.2802475899119269,13500000.0,0.0,54000000.0,1134000000.0,13608000000.0
resnet32x12_cifar100_K12_topo-rregular3_seed0003_d011,d011,resnet32:12,cifar100,12,topology,topo-rregular3,peers,3,200,64,0.1,0.9,0.0005,True,3,60,0.1,1.0,1,,disagreement,1.0,1,0.0,0.5,weight,rregular:3,0.0,0.0,42,0,45000,5000,10000,5640048,21,0.1,3,108.56,0.3799416666666667,0.040781295923771506,0.3139,0.4302,0.4475,0.06755833333333333,0.37135,0.431,0.5267121212121214,0.5596175903567706,0.5227075757575758,0.5575023212920865,0.3799416666666667,resnet32,0.3622,0.3526,2.226134452968836,1.9449349673972889,0.28119949132881383,resnet32,0.4043,0.3962,2.2068927411667327,1.9271750035272404,0.2797177389518104,resnet32,0.4071,0.3976,2.243745094334537,1.955418848009272,0.2883262430233034,resnet32,0.4302,0.4118,2.1678714024072345,1.8905256700448014,0.277345733420754,resnet32,0.3151,0.3212,2.1825203628025274,1.9028461799025536,0.2796741769310426,resnet32,0.4257,0.409,2.1672488261352885,1.8814250908114694,0.28582373462532734,resnet32,0.4277,0.4232,2.1870249242267827,1.9083096892996267,0.2787152375517921,resnet32,0.3353,0.3196,2.212221228771589,1.9330983046780934,0.2791229202200405,resnet32,0.3625,0.3568,2.239750222387639,1.9593279471790248,0.28042227772741835,resnet32,0.4023,0.3882,2.1472626741636884,1.8728669907220385,0.2743956833993169,resnet32,0.3139,0.3096,2.2013906814496624,1.9149266119030388,0.28646406935612584,resnet32,0.373,0.3704,2.192915000190789,1.9139066457071088,0.2790083565156568,13500000.0,0.0,54000000.0,1188000000.0,14256000000.0
resnet32x12_cifar100_K12_topo-rregular3_seed0003_d011,d011,resnet32:12,cifar100,12,topology,topo-rregular3,peers,3,200,64,0.1,0.9,0.0005,True,3,60,0.1,1.0,1,,disagreement,1.0,1,0.0,0.5,weight,rregular:3,0.0,0.0,42,0,45000,5000,10000,5640048,22,0.1,3,108.63,0.42345000000000005,0.023685491339636593,0.3529,0.4604,0.4859,0.06244999999999995,0.4168166666666666,0.4822,0.47953636363636365,0.5857818835424232,0.47628181818181814,0.5913020216082125,0.42345000000000005,resnet32,0.4179,0.4098,2.208169547840953,1.9258758967572993,0.2822936470620334,resnet32,0.432,0.426,2.1943871563469823,1.9108842248943718,0.28350293524139986,resnet32,0.3529,0.3582,2.2331116885285485,1.9426155296916312,0.2904961546882987,resnet32,0.4303,0.4178,2.1617699914019215,1.882765526121313,0.27900446411645546,resnet32,0.4309,0.4248,2.179113220084797,1.897700695828958,0.28141252406534145,resnet32,0.4174,0.4056,2.1597465383396908,1.8715269453823566,0.28821959473531356,resnet32,0.4282,0.4192,2.188246406445449,1.9058004780249163,0.2824459310240028,resnet32,0.4221,0.413,2.207000492817976,1.924499048428102,0.2825014461678537,resnet32,0.431,0.4238,2.2400308163328604,1.9559199652549895,0.2841108522420241,resnet32,0.4604,0.451,2.1438349609009246,1.8695156156000765,0.27431934303604066,resnet32,0.4294,0.4166,2.1949347150935368,1.9068245472894474,0.28811016617427493,resnet32,0.4289,0.436,2.1898692556741564,1.9084317973730238,0.2814374599309469,13500000.0,0.0,54000000.0,1242000000.0,14904000000.0
resnet32x12_cifar100_K12_topo-rregular3_seed0003_d011,d011,resnet32:12,cifar100,12,topology,topo-rregular3,peers,3,200,64,0.1,0.9,0.0005,True,3,60,0.1,1.0,1,,disagreement,1.0,1,0.0,0.5,weight,rregular:3,0.0,0.0,42,0,45000,5000,10000,5640048,23,0.1,3,108.76,0.4020916666666667,0.022946439750475944,0.368,0.4394,0.4698,0.06770833333333331,0.3915,0.4558,0.5091515151515151,0.5375922574453551,0.5044984848484848,0.5523249321891014,0.4020916666666667,resnet32,0.3893,0.3778,2.1991653542288323,1.9157841664484956,0.2833811872723428,resnet32,0.3812,0.3742,2.186076467010108,1.9022209307348186,0.28385553223250265,resnet32,0.368,0.3488,2.223493418571624,1.933850460601124,0.28964295697567816,resnet32,0.3751,0.3582,2.1558387215164574,1.875211982733824,0.28062674337574706,resnet32,0.402,0.3948,2.167460033331405,1.8854553393003615,0.2820046931632202,resnet32,0.4355,0.4152,2.1547367102043196,1.864982402629473,0.2897543103264814,resnet32,0.4092,0.3922,2.1685139629989862,1.8890123738145286,0.2795015893749554,resnet32,0.3965,0.3836,2.1922472520646723,1.9094496684318238,0.28279758312485437,resnet32,0.4172,0.42,2.219581529836763,1.9366529158909211,0.28292861640114675,resnet32,0.428,0.4204,2.131799326024272,1.8562347673895685,0.27556456134400586,resnet32,0.4394,0.4356,2.184610357338732,1.8999841379171067,0.28462621582333336,resnet32,0.3837,0.3772,2.174566778608344,1.8917209553447636,0.2828458250415596,13500000.0,0.0,54000000.0,1296000000.0,15552000000.0
resnet32x12_cifar100_K12_topo-rregular3_seed0003_d011,d011,resnet32:12,cifar100,12,topology,topo-rregular3,peers,3,200,64,0.1,0.9,0.0005,True,3,60,0.1,1.0,1,,disagreement,1.0,1,0.0,0.5,weight,rregular:3,0.0,0.0,42,0,45000,5000,10000,5640048,24,0.1,3,108.34,0.3625333333333333,0.032373248558373355,0.3016,0.4078,0.409,0.046466666666666656,0.36023333333333324,0.4054,0.48811818181818173,0.596417749542131,0.49135151515151515,0.5968721578851781,0.3625333333333333,resnet32,0.3997,0.3948,2.20304039594802,1.9191019133749334,0.2839384828694165,resnet32,0.319,0.3156,2.1858206653798167,1.9021319071338936,0.28368876626799727,resnet32,0.3726,0.3776,2.2235128356313165,1.9353967576541684,0.2881160776173188,resnet32,0.3533,0.3578,2.1628510008820077,1.8811720716343685,0.28167892768132413,resnet32,0.4061,0.4044,2.163428467444398,1.8817758644846352,0.28165259885347704,resnet32,0.3511,0.3528,2.149554410272024,1.8621131396767767,0.28744126693345606,resnet32,0.3717,0.3692,2.1700771848925133,1.8877381811087781,0.28233900251375005,resnet32,0.3332,0.327,2.1867848355323076,1.9064177847044035,0.28036705688150093,resnet32,0.3016,0.294,2.2126353689554064,1.9289673697203398,0.28366800052621827,resnet32,0.3801,0.381,2.1312451645393264,1.854266211729158,0.27697895344516094,resnet32,0.4078,0.3978,2.180542652241208,1.894398186694492,0.28614446260458365,resnet32,0.3542,0.3508,2.171516891907562,1.8894241049208425,0.28209278525107284,13500000.0,0.0,54000000.0,1350000000.0,16200000000.0
resnet32x12_cifar100_K12_topo-rregular3_seed0003_d011,d011,resnet32:12,cifar100,12,topology,topo-rregular3,peers,3,200,64,0.1,0.9,0.0005,True,3,60,0.1,1.0,1,,disagreement,1.0,1,0.0,0.5,weight,rregular:3,0.0,0.0,42,0,45000,5000,10000,5640048,25,0.1,3,109.13,0.3688166666666666,0.028897745971307554,0.3309,0.4135,0.432,0.06318333333333337,0.36621666666666663,0.4266,0.5243090909090908,0.5660346640154844,0.5247318181818185,0.5607423145267858,0.3688166666666666,resnet32,0.3902,0.3946,2.1869885210286486,1.902102472599257,0.284886044640602,resnet32,0.3445,0.337,2.1762369916859,1.8917484903200106,0.284488501556387,resnet32,0.4063,0.3924,2.2119979819452222,1.9200145283883268,0.29198345431888645,resnet32,0.3309,0.327,2.153594880957495,1.8709408701820807,0.2826540105425837,resnet32,0.3693,0.3696,2.161544553088871,1.874710800634189,0.2868337516503578,resnet32,0.3917,0.3946,2.148618854751641,1.8568717583336614,0.291747102598575,resnet32,0.3956,0.398,2.161883230913769,1.8788195245645263,0.2830637043172663,resnet32,0.3693,0.3662,2.1814210555431517,1.8978261602195827,0.2835948934820904,resnet32,0.3422,0.3374,2.209762743589553,1.923280288211324,0.2864824553358961,resnet32,0.4135,0.4058,2.1276937955143778,1.8489063200964169,0.27878747294148937,resnet32,0.3411,0.3422,2.1739145674827425,1.8857313546944747,0.2881832127247683,resnet32,0.3312,0.3298,2.1613018236715686,1.8771062913266094,0.28419553143480286,13500000.0,0.0,54000000.0,1404000000.0,16848000000.0
resnet32x12_cifar100_K12_topo-rregular3_seed0003_d011,d011,resnet32:12,cifar100,12,topology,topo-rregular3,peers,3,200,64,0.1,0.9,0.0005,True,3,60,0.1,1.0,1,,disagreement,1.0,1,0.0,0.5,weight,rregular:3,0.0,0.0,42,0,45000,5000,10000,5640048,26,0.1,3,108.04,0.411475,0.02488517379887069,0.3525,0.4473,0.4721,0.06062500000000004,0.4051333333333333,0.4648,0.4866030303030301,0.5867835821680737,0.4843727272727272,0.5910892338498246,0.411475,resnet32,0.4105,0.41,2.1871076974679124,1.9041521263054826,0.2829555728980763,resnet32,0.422,0.4216,2.179767583412203,1.8936427437107672,0.28612484031526203,resnet32,0.3525,0.3444,2.21039796451276,1.9219471355053512,0.2884508282454176,resnet32,0.4119,0.4144,2.149873840876601,1.8688718603754586,0.2810019801201468,resnet32,0.3948,0.3924,2.1663357578217983,1.8815391024743968,0.28479665638455615,resnet32,0.4365,0.4302,2.1432321268049153,1.8539802950214257,0.2892518281216987,resnet32,0.4473,0.4454,2.1583689654415306,1.8744091174819253,0.2839598512192341,resnet32,0.4262,0.4142,2.182432573119348,1.9014759791845626,0.2809565918604759,resnet32,0.3886,0.3828,2.2037893125618044,1.919187872077931,0.2846014402722093,resnet32,0.4376,0.4218,2.127098340879787,1.8501098904420028,0.2769884481941434,resnet32,0.4134,0.3904,2.172890403731303,1.885499606416984,0.2873907928693701,resnet32,0.3964,0.394,2.1623989174311813,1.878781272945079,0.28361764531159267,13500000.0,0.0,54000000.0,1458000000.0,17496000000.0
resnet32x12_cifar100_K12_topo-rregular3_seed0003_d011,d011,resnet32:12,cifar100,12,topology,topo-rregular3,peers,3,200,64,0.1,0.9,0.0005,True,3,60,0.1,1.0,1,,disagreement,1.0,1,0.0,0.5,weight,rregular:3,0.0,0.0,42,0,45000,5000,10000,5640048,27,0.1,3,108.65,0.4359,0.026282852458082498,0.3917,0.473,0.5101,0.07419999999999999,0.4261333333333333,0.4994,0.4828636363636363,0.5709869674991874,0.47844999999999976,0.5778555082636971,0.4359,resnet32,0.4087,0.388,2.1798280983824623,1.8921958843076772,0.28763221589509735,resnet32,0.4208,0.4138,2.1652219160036608,1.8789179524914785,0.2863039597233927,resnet32,0.4484,0.445,2.192125279117714,1.9013457030735232,0.2907795768273486,resnet32,0.3967,0.3862,2.136985484849323,1.8517638001252303,0.2852216880895536,resnet32,0.4592,0.4488,2.1478138855573805,1.8623003453354945,0.28551354111087596,resnet32,0.4317,0.4214,2.1346366366540845,1.8442659362811933,0.2903707010713829,resnet32,0.3917,0.3888,2.146921582181345,1.8618076653643088,0.28511391719803214,resnet32,0.4649,0.4558,2.1676403651521965,1.8824643287807703,0.28517603277313436,resnet32,0.4646,0.456,2.1922309407117693,1.9045475502921776,0.2876833883029493,resnet32,0.473,0.4626,2.110967719250105,1.8312383558262477,0.2797293659849939,resnet32,0.4295,0.419,2.160368947481567,1.8709997158836236,0.2893692294601351,resnet32,0.4416,0.4282,2.154862904074517,1.8688024075871164,0.2860604990273714,13500000.0,0.0,54000000.0,1512000000.0,18144000000.0
resnet32x12_cifar100_K12_topo-rregular3_seed0003_d011,d011,resnet32:12,cifar100,12,topology,topo-rregular3,peers,3,200,64,0.1,0.9,0.0005,True,3,60,0.1,1.0,1,,disagreement,1.0,1,0.0,0.5,weight,rregular:3,0.0,0.0,42,0,45000,5000,10000,5640048,28,0.1,3,108.28,0.4094666666666667,0.028420483614620094,0.3514,0.4446,0.4753,0.0658333333333333,0.4031,0.4672,0.4965484848484849,0.5727531591411844,0.4926060606060606,0.580019886082069,0.4094666666666667,resnet32,0.4446,0.4356,2.171601444821466,1.8875580450350589,0.2840433922299946,resnet32,0.3997,0.3974,2.155726759948514,1.870756818997589,0.28496994207274506,resnet32,0.4173,0.4094,2.1916089112108406,1.900209816172719,0.291399094466628,resnet32,0.3789,0.3722,2.134983515366912,1.85049134475941,0.28449216893535445,resnet32,0.3722,0.373,2.1431045327335596,1.8575822372328152,0.28552229215644975,resnet32,0.4069,0.3914,2.125543138350953,1.8364368492568082,0.28910628699866886,resnet32,0.3514,0.3458,2.143511388112198,1.8586974243887446,0.28481396310962737,resnet32,0.4432,0.4366,2.1591206274249335,1.8752163352275437,0.28390429374253884,resnet32,0.4078,0.398,2.1892789849503473,1.903885570270094,0.28539341561157594,resnet32,0.4349,0.4302,2.111601060764356,1.8312265373427759,0.28037452297708526,resnet32,0.4354,0.4284,2.1536645604805513,1.8637121604247526,0.2899523943196982,resnet32,0.4213,0.4192,2.1501415238123047,1.8635035091164438,0.2866380103355782,13500000.0,0.0,54000000.0,1566000000.0,18792000000.0
resnet32x12_cifar100_K12_topo-rregular3_seed0003_d011,d011,resnet32:12,cifar100,12,topology,topo-rregular3,peers,3,200,64,0.1,0.9,0.0005,True,3,60,0.1,1.0,1,,disagreement,1.0,1,0.0,0.5,weight,rregular:3,0.0,0.0,42,0,45000,5000,10000,5640048,29,0.1,3,108.33,0.37929999999999997,0.02485591814169548,0.318,0.4144,0.4219,0.04260000000000003,0.37258333333333343,0.4162,0.4538818181818183,0.5948886311247037,0.45659242424242424,0.6027897796954313,0.37929999999999997,resnet32,0.383,0.38,2.162513644688509,1.8765564725141635,0.2859571674330668,resnet32,0.3559,0.3494,2.148866319012913,1.8645576148886571,0.28430870511907747,resnet32,0.4144,0.4052,2.178435220637105,1.8893299292434345,0.28910529029301624,resnet32,0.3705,0.3662,2.127249499444257,1.842387442053719,0.28486205732703884,resnet32,0.4094,0.397,2.1431453815576704,1.8558843100274152,0.28726107140325685,resnet32,0.3699,0.37,2.1191058280793102,1.8296396857635542,0.28946614544838667,resnet32,0.3938,0.3838,2.139288015832955,1.8548928362063386,0.28439517566849565,resnet32,0.318,0.3186,2.1571002465418796,1.8737947761335156,0.28330547102219,resnet32,0.3802,0.3694,2.178549451753497,1.8932292745871977,0.28532017885961314,resnet32,0.3942,0.3862,2.1046272805807265,1.8260408267378807,0.27858645136637444,resnet32,0.3944,0.3818,2.1499307902360503,1.8596067037433386,0.29032408429140394,resnet32,0.3679,0.3634,2.136341577565128,1.8523983867330984,0.2839431904722005,13500000.0,0.0,54000000.0,1620000000.0,19440000000.0
resnet32x12_cifar100_K12_topo-rregular3_seed0003_d011,d011,resnet32:12,cifar100,12,topology,topo-rregular3,peers,3,200,64,0.1,0.9,0.0005,True,3,60,0.1,1.0,1,,disagreement,1.0,1,0.0,0.5,weight,rregular:3,0.0,0.0,42,0,45000,5000,10000,5640048,30,0.1,3,108.85,0.3745,0.025768714881939037,0.3139,0.4171,0.4174,0.042899999999999994,0.36784999999999995,0.4078,0.4554666666666667,0.6024391128903519,0.4591909090909092,0.6084821125851979,0.3745,resnet32,0.4008,0.3912,2.1582221703773197,1.8704707336358048,0.2877514350482009,resnet32,0.3852,0.379,2.1409452613443136,1.8529824668710881,0.28796279834668065,resnet32,0.3483,0.3432,2.1761065225370904,1.8829008391634985,0.2932056850034066,resnet32,0.3878,0.3836,2.127051545645703,1.8412871941585431,0.28576435542411427,resnet32,0.3736,0.3694,2.135476879606193,1.845616038042036,0.28986084342680196,resnet32,0.3582,0.3484,2.1156047040765937,1.822763031348586,0.2928416727280075,resnet32,0.4171,0.4014,2.134112621234222,1.8467520475387573,0.28736057316630403,resnet32,0.3911,0.3782,2.151950990611857,1.8663421208885582,0.2856088717552749,resnet32,0.3139,0.3164,2.170629646967758,1.8828002647920088,0.28782938164658844,resnet32,0.3848,0.3784,2.1033668450333853,1.8210355503992601,0.28233129454945977,resnet32,0.3622,0.3576,2.144197527996518,1.8515554138205268,0.29264211373149673,resnet32,0.371,0.3674,2.136806985194033,1.84988151202825,0.286925476975739,13500000.0,0.0,54000000.0,1674000000.0,20088000000.0
resnet32x12_cifar100_K12_topo-rregular3_seed0003_d011,d011,resnet32:12,cifar100,12,topology,topo-rregular3,peers,3,200,64,0.1,0.9,0.0005,True,3,60,0.1,1.0,1,,disagreement,1.0,1,0.0,0.5,weight,rregular:3,0.0,0.0,42,0,45000,5000,10000,5640048,31,0.1,3,107.99,0.41794166666666666,0.03043839292552892,0.3545,0.4704,0.4873,0.06935833333333336,0.41004999999999997,0.4834,0.5047393939393939,0.5622537768652645,0.49978787878787884,0.5676514957953712,0.41794166666666666,resnet32,0.4486,0.4372,2.1626076850701463,1.8745592493902554,0.28804843445223843,resnet32,0.429,0.4282,2.150435800918124,1.863254302265969,0.2871815016577867,resnet32,0.3545,0.347,2.1711617621847172,1.8799584316597744,0.291203329466622,resnet32,0.4056,0.406,2.1269444499842147,1.8390736422416838,0.287870806959373,resnet32,0.3733,0.3694,2.1361967282877727,1.8501006933775814,0.2860960347831927,resnet32,0.4704,0.455,2.1167861451818184,1.8267597004093907,0.29002644371410663,resnet32,0.4481,0.432,2.1301684721627017,1.8441588392650539,0.28600963662293827,resnet32,0.4204,0.4112,2.1412679720669985,1.8555444998835975,0.2857234715060754,resnet32,0.4102,0.4008,2.1724139921028507,1.8847338982265105,0.2876800963104787,resnet32,0.4286,0.419,2.1039285141636026,1.8215303976427426,0.2823981179813431,resnet32,0.4124,0.4064,2.1448353755880487,1.853911410847848,0.2909239611842416,resnet32,0.4142,0.4084,2.1459467378868298,1.8558512059125034,0.2900955280797048,13500000.0,0.0,54000000.0,1728000000.0,20736000000.0
resnet32x12_cifar100_K12_topo-rregular3_seed0003_d011,d011,resnet32:12,cifar100,12,topology,topo-rregular3,peers,3,200,64,0.1,0.9,0.0005,True,3,60,0.1,1.0,1,,disagreement,1.0,1,0.0,0.5,weight,rregular:3,0.0,0.0,42,0,45000,5000,10000,5640048,32,0.1,3,107.83,0.4272333333333333,0.028406288427427873,0.3594,0.4685,0.494,0.0667666666666667,0.41585,0.4864,0.4899696969696971,0.5766218485243783,0.4887409090909091,0.5808917293742674,0.4272333333333333,resnet32,0.4248,0.4202,2.1514219130304726,1.8634624493054368,0.28795946505852044,resnet32,0.3859,0.3698,2.1378604166887025,1.848474400456656,0.28938602114265616,resnet32,0.4293,0.4134,2.1676613473418085,1.875105619430542,0.2925557262602855,resnet32,0.4424,0.4298,2.11883302456276,1.832024875858968,0.2868081508204341,resnet32,0.3594,0.3478,2.1234647353941742,1.8372797102413394,0.28618501928973605,resnet32,0.4555,0.4446,2.112086009572853,1.8225149485197933,0.289571063042703,resnet32,0.4403,0.4322,2.12954996610907,1.8404860769144513,0.2890638891522857,resnet32,0.4425,0.4278,2.1444610267538917,1.857722733169794,0.2867382921659472,resnet32,0.4282,0.4198,2.166330650448799,1.8758247638629242,0.2905058867763728,resnet32,0.4685,0.461,2.096089493821968,1.8148431171747772,0.28124637800184166,resnet32,0.4354,0.4128,2.141395443034443,1.8483833474191753,0.2930120948956094,resnet32,0.4146,0.411,2.1296939363872465,1.840837188911709,0.2888567461632192,13500000.0,0.0,54000000.0,1782000000.0,21384000000.0
resnet32x12_cifar100_K12_topo-rregular3_seed0003_d011,d011,resnet32:12,cifar100,12,topology,topo-rregular3,peers,3,200,64,0.1,0.9,0.0005,True,3,60,0.1,1.0,1,,disagreement,1.0,1,0.0,0.5,weight,rregular:3,0.0,0.0,42,0,45000,5000,10000,5640048,33,0.1,3,108.33,0.4326583333333334,0.017872952485685052,0.405,0.4621,0.5024,0.06974166666666654,0.42081666666666667,0.4812,0.47416666666666674,0.5814270441693801,0.4686121212121212,0.5827364409530218,0.4326583333333334,resnet32,0.434,0.4202,2.1526154034178364,1.8658609121021899,0.28675448784435337,resnet32,0.4372,0.4228,2.1349412981759417,1.8468265685845504,0.2881147284484045,resnet32,0.4475,0.4302,2.165724815462123,1.8731050726703622,0.2926197446755726,resnet32,0.4595,0.4628,2.1211469164964827,1.8339144623076373,0.2872324560514905,resnet32,0.424,0.4106,2.1256721146743405,1.8366072408177636,0.2890648740682412,resnet32,0.4081,0.393,2.11103401993486,1.8187287255105646,0.2923052970912646,resnet32,0.4381,0.4356,2.1169029873880474,1.8299653836610643,0.28693760139867663,resnet32,0.4393,0.4236,2.137622141363946,1.850626359439709,0.28699578283439303,resnet32,0.405,0.3958,2.16104767607017,1.8737281007184223,0.2873195737642659,resnet32,0.4252,0.415,2.09288735721599,1.8092963781885125,0.28359097784215753,resnet32,0.4119,0.386,2.1307974720204417,1.839074333621697,0.29172313399612904,resnet32,0.4621,0.4542,2.1274447266689758,1.8397067536345937,0.28773797263221984,13500000.0,0.0,54000000.0,1836000000.0,22032000000.0
resnet32x12_cifar100_K12_topo-rregular3_seed0003_d011,d011,resnet32:12,cifar100,12,topology,topo-rregular3,peers,3,200,64,0.1,0.9,0.0005,True,3,60,0.1,1.0,1,,disagreement,1.0,1,0.0,0.5,weight,rregular:3,0.0,0.0,42,0,45000,5000,10000,5640048,34,0.1,3,108.47,0.41934166666666667,0.02795283105320262,0.3487,0.4543,0.4885,0.06915833333333332,0.40863333333333335,0.4754,0.48133636363636373,0.5827549165789233,0.4877681818181818,0.5724396213577589,0.41934166666666667,resnet32,0.4082,0.3944,2.1454701736908066,1.8567594753747636,0.28871069850654085,resnet32,0.4058,0.4068,2.1330218965357,1.84164777465842,0.29137412196194584,resnet32,0.412,0.3974,2.160656200213866,1.866599390791221,0.2940568077293309,resnet32,0.3887,0.3804,2.1129186099225823,1.8253267078914426,0.2875919046557762,resnet32,0.44,0.4248,2.121273783120242,1.8318261197683485,0.28944766436788166,resnet32,0.4235,0.413,2.102633549408479,1.8096657002514058,0.29296784979206597,resnet32,0.436,0.4218,2.123188876631585,1.833318362181837,0.28987051555040205,resnet32,0.4327,0.418,2.140241842039607,1.8538422086699442,0.2863996328616684,resnet32,0.444,0.4314,2.146923774514686,1.8584301046688447,0.28849366772919893,resnet32,0.4382,0.428,2.090319997715679,1.8075687392530115,0.2827512583991682,resnet32,0.4543,0.4444,2.1356626931916582,1.840516383844343,0.29514630780216644,resnet32,0.3487,0.3432,2.123363408683376,1.8337530253285712,0.28961038041267206,13500000.0,0.0,54000000.0,1890000000.0,22680000000.0
resnet32x12_cifar100_K12_topo-rregular3_seed0003_d011,d011,resnet32:12,cifar100,12,topology,topo-rregular3,peers,3,200,64,0.1,0.9,0.0005,True,3,60,0.1,1.0,1,,disagreement,1.0,1,0.0,0.5,weight,rregular:3,0.0,0.0,42,0,45000,5000,10000,5640048,35,0.1,3,108.21,0.414225,0.0295422049786403,0.3647,0.4635,0.4873,0.073075,0.41465,0.4884,0.49645757575757593,0.5531120143477121,0.5004378787878787,0.5628881771953872,0.414225,resnet32,0.4187,0.4186,2.135405432094227,1.844753698022528,0.2906517330768772,resnet32,0.4078,0.407,2.1166319093582304,1.826153250919147,0.29047866083088925,resnet32,0.4531,0.4466,2.145400475033305,1.8498286433856597,0.29557183156297967,resnet32,0.4174,0.4136,2.109157230874354,1.8193583529103885,0.2897988816892559,resnet32,0.4126,0.413,2.110558308999647,1.820094326341694,0.29046398193829437,resnet32,0.417,0.4276,2.0950226456942884,1.8017748816108161,0.2932477632579817,resnet32,0.4635,0.4646,2.110436222092672,1.8205303277143023,0.2899058971511708,resnet32,0.4123,0.4066,2.1274707322432236,1.8375840524042195,0.2898866814899851,resnet32,0.3647,0.362,2.1412925329059362,1.8499082474207336,0.29138428319922904,resnet32,0.4472,0.45,2.0799438785761595,1.7955843293192713,0.2843595478175716,resnet32,0.3657,0.3718,2.1256758621470495,1.831902970813892,0.2937728941059587,resnet32,0.3907,0.3944,2.111088388345458,1.8214344248514285,0.289653966605494,13500000.0,0.0,54000000.0,1944000000.0,23328000000.0
resnet32x12_cifar100_K12_topo-rregular3_seed0003_d011,d011,resnet32:12,cifar100,12,topology,topo-rregular3,peers,3,200,64,0.1,0.9,0.0005,True,3,60,0.1,1.0,1,,disagreement,1.0,1,0.0,0.5,weight,rregular:3,0.0,0.0,42,0,45000,5000,10000,5640048,36,0.1,3,108.19,0.42297500000000005,0.02757641277734772,0.3797,0.4709,0.4711,0.04812499999999997,0.42779999999999996,0.475,0.4440030303030302,0.6208555262086131,0.4475651515151516,0.6184683169932178,0.42297500000000005,resnet32,0.3797,0.3774,2.1344614523378285,1.8449247220361775,0.2895367332014509,resnet32,0.4242,0.4348,2.122765125198798,1.8288388856771318,0.293926238569177,resnet32,0.3925,0.3956,2.1451125619086353,1.8497738518159499,0.2953387133946473,resnet32,0.4622,0.4668,2.111003048887307,1.8220627934417941,0.2889402561651712,resnet32,0.4016,0.407,2.113541523671963,1.8232244049960917,0.2903171226763251,resnet32,0.4709,0.4732,2.099937198006294,1.8052231826904146,0.2947140139188956,resnet32,0.4363,0.4414,2.1115395855158567,1.8210494179617276,0.2904901686547832,resnet32,0.4153,0.42,2.1241870248182253,1.8351291299543597,0.28905789079991256,resnet32,0.4299,0.4342,2.1393198523331773,1.8492050280963832,0.2901148233266378,resnet32,0.4284,0.433,2.080511110072786,1.7954951954836196,0.2850159132980149,resnet32,0.3886,0.3904,2.1198755223304033,1.8264235571365466,0.2934519581666047,resnet32,0.4461,0.4598,2.1188145452602343,1.828443998301571,0.2903705465353348,13500000.0,0.0,54000000.0,1998000000.0,23976000000.0
resnet32x12_cifar100_K12_topo-rregular3_seed0003_d011,d011,resnet32:12,cifar100,12,topology,topo-rregular3,peers,3,200,64,0.1,0.9,0.0005,True,3,60,0.1,1.0,1,,disagreement,1.0,1,0.0,0.5,weight,rregular:3,0.0,0.0,42,0,45000,5000,10000,5640048,37,0.1,3,108.32,0.31169166666666664,0.07443909656371592,0.202,0.4484,0.3839,0.07220833333333337,0.29671666666666674,0.3592,0.6064636363636364,0.5045132432730024,0.5990196969696973,0.5192960229957618,0.31169166666666664,resnet32,0.202,0.191,2.129806046966802,1.8377748417922042,0.2920312079473991,resnet32,0.2907,0.2804,2.1107299256731165,1.8211797345429659,0.2895501888865097,resnet32,0.2103,0.202,2.137558939443393,1.8422109828415243,0.29534796049649065,resnet32,0.4484,0.4204,2.0981929884715513,1.8073015417903662,0.2908914480146698,resnet32,0.3414,0.3298,2.1133278000422497,1.8202451982281425,0.29308260592039337,resnet32,0.3467,0.331,2.0876169106499716,1.7944305296987295,0.29318637652745977,resnet32,0.36,0.3402,2.1048798354511913,1.816105356439948,0.2887744771274315,resnet32,0.2614,0.248,2.1186851542443037,1.8291625825857574,0.28952257246287033,resnet32,0.3373,0.3264,2.133306498046626,1.8425010420720687,0.29080545502206817,resnet32,0.308,0.2892,2.085509957237677,1.7971096091311087,0.288400345122103,resnet32,0.2239,0.2044,2.112640631300482,1.8175966870039701,0.29504394230686803,resnet32,0.4102,0.3978,2.1091308864680203,1.8168313002044505,0.2922995858614079,13500000.0,0.0,54000000.0,2052000000.0,24624000000.0
