run_id,run_tag,cohort,dataset,K,arm,arm_label,target,seed,epochs,batch_size,base_lr,momentum,weight_decay,nesterov,graph_seed,lr_step,lr_gamma,kd_T,k_matchings,k_anneal,match_weight,kappa,rematch_every_epochs,recency_lambda,recency_gamma,peel_weighting,graph,label_noise_rate,actual_noise_rate,noise_seed,split_seed,n_train,n_valid,n_test,cohort_params,epoch,lr,k_current,epoch_seconds,avg_test_acc,std_test_acc,min_test_acc,max_test_acc,ensemble_test_acc,ens_minus_avg_test,avg_val_acc,ensemble_val_acc,disagreement_val,rho_val,disagreement_test,rho_test,avg_test_acc_resnet32,avg_test_acc_wrn28x10,model_00_arch,model_00_test_acc,model_00_val_acc,model_00_train_loss,model_00_ce_loss,model_00_kd_loss,model_01_arch,model_01_test_acc,model_01_val_acc,model_01_train_loss,model_01_ce_loss,model_01_kd_loss,model_02_arch,model_02_test_acc,model_02_val_acc,model_02_train_loss,model_02_ce_loss,model_02_kd_loss,model_03_arch,model_03_test_acc,model_03_val_acc,model_03_train_loss,model_03_ce_loss,model_03_kd_loss,model_04_arch,model_04_test_acc,model_04_val_acc,model_04_train_loss,model_04_ce_loss,model_04_kd_loss,model_05_arch,model_05_test_acc,model_05_val_acc,model_05_train_loss,model_05_ce_loss,model_05_kd_loss,model_06_arch,model_06_test_acc,model_06_val_acc,model_06_train_loss,model_06_ce_loss,model_06_kd_loss,model_07_arch,model_07_test_acc,model_07_val_acc,model_07_train_loss,model_07_ce_loss,model_07_kd_loss,comm_logit_floats_epoch,comm_matcher_ints_epoch,comm_bytes_epoch,comm_bytes_cum,comm_bytes_cum_cohort
wrn28x10x4-resnet32x4_cifar100_K8_indep_seed0005_d001,d001,"wrn28x10:4,resnet32:4",cifar100,8,indep,indep,peers,5,200,64,0.1,0.9,0.0005,True,0,60,0.1,1.0,1,,disagreement,1.0,1,0.0,0.5,weight,complete,0.0,0.0,42,0,45000,5000,10000,148027552,0,0.1,0,136.3,0.102775,0.020862511234268993,0.0582,0.1227,0.1366,0.033824999999999994,0.1003,0.1346,0.7834000000000001,0.3446881849263079,0.7848928571428572,0.3480056541258989,0.103975,0.10157499999999998,wrn28x10,0.1069,0.106,3.6879275366663933,3.6879275366663933,0.0,wrn28x10,0.0848,0.086,3.7195107269693506,3.7195107269693506,0.0,wrn28x10,0.1192,0.1184,3.6926023231988605,3.6926023231988605,0.0,wrn28x10,0.0954,0.0914,3.6922221810302953,3.6922221810302953,0.0,resnet32,0.1227,0.1248,3.9074093611402945,3.9074093611402945,0.0,resnet32,0.1177,0.1078,3.9181230112232943,3.9181230112232943,0.0,resnet32,0.0582,0.059,4.301683694462884,4.301683694462884,0.0,resnet32,0.1173,0.109,4.054332202131098,4.054332202131098,0.0,0.0,0.0,0.0,0.0,0.0
wrn28x10x4-resnet32x4_cifar100_K8_indep_seed0005_d001,d001,"wrn28x10:4,resnet32:4",cifar100,8,indep,indep,peers,5,200,64,0.1,0.9,0.0005,True,0,60,0.1,1.0,1,,disagreement,1.0,1,0.0,0.5,weight,complete,0.0,0.0,42,0,45000,5000,10000,148027552,1,0.1,0,132.49,0.1403,0.04656538413886435,0.0702,0.1992,0.1532,0.012899999999999995,0.140825,0.1608,0.7007857142857141,0.42371754711035386,0.7028357142857142,0.43102685763708337,0.181925,0.09867499999999998,wrn28x10,0.0702,0.078,2.8892218866808848,2.8892218866808848,0.0,wrn28x10,0.1397,0.1398,2.9282931329851802,2.9282931329851802,0.0,wrn28x10,0.0853,0.0946,2.905420257286592,2.905420257286592,0.0,wrn28x10,0.0995,0.1104,2.88797632062977,2.88797632062977,0.0,resnet32,0.1992,0.1964,3.1932703771374444,3.1932703771374444,0.0,resnet32,0.1743,0.1704,3.2428824617104097,3.2428824617104097,0.0,resnet32,0.1628,0.1546,3.6359508660706608,3.6359508660706608,0.0,resnet32,0.1914,0.1824,3.30423522435806,3.30423522435806,0.0,0.0,0.0,0.0,0.0,0.0
wrn28x10x4-resnet32x4_cifar100_K8_indep_seed0005_d001,d001,"wrn28x10:4,resnet32:4",cifar100,8,indep,indep,peers,5,200,64,0.1,0.9,0.0005,True,0,60,0.1,1.0,1,,disagreement,1.0,1,0.0,0.5,weight,complete,0.0,0.0,42,0,45000,5000,10000,148027552,2,0.1,0,132.48,0.20652500000000001,0.034700783492595665,0.1508,0.2527,0.2506,0.044074999999999975,0.209175,0.2588,0.699314285714286,0.4243536574899685,0.7084535714285716,0.4272608937665438,0.23275,0.18029999999999996,wrn28x10,0.1508,0.152,2.5116799162192778,2.5116799162192778,0.0,wrn28x10,0.2155,0.2218,2.552532510323958,2.552532510323958,0.0,wrn28x10,0.179,0.1838,2.530068595639684,2.530068595639684,0.0,wrn28x10,0.1759,0.1866,2.533659891987389,2.533659891987389,0.0,resnet32,0.2412,0.2416,2.837448872287165,2.837448872287165,0.0,resnet32,0.2423,0.2396,2.8728590925986115,2.8728590925986115,0.0,resnet32,0.1948,0.1918,3.2053034501996907,3.2053034501996907,0.0,resnet32,0.2527,0.2562,2.8519123792648315,2.8519123792648315,0.0,0.0,0.0,0.0,0.0,0.0
wrn28x10x4-resnet32x4_cifar100_K8_indep_seed0005_d001,d001,"wrn28x10:4,resnet32:4",cifar100,8,indep,indep,peers,5,200,64,0.1,0.9,0.0005,True,0,60,0.1,1.0,1,,disagreement,1.0,1,0.0,0.5,weight,complete,0.0,0.0,42,0,45000,5000,10000,148027552,3,0.1,0,132.54,0.21355,0.06045105458137186,0.1226,0.2929,0.2888,0.07525000000000001,0.21615,0.2894,0.7271142857142856,0.40502239646137506,0.7331714285714287,0.39558701916523115,0.26775,0.15935,wrn28x10,0.1591,0.168,2.287136371670799,2.287136371670799,0.0,wrn28x10,0.1621,0.1716,2.3196282351220194,2.3196282351220194,0.0,wrn28x10,0.1936,0.2046,2.3008364046161827,2.3008364046161827,0.0,wrn28x10,0.1226,0.1296,2.3118644268675284,2.3118644268675284,0.0,resnet32,0.2681,0.2648,2.586044092747298,2.586044092747298,0.0,resnet32,0.2885,0.2866,2.6137596294283867,2.6137596294283867,0.0,resnet32,0.2215,0.2132,2.8740321685644714,2.8740321685644714,0.0,resnet32,0.2929,0.2908,2.5705371844497593,2.5705371844497593,0.0,0.0,0.0,0.0,0.0,0.0
wrn28x10x4-resnet32x4_cifar100_K8_indep_seed0005_d001,d001,"wrn28x10:4,resnet32:4",cifar100,8,indep,indep,peers,5,200,64,0.1,0.9,0.0005,True,0,60,0.1,1.0,1,,disagreement,1.0,1,0.0,0.5,weight,complete,0.0,0.0,42,0,45000,5000,10000,148027552,4,0.1,0,132.5,0.283875,0.014504288159023866,0.2574,0.3119,0.3429,0.059024999999999994,0.2826,0.3416,0.61345,0.49712421302990734,0.6148749999999998,0.5019412477760097,0.283125,0.284625,wrn28x10,0.3119,0.313,2.125115181573413,2.125115181573413,0.0,wrn28x10,0.2574,0.2598,2.165219946341081,2.165219946341081,0.0,wrn28x10,0.2802,0.2892,2.145926982333714,2.145926982333714,0.0,wrn28x10,0.289,0.2838,2.161280284043063,2.161280284043063,0.0,resnet32,0.2901,0.2892,2.4084504338150676,2.4084504338150676,0.0,resnet32,0.2875,0.2746,2.441852707246488,2.441852707246488,0.0,resnet32,0.2741,0.2736,2.6473715505139395,2.6473715505139395,0.0,resnet32,0.2808,0.2776,2.393098784610629,2.393098784610629,0.0,0.0,0.0,0.0,0.0,0.0
wrn28x10x4-resnet32x4_cifar100_K8_indep_seed0005_d001,d001,"wrn28x10:4,resnet32:4",cifar100,8,indep,indep,peers,5,200,64,0.1,0.9,0.0005,True,0,60,0.1,1.0,1,,disagreement,1.0,1,0.0,0.5,weight,complete,0.0,0.0,42,0,45000,5000,10000,148027552,5,0.1,0,132.54,0.30027499999999996,0.046259127477720555,0.2157,0.3677,0.3646,0.06432500000000002,0.29445,0.3538,0.6200285714285714,0.4775682773968294,0.6190857142857142,0.47415824230223336,0.31405,0.2865,wrn28x10,0.3677,0.3598,2.0187546162104066,2.0187546162104066,0.0,wrn28x10,0.2511,0.2546,2.0573597089810804,2.0573597089810804,0.0,wrn28x10,0.2157,0.214,2.0365240062502297,2.0365240062502297,0.0,wrn28x10,0.3115,0.305,2.0558964259583843,2.0558964259583843,0.0,resnet32,0.3158,0.3058,2.3030749920078297,2.3030749920078297,0.0,resnet32,0.3371,0.3264,2.3238784831694583,2.3238784831694583,0.0,resnet32,0.2764,0.272,2.4960797669535335,2.4960797669535335,0.0,resnet32,0.3269,0.318,2.276140484281562,2.276140484281562,0.0,0.0,0.0,0.0,0.0,0.0
wrn28x10x4-resnet32x4_cifar100_K8_indep_seed0005_d001,d001,"wrn28x10:4,resnet32:4",cifar100,8,indep,indep,peers,5,200,64,0.1,0.9,0.0005,True,0,60,0.1,1.0,1,,disagreement,1.0,1,0.0,0.5,weight,complete,0.0,0.0,42,0,45000,5000,10000,148027552,6,0.1,0,132.54,0.3445125,0.0323019518566603,0.2935,0.3902,0.4154,0.07088749999999999,0.341225,0.4082,0.5959357142857143,0.49166321399993906,0.5993071428571429,0.4948493806273445,0.3712,0.317825,wrn28x10,0.2935,0.2964,1.9422735167159275,1.9422735167159275,0.0,wrn28x10,0.3411,0.3486,1.9708081043579362,1.9708081043579362,0.0,wrn28x10,0.3062,0.3062,1.9535399732941932,1.9535399732941932,0.0,wrn28x10,0.3305,0.3248,1.9729910360818559,1.9729910360818559,0.0,resnet32,0.3846,0.3778,2.222329208119349,2.222329208119349,0.0,resnet32,0.3638,0.3516,2.233343022790822,2.233343022790822,0.0,resnet32,0.3462,0.3402,2.3792475275695324,2.3792475275695324,0.0,resnet32,0.3902,0.3842,2.1872300896793604,2.1872300896793604,0.0,0.0,0.0,0.0,0.0,0.0
wrn28x10x4-resnet32x4_cifar100_K8_indep_seed0005_d001,d001,"wrn28x10:4,resnet32:4",cifar100,8,indep,indep,peers,5,200,64,0.1,0.9,0.0005,True,0,60,0.1,1.0,1,,disagreement,1.0,1,0.0,0.5,weight,complete,0.0,0.0,42,0,45000,5000,10000,148027552,7,0.1,0,132.52,0.320875,0.04356465740712303,0.2358,0.3727,0.3946,0.07372499999999998,0.31904999999999994,0.3902,0.5928785714285715,0.4945490854837688,0.5878535714285714,0.49826857976375116,0.29722499999999996,0.344525,wrn28x10,0.3304,0.3324,1.8664478781548413,1.8664478781548413,0.0,wrn28x10,0.3061,0.316,1.8815039061009884,1.8815039061009884,0.0,wrn28x10,0.3689,0.3676,1.8686046266758984,1.8686046266758984,0.0,wrn28x10,0.3727,0.3568,1.8847715610807592,1.8847715610807592,0.0,resnet32,0.2817,0.2844,2.150476476516236,2.150476476516236,0.0,resnet32,0.3174,0.3124,2.1582483039660887,2.1582483039660887,0.0,resnet32,0.2358,0.2304,2.27847771092572,2.27847771092572,0.0,resnet32,0.354,0.3524,2.1143320720981467,2.1143320720981467,0.0,0.0,0.0,0.0,0.0,0.0
wrn28x10x4-resnet32x4_cifar100_K8_indep_seed0005_d001,d001,"wrn28x10:4,resnet32:4",cifar100,8,indep,indep,peers,5,200,64,0.1,0.9,0.0005,True,0,60,0.1,1.0,1,,disagreement,1.0,1,0.0,0.5,weight,complete,0.0,0.0,42,0,45000,5000,10000,148027552,8,0.1,0,132.56,0.3193875,0.049200214366911035,0.23,0.3938,0.4035,0.08411250000000003,0.313025,0.3914,0.6249785714285713,0.4599498097020905,0.6322285714285714,0.45777428398542963,0.3477,0.291075,wrn28x10,0.2983,0.2862,1.814607244154269,1.814607244154269,0.0,wrn28x10,0.23,0.2284,1.8284822875125841,1.8284822875125841,0.0,wrn28x10,0.3255,0.324,1.8179942721670324,1.8179942721670324,0.0,wrn28x10,0.3105,0.3068,1.831141415306113,1.831141415306113,0.0,resnet32,0.2794,0.2712,2.1096408592367712,2.1096408592367712,0.0,resnet32,0.3757,0.3652,2.1214689417657526,2.1214689417657526,0.0,resnet32,0.3419,0.3366,2.2211707645857874,2.2211707645857874,0.0,resnet32,0.3938,0.3858,2.0746496846391396,2.0746496846391396,0.0,0.0,0.0,0.0,0.0,0.0
wrn28x10x4-resnet32x4_cifar100_K8_indep_seed0005_d001,d001,"wrn28x10:4,resnet32:4",cifar100,8,indep,indep,peers,5,200,64,0.1,0.9,0.0005,True,0,60,0.1,1.0,1,,disagreement,1.0,1,0.0,0.5,weight,complete,0.0,0.0,42,0,45000,5000,10000,148027552,9,0.1,0,132.49,0.3401125,0.0487309818672885,0.2229,0.3872,0.4245,0.0843875,0.3348,0.4216,0.6279785714285714,0.4474873933510183,0.6287392857142857,0.4536448296953715,0.362875,0.31735,wrn28x10,0.2229,0.2206,1.7705073668198152,1.7705073668198152,0.0,wrn28x10,0.3872,0.3794,1.7774261502041058,1.7774261502041058,0.0,wrn28x10,0.3291,0.3244,1.766415049745278,1.766415049745278,0.0,wrn28x10,0.3302,0.3298,1.77792257392271,1.77792257392271,0.0,resnet32,0.3696,0.3674,2.06547557850453,2.06547557850453,0.0,resnet32,0.3751,0.3692,2.071849600327286,2.071849600327286,0.0,resnet32,0.3397,0.3314,2.1628694388676775,2.1628694388676775,0.0,resnet32,0.3671,0.3562,2.0393226227977057,2.0393226227977057,0.0,0.0,0.0,0.0,0.0,0.0
wrn28x10x4-resnet32x4_cifar100_K8_indep_seed0005_d001,d001,"wrn28x10:4,resnet32:4",cifar100,8,indep,indep,peers,5,200,64,0.1,0.9,0.0005,True,0,60,0.1,1.0,1,,disagreement,1.0,1,0.0,0.5,weight,complete,0.0,0.0,42,0,45000,5000,10000,148027552,10,0.1,0,132.58,0.4056375,0.023647882436911773,0.3684,0.4348,0.4966,0.0909625,0.39887500000000004,0.4854,0.5516714285714286,0.5131039586689755,0.5488357142857142,0.5253804121654901,0.4011,0.410175,wrn28x10,0.4184,0.414,1.7402962198988958,1.7402962198988958,0.0,wrn28x10,0.3807,0.3716,1.7414764931256121,1.7414764931256121,0.0,wrn28x10,0.4068,0.4038,1.733040389181538,1.733040389181538,0.0,wrn28x10,0.4348,0.4262,1.7393815691836856,1.7393815691836856,0.0,resnet32,0.4221,0.4128,2.0341133715754207,2.0341133715754207,0.0,resnet32,0.3684,0.3624,2.0406799367205664,2.0406799367205664,0.0,resnet32,0.3827,0.374,2.117663086476651,2.117663086476651,0.0,resnet32,0.4312,0.4262,2.005016032945026,2.005016032945026,0.0,0.0,0.0,0.0,0.0,0.0
wrn28x10x4-resnet32x4_cifar100_K8_indep_seed0005_d001,d001,"wrn28x10:4,resnet32:4",cifar100,8,indep,indep,peers,5,200,64,0.1,0.9,0.0005,True,0,60,0.1,1.0,1,,disagreement,1.0,1,0.0,0.5,weight,complete,0.0,0.0,42,0,45000,5000,10000,148027552,11,0.1,0,132.65,0.371375,0.02924922007507209,0.3189,0.4181,0.4722,0.100825,0.3701,0.4722,0.6014928571428573,0.47994193123331047,0.6072,0.48357068119574326,0.3595,0.38325000000000004,wrn28x10,0.4181,0.4172,1.706342776729302,1.706342776729302,0.0,wrn28x10,0.3749,0.3666,1.704794853925705,1.704794853925705,0.0,wrn28x10,0.3997,0.3958,1.6989121653816917,1.6989121653816917,0.0,wrn28x10,0.3403,0.3456,1.7084482523866675,1.7084482523866675,0.0,resnet32,0.3692,0.3734,2.002042721448974,2.002042721448974,0.0,resnet32,0.3819,0.3728,2.0078930883583697,2.0078930883583697,0.0,resnet32,0.368,0.3684,2.0806842839176003,2.0806842839176003,0.0,resnet32,0.3189,0.321,1.9769456437365576,1.9769456437365576,0.0,0.0,0.0,0.0,0.0,0.0
wrn28x10x4-resnet32x4_cifar100_K8_indep_seed0005_d001,d001,"wrn28x10:4,resnet32:4",cifar100,8,indep,indep,peers,5,200,64,0.1,0.9,0.0005,True,0,60,0.1,1.0,1,,disagreement,1.0,1,0.0,0.5,weight,complete,0.0,0.0,42,0,45000,5000,10000,148027552,12,0.1,0,132.61,0.384775,0.045961417243161704,0.294,0.4384,0.4777,0.09292500000000004,0.376675,0.4694,0.5778,0.4843418293207007,0.5775785714285716,0.4851886504776478,0.344725,0.424825,wrn28x10,0.4126,0.4112,1.6710709829560735,1.6710709829560735,0.0,wrn28x10,0.4176,0.4058,1.675007806921547,1.675007806921547,0.0,wrn28x10,0.4307,0.424,1.6682726485146717,1.6682726485146717,0.0,wrn28x10,0.4384,0.4256,1.6764398858967153,1.6764398858967153,0.0,resnet32,0.359,0.3524,1.9839677438139915,1.9839677438139915,0.0,resnet32,0.3731,0.372,1.988362628119913,1.988362628119913,0.0,resnet32,0.3528,0.3428,2.039976280521263,2.039976280521263,0.0,resnet32,0.294,0.2796,1.95551390895112,1.95551390895112,0.0,0.0,0.0,0.0,0.0,0.0
wrn28x10x4-resnet32x4_cifar100_K8_indep_seed0005_d001,d001,"wrn28x10:4,resnet32:4",cifar100,8,indep,indep,peers,5,200,64,0.1,0.9,0.0005,True,0,60,0.1,1.0,1,,disagreement,1.0,1,0.0,0.5,weight,complete,0.0,0.0,42,0,45000,5000,10000,148027552,13,0.1,0,132.52,0.36970000000000003,0.03625696484815021,0.3086,0.4178,0.4662,0.09649999999999997,0.36765,0.4646,0.5892,0.5014787529454049,0.5929535714285715,0.5034407642156817,0.33762499999999995,0.401775,wrn28x10,0.3912,0.3914,1.6587613145397468,1.6587613145397468,0.0,wrn28x10,0.4178,0.4138,1.6540085104378788,1.6540085104378788,0.0,wrn28x10,0.411,0.4064,1.6551845886490562,1.6551845886490562,0.0,wrn28x10,0.3871,0.3862,1.6510656597939404,1.6510656597939404,0.0,resnet32,0.3644,0.3658,1.9754323185506193,1.9754323185506193,0.0,resnet32,0.3086,0.3004,1.976210548796437,1.976210548796437,0.0,resnet32,0.3335,0.3316,2.030744757503271,2.030744757503271,0.0,resnet32,0.344,0.3456,1.9466883021999488,1.9466883021999488,0.0,0.0,0.0,0.0,0.0,0.0
wrn28x10x4-resnet32x4_cifar100_K8_indep_seed0005_d001,d001,"wrn28x10:4,resnet32:4",cifar100,8,indep,indep,peers,5,200,64,0.1,0.9,0.0005,True,0,60,0.1,1.0,1,,disagreement,1.0,1,0.0,0.5,weight,complete,0.0,0.0,42,0,45000,5000,10000,148027552,14,0.1,0,132.6,0.4158875,0.025260761939221065,0.3752,0.4517,0.5123,0.09641249999999996,0.41245,0.5092,0.554707142857143,0.5074447415164637,0.5538785714285716,0.5103898459872483,0.39580000000000004,0.435975,wrn28x10,0.4488,0.454,1.6343248325654052,1.6343248325654052,0.0,wrn28x10,0.4517,0.445,1.6314099236306818,1.6314099236306818,0.0,wrn28x10,0.412,0.4092,1.6218521841378375,1.6218521841378375,0.0,wrn28x10,0.4314,0.4296,1.6273874885995279,1.6273874885995279,0.0,resnet32,0.4,0.3956,1.944793476638469,1.944793476638469,0.0,resnet32,0.4161,0.4064,1.9490192974494263,1.9490192974494263,0.0,resnet32,0.3752,0.3644,2.001956256953153,2.001956256953153,0.0,resnet32,0.3919,0.3954,1.923100962557576,1.923100962557576,0.0,0.0,0.0,0.0,0.0,0.0
wrn28x10x4-resnet32x4_cifar100_K8_indep_seed0005_d001,d001,"wrn28x10:4,resnet32:4",cifar100,8,indep,indep,peers,5,200,64,0.1,0.9,0.0005,True,0,60,0.1,1.0,1,,disagreement,1.0,1,0.0,0.5,weight,complete,0.0,0.0,42,0,45000,5000,10000,148027552,15,0.1,0,132.51,0.417825,0.02586434563254985,0.3631,0.4451,0.5163,0.09847499999999998,0.4147,0.508,0.5566357142857142,0.4844510260653207,0.55615,0.49099906246403036,0.400175,0.435475,wrn28x10,0.4257,0.419,1.6214231775904244,1.6214231775904244,0.0,wrn28x10,0.4335,0.4218,1.615465465001762,1.615465465001762,0.0,wrn28x10,0.4451,0.4392,1.615638923577287,1.615638923577287,0.0,wrn28x10,0.4376,0.4272,1.6131761439821937,1.6131761439821937,0.0,resnet32,0.3908,0.3948,1.9434565612199632,1.9434565612199632,0.0,resnet32,0.4156,0.4212,1.938389058986848,1.938389058986848,0.0,resnet32,0.3631,0.3648,1.9880171567201614,1.9880171567201614,0.0,resnet32,0.4312,0.4296,1.9166042355989867,1.9166042355989867,0.0,0.0,0.0,0.0,0.0,0.0
wrn28x10x4-resnet32x4_cifar100_K8_indep_seed0005_d001,d001,"wrn28x10:4,resnet32:4",cifar100,8,indep,indep,peers,5,200,64,0.1,0.9,0.0005,True,0,60,0.1,1.0,1,,disagreement,1.0,1,0.0,0.5,weight,complete,0.0,0.0,42,0,45000,5000,10000,148027552,16,0.1,0,132.52,0.3916125,0.037413414622966455,0.3226,0.4492,0.4984,0.10678750000000004,0.38734999999999997,0.4932,0.5899642857142858,0.48625811561020094,0.5926500000000001,0.4769187153226961,0.362475,0.42074999999999996,wrn28x10,0.4363,0.4246,1.6049779482524504,1.6049779482524504,0.0,wrn28x10,0.4492,0.4466,1.5948631705885583,1.5948631705885583,0.0,wrn28x10,0.3892,0.3912,1.5905516178093173,1.5905516178093173,0.0,wrn28x10,0.4083,0.412,1.596315819431435,1.596315819431435,0.0,resnet32,0.3822,0.3752,1.927551425824111,1.927551425824111,0.0,resnet32,0.3226,0.3188,1.922511675310406,1.922511675310406,0.0,resnet32,0.3692,0.3538,1.9653634627095677,1.9653634627095677,0.0,resnet32,0.3759,0.3766,1.901280376213518,1.901280376213518,0.0,0.0,0.0,0.0,0.0,0.0
wrn28x10x4-resnet32x4_cifar100_K8_indep_seed0005_d001,d001,"wrn28x10:4,resnet32:4",cifar100,8,indep,indep,peers,5,200,64,0.1,0.9,0.0005,True,0,60,0.1,1.0,1,,disagreement,1.0,1,0.0,0.5,weight,complete,0.0,0.0,42,0,45000,5000,10000,148027552,17,0.1,0,132.87,0.395725,0.027337554298071373,0.3495,0.4396,0.4983,0.10257500000000003,0.39264999999999994,0.494,0.5867928571428571,0.4625094842732593,0.5929749999999999,0.4629790725226804,0.4013,0.39015,wrn28x10,0.3495,0.3526,1.59316558661786,1.59316558661786,0.0,wrn28x10,0.4137,0.407,1.584409354085272,1.584409354085272,0.0,wrn28x10,0.4123,0.423,1.586759472943165,1.586759472943165,0.0,wrn28x10,0.3851,0.3706,1.5887979594143955,1.5887979594143955,0.0,resnet32,0.3933,0.3862,1.9198341432281516,1.9198341432281516,0.0,resnet32,0.4087,0.4188,1.9052199331874198,1.9052199331874198,0.0,resnet32,0.3636,0.349,1.9584053905511445,1.9584053905511445,0.0,resnet32,0.4396,0.434,1.8927551814439623,1.8927551814439623,0.0,0.0,0.0,0.0,0.0,0.0
wrn28x10x4-resnet32x4_cifar100_K8_indep_seed0005_d001,d001,"wrn28x10:4,resnet32:4",cifar100,8,indep,indep,peers,5,200,64,0.1,0.9,0.0005,True,0,60,0.1,1.0,1,,disagreement,1.0,1,0.0,0.5,weight,complete,0.0,0.0,42,0,45000,5000,10000,148027552,18,0.1,0,132.56,0.3833125,0.03422723467868826,0.3571,0.442,0.4737,0.09038750000000001,0.375625,0.4656,0.5896714285714285,0.4878891114290726,0.5877214285714286,0.48665019793782627,0.384425,0.3822,wrn28x10,0.3713,0.3646,1.5730402017520233,1.5730402017520233,0.0,wrn28x10,0.3584,0.3498,1.568584615026008,1.568584615026008,0.0,wrn28x10,0.442,0.4304,1.5695565567267211,1.5695565567267211,0.0,wrn28x10,0.3571,0.3502,1.5633735209703445,1.5633735209703445,0.0,resnet32,0.3717,0.3684,1.9061805936084553,1.9061805936084553,0.0,resnet32,0.3579,0.3554,1.892832071266391,1.892832071266391,0.0,resnet32,0.3664,0.3534,1.9432035232470795,1.9432035232470795,0.0,resnet32,0.4417,0.4328,1.878512592478232,1.878512592478232,0.0,0.0,0.0,0.0,0.0,0.0
wrn28x10x4-resnet32x4_cifar100_K8_indep_seed0005_d001,d001,"wrn28x10:4,resnet32:4",cifar100,8,indep,indep,peers,5,200,64,0.1,0.9,0.0005,True,0,60,0.1,1.0,1,,disagreement,1.0,1,0.0,0.5,weight,complete,0.0,0.0,42,0,45000,5000,10000,148027552,19,0.1,0,132.5,0.44767500000000005,0.034535805694959544,0.3949,0.4957,0.5445,0.09682499999999994,0.448075,0.5408,0.5243642857142857,0.5094998650233519,0.5290357142857143,0.5075875194146141,0.41814999999999997,0.4772,wrn28x10,0.4431,0.4438,1.5685535916550593,1.5685535916550593,0.0,wrn28x10,0.4882,0.4868,1.5595167799090797,1.5595167799090797,0.0,wrn28x10,0.4957,0.4816,1.556963369419629,1.556963369419629,0.0,wrn28x10,0.4818,0.4854,1.5584979157217524,1.5584979157217524,0.0,resnet32,0.4359,0.4358,1.8984843729571863,1.8984843729571863,0.0,resnet32,0.4159,0.4196,1.8878177851438522,1.8878177851438522,0.0,resnet32,0.3949,0.3992,1.931322163648226,1.931322163648226,0.0,resnet32,0.4259,0.4324,1.8771741952408443,1.8771741952408443,0.0,0.0,0.0,0.0,0.0,0.0
wrn28x10x4-resnet32x4_cifar100_K8_indep_seed0005_d001,d001,"wrn28x10:4,resnet32:4",cifar100,8,indep,indep,peers,5,200,64,0.1,0.9,0.0005,True,0,60,0.1,1.0,1,,disagreement,1.0,1,0.0,0.5,weight,complete,0.0,0.0,42,0,45000,5000,10000,148027552,20,0.1,0,132.59,0.4221625,0.053964825059940665,0.3342,0.4967,0.5266,0.10443749999999996,0.42642500000000005,0.5354,0.5575642857142856,0.49100747834717245,0.5592035714285715,0.5041786995988186,0.373475,0.47085,wrn28x10,0.4382,0.4472,1.556275235997005,1.556275235997005,0.0,wrn28x10,0.4967,0.4998,1.5503021007911726,1.5503021007911726,0.0,wrn28x10,0.4844,0.4984,1.5496070064942946,1.5496070064942946,0.0,wrn28x10,0.4641,0.4674,1.545943115245212,1.545943115245212,0.0,resnet32,0.3726,0.3706,1.88926568322561,1.88926568322561,0.0,resnet32,0.3342,0.3444,1.8804355221377178,1.8804355221377178,0.0,resnet32,0.3903,0.3904,1.9204388904300602,1.9204388904300602,0.0,resnet32,0.3968,0.3932,1.8614963252436032,1.8614963252436032,0.0,0.0,0.0,0.0,0.0,0.0
wrn28x10x4-resnet32x4_cifar100_K8_indep_seed0005_d001,d001,"wrn28x10:4,resnet32:4",cifar100,8,indep,indep,peers,5,200,64,0.1,0.9,0.0005,True,0,60,0.1,1.0,1,,disagreement,1.0,1,0.0,0.5,weight,complete,0.0,0.0,42,0,45000,5000,10000,148027552,21,0.1,0,132.69,0.4163,0.03476618328203428,0.3541,0.4868,0.5048,0.08850000000000002,0.41859999999999997,0.5072,0.5418857142857143,0.4893405147272795,0.5484535714285713,0.49411937144947576,0.395975,0.43662500000000004,wrn28x10,0.4077,0.418,1.5495890204540708,1.5495890204540708,0.0,wrn28x10,0.4149,0.4196,1.5401584395122798,1.5401584395122798,0.0,wrn28x10,0.4371,0.4432,1.5414594587954609,1.5414594587954609,0.0,wrn28x10,0.4868,0.4818,1.5453706295652823,1.5453706295652823,0.0,resnet32,0.4208,0.4136,1.8810167529366233,1.8810167529366233,0.0,resnet32,0.4011,0.4098,1.8649245060302995,1.8649245060302995,0.0,resnet32,0.3541,0.3556,1.9173168270764025,1.9173168270764025,0.0,resnet32,0.4079,0.4072,1.8532625081186944,1.8532625081186944,0.0,0.0,0.0,0.0,0.0,0.0
wrn28x10x4-resnet32x4_cifar100_K8_indep_seed0005_d001,d001,"wrn28x10:4,resnet32:4",cifar100,8,indep,indep,peers,5,200,64,0.1,0.9,0.0005,True,0,60,0.1,1.0,1,,disagreement,1.0,1,0.0,0.5,weight,complete,0.0,0.0,42,0,45000,5000,10000,148027552,22,0.1,0,132.4,0.42183750000000003,0.04376842290681719,0.3422,0.4977,0.5291,0.10726249999999998,0.420075,0.5268,0.56975,0.47962142591814383,0.5665678571428571,0.4853731514025475,0.42605,0.417625,wrn28x10,0.3873,0.3812,1.5477538755671545,1.5477538755671545,0.0,wrn28x10,0.4977,0.4954,1.541609832339666,1.541609832339666,0.0,wrn28x10,0.3422,0.3358,1.5424598440189252,1.5424598440189252,0.0,wrn28x10,0.4433,0.4526,1.5359365728429772,1.5359365728429772,0.0,resnet32,0.4177,0.417,1.881763530048457,1.881763530048457,0.0,resnet32,0.4429,0.434,1.8683315715329214,1.8683315715329214,0.0,resnet32,0.3982,0.403,1.908247172324495,1.908247172324495,0.0,resnet32,0.4454,0.4416,1.8513397166336125,1.8513397166336125,0.0,0.0,0.0,0.0,0.0,0.0
wrn28x10x4-resnet32x4_cifar100_K8_indep_seed0005_d001,d001,"wrn28x10:4,resnet32:4",cifar100,8,indep,indep,peers,5,200,64,0.1,0.9,0.0005,True,0,60,0.1,1.0,1,,disagreement,1.0,1,0.0,0.5,weight,complete,0.0,0.0,42,0,45000,5000,10000,148027552,23,0.1,0,132.48,0.4102625,0.01776928090131956,0.3882,0.4391,0.5187,0.10843750000000008,0.409525,0.519,0.5820928571428572,0.4904306621873998,0.5870357142857143,0.48670765779289665,0.40425,0.416275,wrn28x10,0.4161,0.4202,1.5321817282079295,1.5321817282079295,0.0,wrn28x10,0.3882,0.3918,1.5288673305714673,1.5288673305714673,0.0,wrn28x10,0.4217,0.4178,1.52458333207125,1.52458333207125,0.0,wrn28x10,0.4391,0.4362,1.5236852529712699,1.5236852529712699,0.0,resnet32,0.4293,0.4374,1.8760051852600141,1.8760051852600141,0.0,resnet32,0.401,0.3976,1.861636466092684,1.861636466092684,0.0,resnet32,0.39,0.3868,1.9020242828198455,1.9020242828198455,0.0,resnet32,0.3967,0.3884,1.8440920678390698,1.8440920678390698,0.0,0.0,0.0,0.0,0.0,0.0
wrn28x10x4-resnet32x4_cifar100_K8_indep_seed0005_d001,d001,"wrn28x10:4,resnet32:4",cifar100,8,indep,indep,peers,5,200,64,0.1,0.9,0.0005,True,0,60,0.1,1.0,1,,disagreement,1.0,1,0.0,0.5,weight,complete,0.0,0.0,42,0,45000,5000,10000,148027552,24,0.1,0,132.49,0.4136625,0.0486967642020494,0.3115,0.4564,0.5261,0.11243750000000002,0.40642500000000004,0.5166,0.5785714285714285,0.4778197537564867,0.5802821428571426,0.4818754292607768,0.37827500000000003,0.44904999999999995,wrn28x10,0.4564,0.4404,1.5247134307230061,1.5247134307230061,0.0,wrn28x10,0.4402,0.4334,1.518837059424682,1.518837059424682,0.0,wrn28x10,0.4492,0.4426,1.5180240149017086,1.5180240149017086,0.0,wrn28x10,0.4504,0.4488,1.5199159635230899,1.5199159635230899,0.0,resnet32,0.3115,0.3,1.8597227275710215,1.8597227275710215,0.0,resnet32,0.3651,0.355,1.8479628153145313,1.8479628153145313,0.0,resnet32,0.4405,0.4292,1.8868750327012755,1.8868750327012755,0.0,resnet32,0.396,0.402,1.8364878293465485,1.8364878293465485,0.0,0.0,0.0,0.0,0.0,0.0
wrn28x10x4-resnet32x4_cifar100_K8_indep_seed0005_d001,d001,"wrn28x10:4,resnet32:4",cifar100,8,indep,indep,peers,5,200,64,0.1,0.9,0.0005,True,0,60,0.1,1.0,1,,disagreement,1.0,1,0.0,0.5,weight,complete,0.0,0.0,42,0,45000,5000,10000,148027552,25,0.1,0,132.61,0.43800000000000006,0.02659083488723135,0.4066,0.4894,0.5513,0.11329999999999996,0.434575,0.5398,0.5551071428571429,0.4878531344434543,0.5581857142857143,0.47496841385015204,0.41655000000000003,0.45945,wrn28x10,0.436,0.4376,1.5297031993554397,1.5297031993554397,0.0,wrn28x10,0.4894,0.486,1.5161077966066925,1.5161077966066925,0.0,wrn28x10,0.4674,0.4628,1.5148768551986327,1.5148768551986327,0.0,wrn28x10,0.445,0.4354,1.5187992856583812,1.5187992856583812,0.0,resnet32,0.4115,0.4044,1.865549399940805,1.865549399940805,0.0,resnet32,0.4066,0.4044,1.8425398902459578,1.8425398902459578,0.0,resnet32,0.4272,0.4296,1.8872360412708737,1.8872360412708737,0.0,resnet32,0.4209,0.4164,1.8357419021088968,1.8357419021088968,0.0,0.0,0.0,0.0,0.0,0.0
wrn28x10x4-resnet32x4_cifar100_K8_indep_seed0005_d001,d001,"wrn28x10:4,resnet32:4",cifar100,8,indep,indep,peers,5,200,64,0.1,0.9,0.0005,True,0,60,0.1,1.0,1,,disagreement,1.0,1,0.0,0.5,weight,complete,0.0,0.0,42,0,45000,5000,10000,148027552,26,0.1,0,132.46,0.39651249999999993,0.030711457043748343,0.3661,0.4659,0.4914,0.09488750000000007,0.3959,0.4854,0.5692999999999999,0.5139539036606484,0.5738357142857142,0.5024126320203328,0.38949999999999996,0.40352499999999997,wrn28x10,0.3699,0.3774,1.5166231950914317,1.5166231950914317,0.0,wrn28x10,0.3969,0.4008,1.5136890929530968,1.5136890929530968,0.0,wrn28x10,0.4659,0.4596,1.5101632756943053,1.5101632756943053,0.0,wrn28x10,0.3814,0.3842,1.507297739217227,1.507297739217227,0.0,resnet32,0.3866,0.3822,1.8573390672152692,1.8573390672152692,0.0,resnet32,0.384,0.3824,1.8359387545761736,1.8359387545761736,0.0,resnet32,0.4213,0.416,1.886208308183334,1.886208308183334,0.0,resnet32,0.3661,0.3646,1.8315042982047254,1.8315042982047254,0.0,0.0,0.0,0.0,0.0,0.0
wrn28x10x4-resnet32x4_cifar100_K8_indep_seed0005_d001,d001,"wrn28x10:4,resnet32:4",cifar100,8,indep,indep,peers,5,200,64,0.1,0.9,0.0005,True,0,60,0.1,1.0,1,,disagreement,1.0,1,0.0,0.5,weight,complete,0.0,0.0,42,0,45000,5000,10000,148027552,27,0.1,0,132.4,0.426075,0.03354291095000552,0.3754,0.4612,0.5261,0.10002500000000003,0.424325,0.5278,0.5574857142857141,0.4812136919613498,0.5548749999999999,0.5024134587740562,0.403875,0.448275,wrn28x10,0.4268,0.4358,1.511583411473442,1.511583411473442,0.0,wrn28x10,0.4547,0.4676,1.5048097937621854,1.5048097937621854,0.0,wrn28x10,0.4612,0.451,1.5068675886670297,1.5068675886670297,0.0,wrn28x10,0.4504,0.459,1.4966006737879731,1.4966006737879731,0.0,resnet32,0.3802,0.3804,1.8442308879034086,1.8442308879034086,0.0,resnet32,0.4587,0.447,1.8254094223745845,1.8254094223745845,0.0,resnet32,0.3754,0.357,1.866992319680073,1.866992319680073,0.0,resnet32,0.4012,0.3968,1.8207509566775777,1.8207509566775777,0.0,0.0,0.0,0.0,0.0,0.0
wrn28x10x4-resnet32x4_cifar100_K8_indep_seed0005_d001,d001,"wrn28x10:4,resnet32:4",cifar100,8,indep,indep,peers,5,200,64,0.1,0.9,0.0005,True,0,60,0.1,1.0,1,,disagreement,1.0,1,0.0,0.5,weight,complete,0.0,0.0,42,0,45000,5000,10000,148027552,28,0.1,0,132.58,0.38017500000000004,0.02454779776273219,0.3532,0.4103,0.4831,0.10292499999999993,0.375425,0.4762,0.6053357142857143,0.4756593886262831,0.60565,0.4748861872653695,0.38332499999999997,0.377025,wrn28x10,0.4103,0.3938,1.5144694218073378,1.5144694218073378,0.0,wrn28x10,0.3547,0.3518,1.508522680029273,1.508522680029273,0.0,wrn28x10,0.3899,0.393,1.5022333572533997,1.5022333572533997,0.0,wrn28x10,0.3532,0.3578,1.5018412313339384,1.5018412313339384,0.0,resnet32,0.4073,0.4054,1.848807038061998,1.848807038061998,0.0,resnet32,0.3548,0.349,1.8337904509495606,1.8337904509495606,0.0,resnet32,0.3632,0.3562,1.8793751956387,1.8793751956387,0.0,resnet32,0.408,0.3964,1.8262312153184956,1.8262312153184956,0.0,0.0,0.0,0.0,0.0,0.0
wrn28x10x4-resnet32x4_cifar100_K8_indep_seed0005_d001,d001,"wrn28x10:4,resnet32:4",cifar100,8,indep,indep,peers,5,200,64,0.1,0.9,0.0005,True,0,60,0.1,1.0,1,,disagreement,1.0,1,0.0,0.5,weight,complete,0.0,0.0,42,0,45000,5000,10000,148027552,29,0.1,0,132.59,0.433775,0.036983197198187164,0.3657,0.5043,0.5315,0.09772499999999995,0.43905,0.5352,0.52775,0.5035303937045154,0.5347178571428571,0.5103361486202534,0.40864999999999996,0.45890000000000003,wrn28x10,0.4471,0.4528,1.5057532291182063,1.5057532291182063,0.0,wrn28x10,0.4597,0.4662,1.5015511389144443,1.5015511389144443,0.0,wrn28x10,0.4245,0.4256,1.5033801258964972,1.5033801258964972,0.0,wrn28x10,0.5043,0.5222,1.4917848707938737,1.4917848707938737,0.0,resnet32,0.4192,0.4226,1.846544567664916,1.846544567664916,0.0,resnet32,0.4212,0.4262,1.8168366698717529,1.8168366698717529,0.0,resnet32,0.4285,0.4332,1.8636319315568968,1.8636319315568968,0.0,resnet32,0.3657,0.3636,1.8126813625408844,1.8126813625408844,0.0,0.0,0.0,0.0,0.0,0.0
wrn28x10x4-resnet32x4_cifar100_K8_indep_seed0005_d001,d001,"wrn28x10:4,resnet32:4",cifar100,8,indep,indep,peers,5,200,64,0.1,0.9,0.0005,True,0,60,0.1,1.0,1,,disagreement,1.0,1,0.0,0.5,weight,complete,0.0,0.0,42,0,45000,5000,10000,148027552,30,0.1,0,132.67,0.3636625,0.08382265412017206,0.1515,0.4347,0.484,0.12033749999999999,0.359925,0.4808,0.6370857142857144,0.4402724316174212,0.6414285714285715,0.43194816583050516,0.3787,0.34862499999999996,wrn28x10,0.4246,0.4286,1.4969639917835593,1.4969639917835593,0.0,wrn28x10,0.3837,0.3748,1.4914616726508194,1.4914616726508194,0.0,wrn28x10,0.1515,0.1532,1.4918811699714174,1.4918811699714174,0.0,wrn28x10,0.4347,0.434,1.4901939146220684,1.4901939146220684,0.0,resnet32,0.3801,0.375,1.8358307673849843,1.8358307673849843,0.0,resnet32,0.3691,0.3536,1.8136372337625786,1.8136372337625786,0.0,resnet32,0.4052,0.393,1.8609725529835983,1.8609725529835983,0.0,resnet32,0.3604,0.3672,1.8197638405994936,1.8197638405994936,0.0,0.0,0.0,0.0,0.0,0.0
wrn28x10x4-resnet32x4_cifar100_K8_indep_seed0005_d001,d001,"wrn28x10:4,resnet32:4",cifar100,8,indep,indep,peers,5,200,64,0.1,0.9,0.0005,True,0,60,0.1,1.0,1,,disagreement,1.0,1,0.0,0.5,weight,complete,0.0,0.0,42,0,45000,5000,10000,148027552,31,0.1,0,132.5,0.44530000000000003,0.05172402729873226,0.3835,0.525,0.5438,0.09849999999999992,0.44125000000000003,0.5494,0.53855,0.5026620004866875,0.5393392857142857,0.5001018315178959,0.40075,0.48985,wrn28x10,0.5173,0.5238,1.48775263029066,1.48775263029066,0.0,wrn28x10,0.4796,0.4718,1.489597032015974,1.489597032015974,0.0,wrn28x10,0.525,0.514,1.4964252207428217,1.4964252207428217,0.0,wrn28x10,0.4375,0.4366,1.4861459754068742,1.4861459754068742,0.0,resnet32,0.4204,0.4196,1.8411729472943328,1.8411729472943328,0.0,resnet32,0.401,0.3934,1.8235999720001763,1.8235999720001763,0.0,resnet32,0.3981,0.3894,1.8627868120304563,1.8627868120304563,0.0,resnet32,0.3835,0.3814,1.8072923581031235,1.8072923581031235,0.0,0.0,0.0,0.0,0.0,0.0
wrn28x10x4-resnet32x4_cifar100_K8_indep_seed0005_d001,d001,"wrn28x10:4,resnet32:4",cifar100,8,indep,indep,peers,5,200,64,0.1,0.9,0.0005,True,0,60,0.1,1.0,1,,disagreement,1.0,1,0.0,0.5,weight,complete,0.0,0.0,42,0,45000,5000,10000,148027552,32,0.1,0,132.69,0.36026250000000004,0.040707951849116644,0.2705,0.4148,0.4694,0.10913749999999994,0.3607,0.4696,0.6398571428571428,0.43254874368102014,0.641325,0.43858475391531926,0.366875,0.35365,wrn28x10,0.2705,0.264,1.492159087380225,1.492159087380225,0.0,wrn28x10,0.4148,0.4128,1.4869913679801605,1.4869913679801605,0.0,wrn28x10,0.3512,0.3524,1.4826719486577944,1.4826719486577944,0.0,wrn28x10,0.3781,0.378,1.4862792792476036,1.4862792792476036,0.0,resnet32,0.3936,0.3976,1.832522211257707,1.832522211257707,0.0,resnet32,0.3375,0.3368,1.8128214730796488,1.8128214730796488,0.0,resnet32,0.3741,0.3822,1.857907673344016,1.857907673344016,0.0,resnet32,0.3623,0.3618,1.810103653845462,1.810103653845462,0.0,0.0,0.0,0.0,0.0,0.0
wrn28x10x4-resnet32x4_cifar100_K8_indep_seed0005_d001,d001,"wrn28x10:4,resnet32:4",cifar100,8,indep,indep,peers,5,200,64,0.1,0.9,0.0005,True,0,60,0.1,1.0,1,,disagreement,1.0,1,0.0,0.5,weight,complete,0.0,0.0,42,0,45000,5000,10000,148027552,33,0.1,0,132.67,0.42933750000000004,0.023450956137223918,0.3816,0.4555,0.5313,0.10196249999999996,0.432125,0.5332,0.5370571428571427,0.4980744689059741,0.5423857142857142,0.5058761823083198,0.41009999999999996,0.448575,wrn28x10,0.4405,0.4384,1.481908697465604,1.481908697465604,0.0,wrn28x10,0.4438,0.4512,1.485012603754347,1.485012603754347,0.0,wrn28x10,0.4545,0.467,1.481332883916118,1.481332883916118,0.0,wrn28x10,0.4555,0.4684,1.4747866685078903,1.4747866685078903,0.0,resnet32,0.4202,0.4214,1.8309381130066784,1.8309381130066784,0.0,resnet32,0.4289,0.4298,1.8124834378673271,1.8124834378673271,0.0,resnet32,0.4097,0.3982,1.8479981161653996,1.8479981161653996,0.0,resnet32,0.3816,0.3826,1.8017549110068516,1.8017549110068516,0.0,0.0,0.0,0.0,0.0,0.0
wrn28x10x4-resnet32x4_cifar100_K8_indep_seed0005_d001,d001,"wrn28x10:4,resnet32:4",cifar100,8,indep,indep,peers,5,200,64,0.1,0.9,0.0005,True,0,60,0.1,1.0,1,,disagreement,1.0,1,0.0,0.5,weight,complete,0.0,0.0,42,0,45000,5000,10000,148027552,34,0.1,0,132.59,0.4346875,0.030781140228230662,0.392,0.4774,0.5248,0.09011250000000004,0.436225,0.528,0.52965,0.5103119700762021,0.5319642857142858,0.5174951705053145,0.41000000000000003,0.459375,wrn28x10,0.4774,0.473,1.4852151057090273,1.4852151057090273,0.0,wrn28x10,0.4273,0.4212,1.4819620414213701,1.4819620414213701,0.0,wrn28x10,0.4741,0.477,1.4772734977304935,1.4772734977304935,0.0,wrn28x10,0.4587,0.4668,1.4772085625339637,1.4772085625339637,0.0,resnet32,0.3983,0.4002,1.8264320570636878,1.8264320570636878,0.0,resnet32,0.392,0.3954,1.8107846421612934,1.8107846421612934,0.0,resnet32,0.4141,0.419,1.8527787959372455,1.8527787959372455,0.0,resnet32,0.4356,0.4372,1.8067267780954188,1.8067267780954188,0.0,0.0,0.0,0.0,0.0,0.0
wrn28x10x4-resnet32x4_cifar100_K8_indep_seed0005_d001,d001,"wrn28x10:4,resnet32:4",cifar100,8,indep,indep,peers,5,200,64,0.1,0.9,0.0005,True,0,60,0.1,1.0,1,,disagreement,1.0,1,0.0,0.5,weight,complete,0.0,0.0,42,0,45000,5000,10000,148027552,35,0.1,0,132.49,0.4144,0.05727791895661014,0.3273,0.4795,0.4958,0.08140000000000003,0.41055,0.4916,0.5193571428571426,0.5139898879217297,0.5153571428571428,0.5129961821876327,0.361575,0.467225,wrn28x10,0.47,0.464,1.4772145502607932,1.4772145502607932,0.0,wrn28x10,0.4504,0.4446,1.4799461930312894,1.4799461930312894,0.0,wrn28x10,0.469,0.4688,1.4834633872590282,1.4834633872590282,0.0,wrn28x10,0.4795,0.4846,1.4712644061920317,1.4712644061920317,0.0,resnet32,0.3383,0.3382,1.8328720402311196,1.8328720402311196,0.0,resnet32,0.3831,0.3752,1.805165547369556,1.805165547369556,0.0,resnet32,0.3273,0.3234,1.8580029530620032,1.8580029530620032,0.0,resnet32,0.3976,0.3856,1.7990178140726956,1.7990178140726956,0.0,0.0,0.0,0.0,0.0,0.0
wrn28x10x4-resnet32x4_cifar100_K8_indep_seed0005_d001,d001,"wrn28x10:4,resnet32:4",cifar100,8,indep,indep,peers,5,200,64,0.1,0.9,0.0005,True,0,60,0.1,1.0,1,,disagreement,1.0,1,0.0,0.5,weight,complete,0.0,0.0,42,0,45000,5000,10000,148027552,36,0.1,0,132.54,0.420425,0.01430015297120978,0.3938,0.4381,0.5191,0.09867500000000001,0.41705000000000003,0.5082,0.5500142857142857,0.5058255011871909,0.5508499999999998,0.5062390813879857,0.4084,0.43245,wrn28x10,0.4249,0.426,1.4806705720892006,1.4806705720892006,0.0,wrn28x10,0.4362,0.4314,1.4772292525422843,1.4772292525422843,0.0,wrn28x10,0.4306,0.4292,1.4701681910929354,1.4701681910929354,0.0,wrn28x10,0.4381,0.438,1.4684483917768707,1.4684483917768707,0.0,resnet32,0.4102,0.4072,1.8293461633676833,1.8293461633676833,0.0,resnet32,0.4209,0.4096,1.8062015111473473,1.8062015111473473,0.0,resnet32,0.3938,0.396,1.8480869899080559,1.8480869899080559,0.0,resnet32,0.4087,0.399,1.7958524389700457,1.7958524389700457,0.0,0.0,0.0,0.0,0.0,0.0
wrn28x10x4-resnet32x4_cifar100_K8_indep_seed0005_d001,d001,"wrn28x10:4,resnet32:4",cifar100,8,indep,indep,peers,5,200,64,0.1,0.9,0.0005,True,0,60,0.1,1.0,1,,disagreement,1.0,1,0.0,0.5,weight,complete,0.0,0.0,42,0,45000,5000,10000,148027552,37,0.1,0,132.42,0.43405000000000005,0.0397033373912068,0.4002,0.5242,0.5494,0.11534999999999995,0.4259,0.538,0.578142857142857,0.47790503487425234,0.5724535714285715,0.4837603675839949,0.40922499999999995,0.45887500000000003,wrn28x10,0.4398,0.4366,1.481271985240958,1.481271985240958,0.0,wrn28x10,0.4661,0.4608,1.4820965077220039,1.4820965077220039,0.0,wrn28x10,0.4054,0.3866,1.4805130325257778,1.4805130325257778,0.0,wrn28x10,0.5242,0.5194,1.4715640803968364,1.4715640803968364,0.0,resnet32,0.4156,0.4164,1.8237318071452053,1.8237318071452053,0.0,resnet32,0.413,0.3938,1.7950720258734443,1.7950720258734443,0.0,resnet32,0.4081,0.4048,1.8410541594705798,1.8410541594705798,0.0,resnet32,0.4002,0.3888,1.7966822438280692,1.7966822438280692,0.0,0.0,0.0,0.0,0.0,0.0
wrn28x10x4-resnet32x4_cifar100_K8_indep_seed0005_d001,d001,"wrn28x10:4,resnet32:4",cifar100,8,indep,indep,peers,5,200,64,0.1,0.9,0.0005,True,0,60,0.1,1.0,1,,disagreement,1.0,1,0.0,0.5,weight,complete,0.0,0.0,42,0,45000,5000,10000,148027552,38,0.1,0,132.53,0.3972,0.036519823384019816,0.3177,0.4545,0.5123,0.11509999999999998,0.3944,0.5064,0.5991142857142858,0.4555002698510915,0.6006357142857144,0.4635616683213228,0.402175,0.39222500000000005,wrn28x10,0.4545,0.458,1.4773747272450815,1.4773747272450815,0.0,wrn28x10,0.3905,0.401,1.4743423172357408,1.4743423172357408,0.0,wrn28x10,0.3177,0.319,1.471338318745521,1.471338318745521,0.0,wrn28x10,0.4062,0.4038,1.465896619314497,1.465896619314497,0.0,resnet32,0.4174,0.4108,1.8227179153737696,1.8227179153737696,0.0,resnet32,0.3833,0.3672,1.7991855638948353,1.7991855638948353,0.0,resnet32,0.4151,0.4082,1.8473431986163964,1.8473431986163964,0.0,resnet32,0.3929,0.3872,1.7963251964273779,1.7963251964273779,0.0,0.0,0.0,0.0,0.0,0.0
wrn28x10x4-resnet32x4_cifar100_K8_indep_seed0005_d001,d001,"wrn28x10:4,resnet32:4",cifar100,8,indep,indep,peers,5,200,64,0.1,0.9,0.0005,True,0,60,0.1,1.0,1,,disagreement,1.0,1,0.0,0.5,weight,complete,0.0,0.0,42,0,45000,5000,10000,148027552,39,0.1,0,132.7,0.433925,0.02929956271004739,0.3885,0.481,0.5473,0.113375,0.435975,0.5516,0.5625000000000001,0.473028088911677,0.5675000000000001,0.4759198989930482,0.423325,0.444525,wrn28x10,0.4054,0.4116,1.4760148013857277,1.4760148013857277,0.0,wrn28x10,0.4623,0.4608,1.4796345862136646,1.4796345862136646,0.0,wrn28x10,0.481,0.4858,1.4691496526145122,1.4691496526145122,0.0,wrn28x10,0.4294,0.4386,1.4645379694517364,1.4645379694517364,0.0,resnet32,0.4111,0.414,1.818428785116835,1.818428785116835,0.0,resnet32,0.4537,0.445,1.7997506399723617,1.7997506399723617,0.0,resnet32,0.3885,0.3902,1.8434677889401263,1.8434677889401263,0.0,resnet32,0.44,0.4418,1.793283647434278,1.793283647434278,0.0,0.0,0.0,0.0,0.0,0.0
wrn28x10x4-resnet32x4_cifar100_K8_indep_seed0005_d001,d001,"wrn28x10:4,resnet32:4",cifar100,8,indep,indep,peers,5,200,64,0.1,0.9,0.0005,True,0,60,0.1,1.0,1,,disagreement,1.0,1,0.0,0.5,weight,complete,0.0,0.0,42,0,45000,5000,10000,148027552,40,0.1,0,132.58,0.430975,0.04786793681578515,0.3559,0.5132,0.5351,0.10412500000000002,0.4323,0.5344,0.5458071428571428,0.4979635196945474,0.5507785714285716,0.4928318152826093,0.39495,0.46699999999999997,wrn28x10,0.4447,0.446,1.4780819416046143,1.4780819416046143,0.0,wrn28x10,0.4381,0.431,1.4627963924272493,1.4627963924272493,0.0,wrn28x10,0.5132,0.5184,1.464305349625647,1.464305349625647,0.0,wrn28x10,0.472,0.4798,1.4607287368483164,1.4607287368483164,0.0,resnet32,0.3693,0.3774,1.8156459233300253,1.8156459233300253,0.0,resnet32,0.3559,0.3552,1.791099502620372,1.791099502620372,0.0,resnet32,0.4368,0.4356,1.8381288244642995,1.8381288244642995,0.0,resnet32,0.4178,0.415,1.791107508607886,1.791107508607886,0.0,0.0,0.0,0.0,0.0,0.0
wrn28x10x4-resnet32x4_cifar100_K8_indep_seed0005_d001,d001,"wrn28x10:4,resnet32:4",cifar100,8,indep,indep,peers,5,200,64,0.1,0.9,0.0005,True,0,60,0.1,1.0,1,,disagreement,1.0,1,0.0,0.5,weight,complete,0.0,0.0,42,0,45000,5000,10000,148027552,41,0.1,0,132.62,0.36907500000000004,0.04126874574057224,0.2862,0.4201,0.4751,0.10602499999999998,0.362625,0.4658,0.6261428571428571,0.45490957128343285,0.6217392857142857,0.46316241048579077,0.36755,0.37060000000000004,wrn28x10,0.3697,0.3614,1.466706475920298,1.466706475920298,0.0,wrn28x10,0.4201,0.4162,1.4599048988046972,1.4599048988046972,0.0,wrn28x10,0.2862,0.2832,1.461481229910119,1.461481229910119,0.0,wrn28x10,0.4064,0.3984,1.4541045920076696,1.4541045920076696,0.0,resnet32,0.3879,0.3924,1.807601521299644,1.807601521299644,0.0,resnet32,0.3893,0.3772,1.7873366143215785,1.7873366143215785,0.0,resnet32,0.3244,0.3142,1.8283818941563368,1.8283818941563368,0.0,resnet32,0.3686,0.358,1.7788413749499754,1.7788413749499754,0.0,0.0,0.0,0.0,0.0,0.0
wrn28x10x4-resnet32x4_cifar100_K8_indep_seed0005_d001,d001,"wrn28x10:4,resnet32:4",cifar100,8,indep,indep,peers,5,200,64,0.1,0.9,0.0005,True,0,60,0.1,1.0,1,,disagreement,1.0,1,0.0,0.5,weight,complete,0.0,0.0,42,0,45000,5000,10000,148027552,42,0.1,0,132.55,0.42779999999999996,0.03739605594177011,0.383,0.4875,0.528,0.10020000000000007,0.42579999999999996,0.5222,0.5412357142857142,0.5097558057184151,0.5435678571428573,0.5094119158120998,0.39255,0.46305,wrn28x10,0.461,0.461,1.4644529793242163,1.4644529793242163,0.0,wrn28x10,0.4521,0.453,1.4595263061875647,1.4595263061875647,0.0,wrn28x10,0.4516,0.446,1.4632893049750815,1.4632893049750815,0.0,wrn28x10,0.4875,0.4912,1.4526609364389018,1.4526609364389018,0.0,resnet32,0.383,0.3746,1.8086083538152955,1.8086083538152955,0.0,resnet32,0.4085,0.4078,1.786155067892237,1.786155067892237,0.0,resnet32,0.3931,0.39,1.83242275362665,1.83242275362665,0.0,resnet32,0.3856,0.3828,1.79348035546189,1.79348035546189,0.0,0.0,0.0,0.0,0.0,0.0
wrn28x10x4-resnet32x4_cifar100_K8_indep_seed0005_d001,d001,"wrn28x10:4,resnet32:4",cifar100,8,indep,indep,peers,5,200,64,0.1,0.9,0.0005,True,0,60,0.1,1.0,1,,disagreement,1.0,1,0.0,0.5,weight,complete,0.0,0.0,42,0,45000,5000,10000,148027552,43,0.1,0,132.7,0.45045,0.04226881237981497,0.3723,0.5126,0.5594,0.10894999999999999,0.44614999999999994,0.5442,0.5308428571428571,0.5014064793804077,0.5326785714285714,0.5051597450637574,0.41525,0.48564999999999997,wrn28x10,0.4698,0.4664,1.468364710326899,1.468364710326899,0.0,wrn28x10,0.4939,0.4958,1.461629888212139,1.461629888212139,0.0,wrn28x10,0.4663,0.4558,1.462038611315868,1.462038611315868,0.0,wrn28x10,0.5126,0.5044,1.4631981261243874,1.4631981261243874,0.0,resnet32,0.4123,0.406,1.8173103743994778,1.8173103743994778,0.0,resnet32,0.4434,0.439,1.7944938718256624,1.7944938718256624,0.0,resnet32,0.3723,0.3802,1.8343450151045213,1.8343450151045213,0.0,resnet32,0.433,0.4216,1.7898178197104821,1.7898178197104821,0.0,0.0,0.0,0.0,0.0,0.0
wrn28x10x4-resnet32x4_cifar100_K8_indep_seed0005_d001,d001,"wrn28x10:4,resnet32:4",cifar100,8,indep,indep,peers,5,200,64,0.1,0.9,0.0005,True,0,60,0.1,1.0,1,,disagreement,1.0,1,0.0,0.5,weight,complete,0.0,0.0,42,0,45000,5000,10000,148027552,44,0.1,0,132.55,0.4182625,0.01946194604221273,0.3867,0.4432,0.5137,0.09543750000000006,0.4168,0.5194,0.5619500000000001,0.4810956182224566,0.5669892857142856,0.4885594272994849,0.414825,0.42169999999999996,wrn28x10,0.44,0.4344,1.4517220232466406,1.4517220232466406,0.0,wrn28x10,0.4116,0.4136,1.4496840369802984,1.4496840369802984,0.0,wrn28x10,0.4007,0.4192,1.4483239627866582,1.4483239627866582,0.0,wrn28x10,0.4345,0.4344,1.4511782631108707,1.4511782631108707,0.0,resnet32,0.4025,0.3882,1.799790827726776,1.799790827726776,0.0,resnet32,0.3867,0.39,1.774081209843809,1.774081209843809,0.0,resnet32,0.4432,0.4364,1.8239851800555533,1.8239851800555533,0.0,resnet32,0.4269,0.4182,1.7792511770332402,1.7792511770332402,0.0,0.0,0.0,0.0,0.0,0.0
wrn28x10x4-resnet32x4_cifar100_K8_indep_seed0005_d001,d001,"wrn28x10:4,resnet32:4",cifar100,8,indep,indep,peers,5,200,64,0.1,0.9,0.0005,True,0,60,0.1,1.0,1,,disagreement,1.0,1,0.0,0.5,weight,complete,0.0,0.0,42,0,45000,5000,10000,148027552,45,0.1,0,132.48,0.4079,0.03575762156519921,0.3397,0.4503,0.5126,0.10469999999999996,0.399675,0.5038,0.5695142857142859,0.48273785358188415,0.5647500000000001,0.48841284322950973,0.3863,0.4295,wrn28x10,0.4397,0.4362,1.4548471875658089,1.4548471875658089,0.0,wrn28x10,0.382,0.3702,1.4513208806853404,1.4513208806853404,0.0,wrn28x10,0.446,0.4346,1.4540431588380174,1.4540431588380174,0.0,wrn28x10,0.4503,0.4468,1.4500205801291899,1.4500205801291899,0.0,resnet32,0.3885,0.3852,1.8090890159999782,1.8090890159999782,0.0,resnet32,0.4201,0.4064,1.7773797090419314,1.7773797090419314,0.0,resnet32,0.3397,0.3296,1.822943757034161,1.822943757034161,0.0,resnet32,0.3969,0.3884,1.7771970638158647,1.7771970638158647,0.0,0.0,0.0,0.0,0.0,0.0
wrn28x10x4-resnet32x4_cifar100_K8_indep_seed0005_d001,d001,"wrn28x10:4,resnet32:4",cifar100,8,indep,indep,peers,5,200,64,0.1,0.9,0.0005,True,0,60,0.1,1.0,1,,disagreement,1.0,1,0.0,0.5,weight,complete,0.0,0.0,42,0,45000,5000,10000,148027552,46,0.1,0,132.5,0.3964125,0.032254861552175364,0.3368,0.4484,0.5053,0.10888749999999997,0.392175,0.5016,0.5955428571428572,0.4453589243074941,0.5948499999999999,0.45941144745305174,0.410825,0.382,wrn28x10,0.3961,0.394,1.4651271963322705,1.4651271963322705,0.0,wrn28x10,0.3368,0.3446,1.4611175437881188,1.4611175437881188,0.0,wrn28x10,0.3747,0.3722,1.45395483457568,1.45395483457568,0.0,wrn28x10,0.4204,0.4142,1.4575898495756767,1.4575898495756767,0.0,resnet32,0.4484,0.439,1.8039779876443474,1.8039779876443474,0.0,resnet32,0.4089,0.4072,1.7832215553657575,1.7832215553657575,0.0,resnet32,0.3725,0.3698,1.8251083017411558,1.8251083017411558,0.0,resnet32,0.4135,0.3964,1.7772612287239595,1.7772612287239595,0.0,0.0,0.0,0.0,0.0,0.0
wrn28x10x4-resnet32x4_cifar100_K8_indep_seed0005_d001,d001,"wrn28x10:4,resnet32:4",cifar100,8,indep,indep,peers,5,200,64,0.1,0.9,0.0005,True,0,60,0.1,1.0,1,,disagreement,1.0,1,0.0,0.5,weight,complete,0.0,0.0,42,0,45000,5000,10000,148027552,47,0.1,0,132.7,0.407975,0.022156587620840888,0.3648,0.4389,0.4934,0.08542500000000003,0.401925,0.4832,0.5255357142857144,0.5095179336220378,0.5322535714285714,0.5081426310774065,0.409925,0.40602499999999997,wrn28x10,0.4389,0.4356,1.462268208407543,1.462268208407543,0.0,wrn28x10,0.4206,0.4116,1.4552898974242536,1.4552898974242536,0.0,wrn28x10,0.3648,0.355,1.4571050995622168,1.4571050995622168,0.0,wrn28x10,0.3998,0.4008,1.4520270859991962,1.4520270859991962,0.0,resnet32,0.4175,0.413,1.8062496862628243,1.8062496862628243,0.0,resnet32,0.4281,0.416,1.7768851124088874,1.7768851124088874,0.0,resnet32,0.3885,0.3834,1.8267209406264804,1.8267209406264804,0.0,resnet32,0.4056,0.4,1.7749851765957745,1.7749851765957745,0.0,0.0,0.0,0.0,0.0,0.0
wrn28x10x4-resnet32x4_cifar100_K8_indep_seed0005_d001,d001,"wrn28x10:4,resnet32:4",cifar100,8,indep,indep,peers,5,200,64,0.1,0.9,0.0005,True,0,60,0.1,1.0,1,,disagreement,1.0,1,0.0,0.5,weight,complete,0.0,0.0,42,0,45000,5000,10000,148027552,48,0.1,0,132.6,0.401525,0.04064239627531821,0.3446,0.4866,0.5109,0.109375,0.40027500000000005,0.5116,0.5819714285714285,0.47435441683965346,0.5861035714285715,0.47789542305221216,0.3847,0.41835,wrn28x10,0.4081,0.4076,1.4602157148447903,1.4602157148447903,0.0,wrn28x10,0.3718,0.3764,1.4647789315574549,1.4647789315574549,0.0,wrn28x10,0.4069,0.4124,1.457740052095191,1.457740052095191,0.0,wrn28x10,0.4866,0.4944,1.454613659022884,1.454613659022884,0.0,resnet32,0.3446,0.3404,1.8049063882367178,1.8049063882367178,0.0,resnet32,0.4124,0.3978,1.7873388224027373,1.7873388224027373,0.0,resnet32,0.3641,0.3578,1.828565797006542,1.828565797006542,0.0,resnet32,0.4177,0.4154,1.7825290486216545,1.7825290486216545,0.0,0.0,0.0,0.0,0.0,0.0
wrn28x10x4-resnet32x4_cifar100_K8_indep_seed0005_d001,d001,"wrn28x10:4,resnet32:4",cifar100,8,indep,indep,peers,5,200,64,0.1,0.9,0.0005,True,0,60,0.1,1.0,1,,disagreement,1.0,1,0.0,0.5,weight,complete,0.0,0.0,42,0,45000,5000,10000,148027552,49,0.1,0,132.57,0.359275,0.035392645775641024,0.3036,0.4192,0.4704,0.11112499999999997,0.355425,0.47,0.6378071428571428,0.4446646017365847,0.6366178571428571,0.4452529965483324,0.351175,0.367375,wrn28x10,0.4192,0.4144,1.459591435607184,1.459591435607184,0.0,wrn28x10,0.3036,0.3092,1.4528938277031889,1.4528938277031889,0.0,wrn28x10,0.3885,0.3918,1.4522757880728354,1.4522757880728354,0.0,wrn28x10,0.3582,0.3614,1.4492948680100115,1.4492948680100115,0.0,resnet32,0.3877,0.3782,1.797312613745982,1.797312613745982,0.0,resnet32,0.3229,0.3082,1.7729651145637035,1.7729651145637035,0.0,resnet32,0.3518,0.343,1.8196193785829977,1.8196193785829977,0.0,resnet32,0.3423,0.3372,1.7769884517924353,1.7769884517924353,0.0,0.0,0.0,0.0,0.0,0.0
wrn28x10x4-resnet32x4_cifar100_K8_indep_seed0005_d001,d001,"wrn28x10:4,resnet32:4",cifar100,8,indep,indep,peers,5,200,64,0.1,0.9,0.0005,True,0,60,0.1,1.0,1,,disagreement,1.0,1,0.0,0.5,weight,complete,0.0,0.0,42,0,45000,5000,10000,148027552,50,0.1,0,132.52,0.439,0.029803313574164866,0.3935,0.4835,0.5455,0.10649999999999998,0.432825,0.5376,0.5598714285714287,0.48747773182412574,0.5570642857142858,0.4950521749590579,0.4234,0.4546,wrn28x10,0.4835,0.476,1.4520161046053877,1.4520161046053877,0.0,wrn28x10,0.4501,0.4446,1.4509270925244147,1.4509270925244147,0.0,wrn28x10,0.4797,0.4652,1.445504156110639,1.445504156110639,0.0,wrn28x10,0.4051,0.407,1.4516450816934758,1.4516450816934758,0.0,resnet32,0.4293,0.415,1.795905397019603,1.795905397019603,0.0,resnet32,0.4372,0.4424,1.7743462156504393,1.7743462156504393,0.0,resnet32,0.3935,0.3886,1.821704683994705,1.821704683994705,0.0,resnet32,0.4336,0.4238,1.7774607075208968,1.7774607075208968,0.0,0.0,0.0,0.0,0.0,0.0
wrn28x10x4-resnet32x4_cifar100_K8_indep_seed0005_d001,d001,"wrn28x10:4,resnet32:4",cifar100,8,indep,indep,peers,5,200,64,0.1,0.9,0.0005,True,0,60,0.1,1.0,1,,disagreement,1.0,1,0.0,0.5,weight,complete,0.0,0.0,42,0,45000,5000,10000,148027552,51,0.1,0,132.52,0.4267125,0.017995793779380778,0.3991,0.4592,0.5217,0.09498750000000006,0.430575,0.5244,0.5249500000000001,0.5208500592507487,0.5310749999999999,0.5219002152455803,0.41635,0.437075,wrn28x10,0.4191,0.4262,1.4531824903731996,1.4531824903731996,0.0,wrn28x10,0.4328,0.4288,1.4544848194345832,1.4544848194345832,0.0,wrn28x10,0.4592,0.4686,1.4486620706421407,1.4486620706421407,0.0,wrn28x10,0.4372,0.4372,1.4556947951628403,1.4556947951628403,0.0,resnet32,0.4149,0.4144,1.7984641704031012,1.7984641704031012,0.0,resnet32,0.4403,0.4442,1.7703757594254883,1.7703757594254883,0.0,resnet32,0.3991,0.41,1.8154914218255065,1.8154914218255065,0.0,resnet32,0.4111,0.4152,1.775957260958173,1.775957260958173,0.0,0.0,0.0,0.0,0.0,0.0
wrn28x10x4-resnet32x4_cifar100_K8_indep_seed0005_d001,d001,"wrn28x10:4,resnet32:4",cifar100,8,indep,indep,peers,5,200,64,0.1,0.9,0.0005,True,0,60,0.1,1.0,1,,disagreement,1.0,1,0.0,0.5,weight,complete,0.0,0.0,42,0,45000,5000,10000,148027552,52,0.1,0,132.51,0.44038750000000004,0.02802982507526582,0.4111,0.4937,0.5366,0.09621249999999992,0.43510000000000004,0.5274,0.5491928571428571,0.512280773742454,0.54185,0.5245584859203791,0.42447500000000005,0.4563,wrn28x10,0.4937,0.4886,1.454872409305112,1.454872409305112,0.0,wrn28x10,0.4751,0.4652,1.454488522627137,1.454488522627137,0.0,wrn28x10,0.4384,0.4442,1.44660082180053,1.44660082180053,0.0,wrn28x10,0.418,0.4146,1.4490822733125903,1.4490822733125903,0.0,resnet32,0.4227,0.4222,1.8001730284568938,1.8001730284568938,0.0,resnet32,0.4175,0.4032,1.7717946950684895,1.7717946950684895,0.0,resnet32,0.4111,0.3998,1.8195004964416677,1.8195004964416677,0.0,resnet32,0.4466,0.443,1.778375406326218,1.778375406326218,0.0,0.0,0.0,0.0,0.0,0.0
wrn28x10x4-resnet32x4_cifar100_K8_indep_seed0005_d001,d001,"wrn28x10:4,resnet32:4",cifar100,8,indep,indep,peers,5,200,64,0.1,0.9,0.0005,True,0,60,0.1,1.0,1,,disagreement,1.0,1,0.0,0.5,weight,complete,0.0,0.0,42,0,45000,5000,10000,148027552,53,0.1,0,132.72,0.4318375,0.028164425145030023,0.384,0.4735,0.5353,0.10346250000000001,0.42975,0.5332,0.5649571428571428,0.48445020488763596,0.5692928571428572,0.48031019927276325,0.44572500000000004,0.41795000000000004,wrn28x10,0.4735,0.4686,1.4441788465800611,1.4441788465800611,0.0,wrn28x10,0.4116,0.4054,1.4455427329309962,1.4455427329309962,0.0,wrn28x10,0.4027,0.4034,1.4480131235481664,1.4480131235481664,0.0,wrn28x10,0.384,0.3868,1.44264691085978,1.44264691085978,0.0,resnet32,0.4498,0.445,1.7960956694388932,1.7960956694388932,0.0,resnet32,0.4577,0.46,1.7681449514559724,1.7681449514559724,0.0,resnet32,0.4389,0.4348,1.8133337584070184,1.8133337584070184,0.0,resnet32,0.4365,0.434,1.7662706019526178,1.7662706019526178,0.0,0.0,0.0,0.0,0.0,0.0
wrn28x10x4-resnet32x4_cifar100_K8_indep_seed0005_d001,d001,"wrn28x10:4,resnet32:4",cifar100,8,indep,indep,peers,5,200,64,0.1,0.9,0.0005,True,0,60,0.1,1.0,1,,disagreement,1.0,1,0.0,0.5,weight,complete,0.0,0.0,42,0,45000,5000,10000,148027552,54,0.1,0,132.66,0.4442,0.04712955548273293,0.3862,0.5219,0.5635,0.11930000000000002,0.442425,0.5604,0.5689285714285713,0.47096278217396353,0.5697321428571429,0.47027673655477426,0.40237500000000004,0.48602500000000004,wrn28x10,0.4442,0.446,1.4527140458707104,1.4527140458707104,0.0,wrn28x10,0.5219,0.5136,1.4455950729210267,1.4455950729210267,0.0,wrn28x10,0.4868,0.4816,1.442759975113652,1.442759975113652,0.0,wrn28x10,0.4912,0.4946,1.440689903260632,1.440689903260632,0.0,resnet32,0.3951,0.3892,1.7887218001891265,1.7887218001891265,0.0,resnet32,0.4219,0.4226,1.7649365826086565,1.7649365826086565,0.0,resnet32,0.4063,0.4044,1.8119968631389467,1.8119968631389467,0.0,resnet32,0.3862,0.3874,1.7681465463882142,1.7681465463882142,0.0,0.0,0.0,0.0,0.0,0.0
wrn28x10x4-resnet32x4_cifar100_K8_indep_seed0005_d001,d001,"wrn28x10:4,resnet32:4",cifar100,8,indep,indep,peers,5,200,64,0.1,0.9,0.0005,True,0,60,0.1,1.0,1,,disagreement,1.0,1,0.0,0.5,weight,complete,0.0,0.0,42,0,45000,5000,10000,148027552,55,0.1,0,132.5,0.4523125,0.03279883524989875,0.3993,0.5237,0.5717,0.11938749999999998,0.45135000000000003,0.5728,0.5549357142857143,0.4632671561815784,0.5572321428571427,0.4690673462887815,0.444175,0.46044999999999997,wrn28x10,0.5237,0.5322,1.457624100910669,1.457624100910669,0.0,wrn28x10,0.4682,0.4718,1.4499795310707255,1.4499795310707255,0.0,wrn28x10,0.4506,0.4482,1.4435866578397425,1.4435866578397425,0.0,wrn28x10,0.3993,0.3944,1.4431459195065228,1.4431459195065228,0.0,resnet32,0.4337,0.4358,1.7954931384460493,1.7954931384460493,0.0,resnet32,0.4434,0.4428,1.7621400564570318,1.7621400564570318,0.0,resnet32,0.4481,0.442,1.8164214297113093,1.8164214297113093,0.0,resnet32,0.4515,0.4436,1.7709362750703639,1.7709362750703639,0.0,0.0,0.0,0.0,0.0,0.0
wrn28x10x4-resnet32x4_cifar100_K8_indep_seed0005_d001,d001,"wrn28x10:4,resnet32:4",cifar100,8,indep,indep,peers,5,200,64,0.1,0.9,0.0005,True,0,60,0.1,1.0,1,,disagreement,1.0,1,0.0,0.5,weight,complete,0.0,0.0,42,0,45000,5000,10000,148027552,56,0.1,0,132.54,0.4224625,0.0490931751239416,0.3492,0.4916,0.5374,0.11493749999999997,0.41722499999999996,0.5288,0.5621428571428572,0.47139674617070837,0.5576535714285715,0.48179838617592213,0.392625,0.4523,wrn28x10,0.4851,0.4864,1.446330506439236,1.446330506439236,0.0,wrn28x10,0.4597,0.4458,1.4506996352733537,1.4506996352733537,0.0,wrn28x10,0.4916,0.49,1.4454931432211942,1.4454931432211942,0.0,wrn28x10,0.3728,0.3746,1.4425725317136808,1.4425725317136808,0.0,resnet32,0.4218,0.4108,1.8016915512694553,1.8016915512694553,0.0,resnet32,0.387,0.375,1.7705077097158541,1.7705077097158541,0.0,resnet32,0.3492,0.3434,1.8156446233730426,1.8156446233730426,0.0,resnet32,0.4125,0.4118,1.7742132903500036,1.7742132903500036,0.0,0.0,0.0,0.0,0.0,0.0
wrn28x10x4-resnet32x4_cifar100_K8_indep_seed0005_d001,d001,"wrn28x10:4,resnet32:4",cifar100,8,indep,indep,peers,5,200,64,0.1,0.9,0.0005,True,0,60,0.1,1.0,1,,disagreement,1.0,1,0.0,0.5,weight,complete,0.0,0.0,42,0,45000,5000,10000,148027552,57,0.1,0,132.5,0.424025,0.026574741296953395,0.3856,0.4655,0.5217,0.09767500000000007,0.424,0.5178,0.5568000000000001,0.48835822699816445,0.5611357142857142,0.48855300935653867,0.428725,0.419325,wrn28x10,0.3856,0.3878,1.4498495925217867,1.4498495925217867,0.0,wrn28x10,0.43,0.4294,1.4483964330601422,1.4483964330601422,0.0,wrn28x10,0.4077,0.4134,1.4426343601027674,1.4426343601027674,0.0,wrn28x10,0.454,0.455,1.4518612263385544,1.4518612263385544,0.0,resnet32,0.4182,0.412,1.7887796735899015,1.7887796735899015,0.0,resnet32,0.3924,0.3834,1.7680754507468506,1.7680754507468506,0.0,resnet32,0.4655,0.4688,1.8090930254283277,1.8090930254283277,0.0,resnet32,0.4388,0.4422,1.765816230326891,1.765816230326891,0.0,0.0,0.0,0.0,0.0,0.0
wrn28x10x4-resnet32x4_cifar100_K8_indep_seed0005_d001,d001,"wrn28x10:4,resnet32:4",cifar100,8,indep,indep,peers,5,200,64,0.1,0.9,0.0005,True,0,60,0.1,1.0,1,,disagreement,1.0,1,0.0,0.5,weight,complete,0.0,0.0,42,0,45000,5000,10000,148027552,58,0.1,0,132.55,0.4065625,0.034337368037605905,0.3395,0.452,0.5113,0.10473749999999998,0.4078,0.5132,0.5730785714285712,0.47871676348772885,0.5777357142857144,0.47919979947845937,0.39659999999999995,0.41652500000000003,wrn28x10,0.4093,0.4006,1.4382787110622635,1.4382787110622635,0.0,wrn28x10,0.4309,0.432,1.4383557302538643,1.4383557302538643,0.0,wrn28x10,0.452,0.4558,1.435815934515135,1.435815934515135,0.0,wrn28x10,0.3739,0.3792,1.4359699554572052,1.4359699554572052,0.0,resnet32,0.4316,0.4314,1.7904738367281177,1.7904738367281177,0.0,resnet32,0.4246,0.4204,1.7629716784100642,1.7629716784100642,0.0,resnet32,0.3907,0.395,1.7982132114808669,1.7982132114808669,0.0,resnet32,0.3395,0.348,1.7657993198795752,1.7657993198795752,0.0,0.0,0.0,0.0,0.0,0.0
wrn28x10x4-resnet32x4_cifar100_K8_indep_seed0005_d001,d001,"wrn28x10:4,resnet32:4",cifar100,8,indep,indep,peers,5,200,64,0.1,0.9,0.0005,True,0,60,0.1,1.0,1,,disagreement,1.0,1,0.0,0.5,weight,complete,0.0,0.0,42,0,45000,5000,10000,148027552,59,0.1,0,132.56,0.42177499999999996,0.03770536268224985,0.3732,0.4759,0.5169,0.09512500000000007,0.41647500000000004,0.5134,0.5468285714285713,0.5083942596246984,0.5455678571428572,0.5128834259412535,0.38902499999999995,0.454525,wrn28x10,0.4572,0.4522,1.4530771059746093,1.4530771059746093,0.0,wrn28x10,0.4673,0.4724,1.4406223632395267,1.4406223632395267,0.0,wrn28x10,0.4177,0.417,1.4397239773957566,1.4397239773957566,0.0,wrn28x10,0.4759,0.476,1.4417056974700906,1.4417056974700906,0.0,resnet32,0.3773,0.3672,1.7895116362382064,1.7895116362382064,0.0,resnet32,0.3732,0.3578,1.7704712023789233,1.7704712023789233,0.0,resnet32,0.4074,0.398,1.8097068193283947,1.8097068193283947,0.0,resnet32,0.3982,0.3912,1.7711107400669293,1.7711107400669293,0.0,0.0,0.0,0.0,0.0,0.0
wrn28x10x4-resnet32x4_cifar100_K8_indep_seed0005_d001,d001,"wrn28x10:4,resnet32:4",cifar100,8,indep,indep,peers,5,200,64,0.1,0.9,0.0005,True,0,60,0.1,1.0,1,,disagreement,1.0,1,0.0,0.5,weight,complete,0.0,0.0,42,0,45000,5000,10000,148027552,60,0.010000000000000002,0,132.69,0.6742625,0.04119304970198248,0.6276,0.7177,0.7321,0.057837499999999986,0.667925,0.727,0.2679571428571429,0.6414236675851799,0.26750714285714283,0.6429646952634025,0.6332,0.715325,wrn28x10,0.7121,0.7128,0.9007147058675234,0.9007147058675234,0.0,wrn28x10,0.7177,0.7122,0.8929373194378886,0.8929373194378886,0.0,wrn28x10,0.7149,0.7126,0.9022281700321897,0.9022281700321897,0.0,wrn28x10,0.7166,0.7162,0.9000517997298051,0.9000517997298051,0.0,resnet32,0.6276,0.6196,1.3149566619910977,1.3149566619910977,0.0,resnet32,0.6359,0.6216,1.2803522941063752,1.2803522941063752,0.0,resnet32,0.6311,0.6164,1.3253285857764157,1.3253285857764157,0.0,resnet32,0.6382,0.632,1.2892744787545367,1.2892744787545367,0.0,0.0,0.0,0.0,0.0,0.0
wrn28x10x4-resnet32x4_cifar100_K8_indep_seed0005_d001,d001,"wrn28x10:4,resnet32:4",cifar100,8,indep,indep,peers,5,200,64,0.1,0.9,0.0005,True,0,60,0.1,1.0,1,,disagreement,1.0,1,0.0,0.5,weight,complete,0.0,0.0,42,0,45000,5000,10000,148027552,61,0.010000000000000002,0,132.46,0.6812125,0.0389334508327993,0.6354,0.7206,0.7358,0.05458750000000001,0.6799999999999999,0.7394,0.2586785714285714,0.6448926091019818,0.2640357142857143,0.6384496447060956,0.6425000000000001,0.719925,wrn28x10,0.7189,0.7298,0.7403355733576146,0.7403355733576146,0.0,wrn28x10,0.7198,0.727,0.7359809604134749,0.7359809604134749,0.0,wrn28x10,0.7206,0.7232,0.7379125519232317,0.7379125519232317,0.0,wrn28x10,0.7204,0.7214,0.7370753730647266,0.7370753730647266,0.0,resnet32,0.6382,0.634,1.1761809224262834,1.1761809224262834,0.0,resnet32,0.6491,0.634,1.1472428868609397,1.1472428868609397,0.0,resnet32,0.6354,0.6312,1.1843078435313972,1.1843078435313972,0.0,resnet32,0.6473,0.6394,1.1516601663421502,1.1516601663421502,0.0,0.0,0.0,0.0,0.0,0.0
wrn28x10x4-resnet32x4_cifar100_K8_indep_seed0005_d001,d001,"wrn28x10:4,resnet32:4",cifar100,8,indep,indep,peers,5,200,64,0.1,0.9,0.0005,True,0,60,0.1,1.0,1,,disagreement,1.0,1,0.0,0.5,weight,complete,0.0,0.0,42,0,45000,5000,10000,148027552,62,0.010000000000000002,0,132.52,0.6849875000000001,0.036982713444932626,0.6423,0.7262,0.7412,0.05621249999999989,0.682175,0.7416,0.2682214285714286,0.6253443992350226,0.26639285714285715,0.6336407227713187,0.648225,0.72175,wrn28x10,0.7186,0.728,0.672051751986146,0.672051751986146,0.0,wrn28x10,0.7213,0.7244,0.6719043243422427,0.6719043243422427,0.0,wrn28x10,0.7209,0.7214,0.6706447084857659,0.6706447084857659,0.0,wrn28x10,0.7262,0.7264,0.6659347357821058,0.6659347357821058,0.0,resnet32,0.6423,0.6378,1.125146760774607,1.125146760774607,0.0,resnet32,0.6528,0.64,1.0943046025931835,1.0943046025931835,0.0,resnet32,0.6443,0.6356,1.140249533155425,1.140249533155425,0.0,resnet32,0.6535,0.6438,1.1021845168010755,1.1021845168010755,0.0,0.0,0.0,0.0,0.0,0.0
wrn28x10x4-resnet32x4_cifar100_K8_indep_seed0005_d001,d001,"wrn28x10:4,resnet32:4",cifar100,8,indep,indep,peers,5,200,64,0.1,0.9,0.0005,True,0,60,0.1,1.0,1,,disagreement,1.0,1,0.0,0.5,weight,complete,0.0,0.0,42,0,45000,5000,10000,148027552,63,0.010000000000000002,0,132.59,0.6889000000000001,0.04022583125306426,0.6424,0.7336,0.75,0.06109999999999993,0.688125,0.7486,0.2674214285714286,0.6225054237597483,0.27160357142857133,0.6179045515790832,0.6488750000000001,0.728925,wrn28x10,0.7336,0.741,0.6242969569919462,0.6242969569919462,0.0,wrn28x10,0.7254,0.728,0.6215618989769031,0.6215618989769031,0.0,wrn28x10,0.7285,0.733,0.6174391512124037,0.6174391512124037,0.0,wrn28x10,0.7282,0.7352,0.6131083560176194,0.6131083560176194,0.0,resnet32,0.6424,0.6368,1.091195117004893,1.091195117004893,0.0,resnet32,0.6552,0.646,1.0576825206252662,1.0576825206252662,0.0,resnet32,0.6465,0.6396,1.105592080815272,1.105592080815272,0.0,resnet32,0.6514,0.6454,1.06193860958923,1.06193860958923,0.0,0.0,0.0,0.0,0.0,0.0
wrn28x10x4-resnet32x4_cifar100_K8_indep_seed0005_d001,d001,"wrn28x10:4,resnet32:4",cifar100,8,indep,indep,peers,5,200,64,0.1,0.9,0.0005,True,0,60,0.1,1.0,1,,disagreement,1.0,1,0.0,0.5,weight,complete,0.0,0.0,42,0,45000,5000,10000,148027552,64,0.010000000000000002,0,132.67,0.6929125,0.04170247107486558,0.6479,0.7389,0.7549,0.06198749999999997,0.6904,0.7532,0.2726214285714285,0.6041231853603343,0.2733785714285714,0.6013941545316909,0.6513249999999999,0.7345,wrn28x10,0.7335,0.7342,0.5754971659572964,0.5754971659572964,0.0,wrn28x10,0.7321,0.7332,0.5790929138999094,0.5790929138999094,0.0,wrn28x10,0.7335,0.7374,0.5731346989050508,0.5731346989050508,0.0,wrn28x10,0.7389,0.7412,0.569800948893482,0.569800948893482,0.0,resnet32,0.648,0.6446,1.054677952927622,1.054677952927622,0.0,resnet32,0.6561,0.6432,1.0273367161439224,1.0273367161439224,0.0,resnet32,0.6479,0.6406,1.069766869599169,1.069766869599169,0.0,resnet32,0.6533,0.6488,1.0382460056888787,1.0382460056888787,0.0,0.0,0.0,0.0,0.0,0.0
wrn28x10x4-resnet32x4_cifar100_K8_indep_seed0005_d001,d001,"wrn28x10:4,resnet32:4",cifar100,8,indep,indep,peers,5,200,64,0.1,0.9,0.0005,True,0,60,0.1,1.0,1,,disagreement,1.0,1,0.0,0.5,weight,complete,0.0,0.0,42,0,45000,5000,10000,148027552,65,0.010000000000000002,0,132.67,0.6889375,0.04021753154719966,0.6374,0.735,0.7543,0.06536249999999999,0.686675,0.7556,0.27909285714285714,0.59801009676566,0.28224285714285713,0.5973541436102054,0.6491,0.728775,wrn28x10,0.7259,0.7362,0.5405484309673987,0.5405484309673987,0.0,wrn28x10,0.7284,0.7334,0.535725551170551,0.535725551170551,0.0,wrn28x10,0.7258,0.7308,0.5393094726922837,0.5393094726922837,0.0,wrn28x10,0.735,0.7386,0.5311610536776822,0.5311610536776822,0.0,resnet32,0.6374,0.628,1.036926138807427,1.036926138807427,0.0,resnet32,0.6548,0.641,1.0067984433844686,1.0067984433844686,0.0,resnet32,0.6521,0.6396,1.0507636596025391,1.0507636596025391,0.0,resnet32,0.6521,0.6458,1.0142542881552468,1.0142542881552468,0.0,0.0,0.0,0.0,0.0,0.0
wrn28x10x4-resnet32x4_cifar100_K8_indep_seed0005_d001,d001,"wrn28x10:4,resnet32:4",cifar100,8,indep,indep,peers,5,200,64,0.1,0.9,0.0005,True,0,60,0.1,1.0,1,,disagreement,1.0,1,0.0,0.5,weight,complete,0.0,0.0,42,0,45000,5000,10000,148027552,66,0.010000000000000002,0,132.56,0.6896249999999999,0.041220648648462574,0.6411,0.7349,0.7584,0.06877500000000003,0.68835,0.7576,0.28339285714285717,0.5965489756590756,0.28675,0.5927056731791929,0.64875,0.7305,wrn28x10,0.7265,0.7284,0.5135184680111706,0.5135184680111706,0.0,wrn28x10,0.7276,0.737,0.5116310030306604,0.5116310030306604,0.0,wrn28x10,0.733,0.7352,0.5062377298547124,0.5062377298547124,0.0,wrn28x10,0.7349,0.7356,0.5028239151632244,0.5028239151632244,0.0,resnet32,0.6439,0.6408,1.0240294250913642,1.0240294250913642,0.0,resnet32,0.6579,0.6442,0.9904657789421353,0.9904657789421353,0.0,resnet32,0.6411,0.636,1.0353781287135049,1.0353781287135049,0.0,resnet32,0.6521,0.6496,1.0013511782850733,1.0013511782850733,0.0,0.0,0.0,0.0,0.0,0.0
wrn28x10x4-resnet32x4_cifar100_K8_indep_seed0005_d001,d001,"wrn28x10:4,resnet32:4",cifar100,8,indep,indep,peers,5,200,64,0.1,0.9,0.0005,True,0,60,0.1,1.0,1,,disagreement,1.0,1,0.0,0.5,weight,complete,0.0,0.0,42,0,45000,5000,10000,148027552,67,0.010000000000000002,0,132.51,0.6859,0.03544319398699841,0.6444,0.728,0.7572,0.07130000000000003,0.68435,0.7556,0.2916071428571429,0.5856108721121445,0.2961035714285714,0.5834568399958543,0.650875,0.720925,wrn28x10,0.72,0.7226,0.4852136647201736,0.4852136647201736,0.0,wrn28x10,0.728,0.734,0.4822579854675992,0.4822579854675992,0.0,wrn28x10,0.7158,0.7226,0.4848699616268277,0.4848699616268277,0.0,wrn28x10,0.7199,0.719,0.4778945105235008,0.4778945105235008,0.0,resnet32,0.6463,0.6432,1.0094429038634354,1.0094429038634354,0.0,resnet32,0.6605,0.6514,0.981712182729759,0.981712182729759,0.0,resnet32,0.6444,0.6352,1.0217761694538323,1.0217761694538323,0.0,resnet32,0.6523,0.6468,0.9844042745164849,0.9844042745164849,0.0,0.0,0.0,0.0,0.0,0.0
wrn28x10x4-resnet32x4_cifar100_K8_indep_seed0005_d001,d001,"wrn28x10:4,resnet32:4",cifar100,8,indep,indep,peers,5,200,64,0.1,0.9,0.0005,True,0,60,0.1,1.0,1,,disagreement,1.0,1,0.0,0.5,weight,complete,0.0,0.0,42,0,45000,5000,10000,148027552,68,0.010000000000000002,0,132.41,0.686625,0.03903251048805343,0.6403,0.7314,0.7587,0.072075,0.687925,0.7602,0.29313571428571433,0.5784047920241421,0.2969428571428571,0.578742070514289,0.647825,0.725425,wrn28x10,0.7314,0.7344,0.460930885090916,0.460930885090916,0.0,wrn28x10,0.7211,0.7286,0.4621662093453448,0.4621662093453448,0.0,wrn28x10,0.7245,0.7284,0.4586153296880763,0.4586153296880763,0.0,wrn28x10,0.7247,0.732,0.45512739990160545,0.45512739990160545,0.0,resnet32,0.6403,0.6456,1.0041471977972172,1.0041471977972172,0.0,resnet32,0.6526,0.643,0.9638885796408762,0.9638885796408762,0.0,resnet32,0.6475,0.6394,1.01274613824419,1.01274613824419,0.0,resnet32,0.6509,0.652,0.9756986168636517,0.9756986168636517,0.0,0.0,0.0,0.0,0.0,0.0
wrn28x10x4-resnet32x4_cifar100_K8_indep_seed0005_d001,d001,"wrn28x10:4,resnet32:4",cifar100,8,indep,indep,peers,5,200,64,0.1,0.9,0.0005,True,0,60,0.1,1.0,1,,disagreement,1.0,1,0.0,0.5,weight,complete,0.0,0.0,42,0,45000,5000,10000,148027552,69,0.010000000000000002,0,132.5,0.67725,0.04572832820036176,0.6253,0.7295,0.755,0.07774999999999999,0.675625,0.755,0.3034214285714286,0.5816262629409417,0.30737499999999995,0.5757528002555031,0.6318250000000001,0.722675,wrn28x10,0.7166,0.716,0.43553959648124874,0.43553959648124874,0.0,wrn28x10,0.7173,0.7192,0.4379840455314314,0.4379840455314314,0.0,wrn28x10,0.7273,0.7342,0.4318197045305913,0.4318197045305913,0.0,wrn28x10,0.7295,0.7326,0.4343554745639928,0.4343554745639928,0.0,resnet32,0.6253,0.6208,0.9897454874590039,0.9897454874590039,0.0,resnet32,0.6384,0.6304,0.9566121398132633,0.9566121398132633,0.0,resnet32,0.6327,0.6198,1.0081823176958344,1.0081823176958344,0.0,resnet32,0.6309,0.632,0.9592681224034592,0.9592681224034592,0.0,0.0,0.0,0.0,0.0,0.0
wrn28x10x4-resnet32x4_cifar100_K8_indep_seed0005_d001,d001,"wrn28x10:4,resnet32:4",cifar100,8,indep,indep,peers,5,200,64,0.1,0.9,0.0005,True,0,60,0.1,1.0,1,,disagreement,1.0,1,0.0,0.5,weight,complete,0.0,0.0,42,0,45000,5000,10000,148027552,70,0.010000000000000002,0,132.7,0.6810375,0.0388656319098249,0.6354,0.7222,0.7553,0.07426250000000001,0.68285,0.7578,0.29742857142857143,0.5769977280997589,0.30197499999999994,0.5787848744732367,0.6424,0.719675,wrn28x10,0.717,0.7238,0.41655180436051026,0.41655180436051026,0.0,wrn28x10,0.7215,0.7272,0.4188124865970828,0.4188124865970828,0.0,wrn28x10,0.7222,0.7286,0.4123645559037951,0.4123645559037951,0.0,wrn28x10,0.718,0.721,0.4114529956767166,0.4114529956767166,0.0,resnet32,0.6354,0.6394,0.9793845823203976,0.9793845823203976,0.0,resnet32,0.6479,0.6444,0.9460462075234815,0.9460462075234815,0.0,resnet32,0.6386,0.6338,0.9934195486659353,0.9934195486659353,0.0,resnet32,0.6477,0.6446,0.9517394267869267,0.9517394267869267,0.0,0.0,0.0,0.0,0.0,0.0
wrn28x10x4-resnet32x4_cifar100_K8_indep_seed0005_d001,d001,"wrn28x10:4,resnet32:4",cifar100,8,indep,indep,peers,5,200,64,0.1,0.9,0.0005,True,0,60,0.1,1.0,1,,disagreement,1.0,1,0.0,0.5,weight,complete,0.0,0.0,42,0,45000,5000,10000,148027552,71,0.010000000000000002,0,132.76,0.6794375,0.0401776970936613,0.6328,0.7259,0.7607,0.08126250000000002,0.68265,0.7672,0.3094571428571428,0.5564427783995719,0.3128,0.5600400264238364,0.639575,0.7193,wrn28x10,0.711,0.7222,0.4066856791349975,0.4066856791349975,0.0,wrn28x10,0.7185,0.7282,0.40848970372991805,0.40848970372991805,0.0,wrn28x10,0.7259,0.7356,0.4061941955111582,0.4061941955111582,0.0,wrn28x10,0.7218,0.7252,0.3949258343570612,0.3949258343570612,0.0,resnet32,0.64,0.6384,0.9813982691107825,0.9813982691107825,0.0,resnet32,0.6399,0.641,0.9451937252147631,0.9451937252147631,0.0,resnet32,0.6328,0.6266,0.9966882855038751,0.9966882855038751,0.0,resnet32,0.6456,0.644,0.9530485480685126,0.9530485480685126,0.0,0.0,0.0,0.0,0.0,0.0
wrn28x10x4-resnet32x4_cifar100_K8_indep_seed0005_d001,d001,"wrn28x10:4,resnet32:4",cifar100,8,indep,indep,peers,5,200,64,0.1,0.9,0.0005,True,0,60,0.1,1.0,1,,disagreement,1.0,1,0.0,0.5,weight,complete,0.0,0.0,42,0,45000,5000,10000,148027552,72,0.010000000000000002,0,132.75,0.6738375,0.04147285068270567,0.6174,0.7272,0.7565,0.08266249999999997,0.673925,0.7622,0.3247142857142858,0.5451806133336426,0.32521071428571424,0.5523807908070316,0.633275,0.7143999999999999,wrn28x10,0.7067,0.7132,0.3907637141898952,0.3907637141898952,0.0,wrn28x10,0.7109,0.7024,0.395527034341781,0.395527034341781,0.0,wrn28x10,0.7128,0.7168,0.3897824942515316,0.3897824942515316,0.0,wrn28x10,0.7272,0.7274,0.3864266051783819,0.3864266051783819,0.0,resnet32,0.6174,0.6236,0.9783895558423616,0.9783895558423616,0.0,resnet32,0.6394,0.6314,0.94081672670489,0.94081672670489,0.0,resnet32,0.6415,0.6434,0.9927692791785706,0.9927692791785706,0.0,resnet32,0.6348,0.6332,0.9478222643956542,0.9478222643956542,0.0,0.0,0.0,0.0,0.0,0.0
wrn28x10x4-resnet32x4_cifar100_K8_indep_seed0005_d001,d001,"wrn28x10:4,resnet32:4",cifar100,8,indep,indep,peers,5,200,64,0.1,0.9,0.0005,True,0,60,0.1,1.0,1,,disagreement,1.0,1,0.0,0.5,weight,complete,0.0,0.0,42,0,45000,5000,10000,148027552,73,0.010000000000000002,0,132.57,0.683675,0.040535439741046356,0.638,0.7294,0.7642,0.08052499999999996,0.6788,0.7638,0.3145857142857143,0.5549602285909306,0.3118535714285714,0.5584619882143709,0.643475,0.723875,wrn28x10,0.7286,0.7286,0.3905399855522608,0.3905399855522608,0.0,wrn28x10,0.7131,0.717,0.38131077953783626,0.38131077953783626,0.0,wrn28x10,0.7244,0.7258,0.38616526109928434,0.38616526109928434,0.0,wrn28x10,0.7294,0.7232,0.37934463363225485,0.37934463363225485,0.0,resnet32,0.638,0.6298,0.9727851516482505,0.9727851516482505,0.0,resnet32,0.6457,0.6306,0.9323204371400855,0.9323204371400855,0.0,resnet32,0.6432,0.6386,0.982384483245286,0.982384483245286,0.0,resnet32,0.647,0.6368,0.9477018249983137,0.9477018249983137,0.0,0.0,0.0,0.0,0.0,0.0
wrn28x10x4-resnet32x4_cifar100_K8_indep_seed0005_d001,d001,"wrn28x10:4,resnet32:4",cifar100,8,indep,indep,peers,5,200,64,0.1,0.9,0.0005,True,0,60,0.1,1.0,1,,disagreement,1.0,1,0.0,0.5,weight,complete,0.0,0.0,42,0,45000,5000,10000,148027552,74,0.010000000000000002,0,132.59,0.67415,0.03600486078295541,0.629,0.7148,0.7572,0.08304999999999996,0.66935,0.7552,0.32704999999999995,0.5562168266583998,0.3261392857142857,0.5524625572706342,0.638625,0.709675,wrn28x10,0.705,0.7056,0.36690233512358233,0.36690233512358233,0.0,wrn28x10,0.7043,0.6982,0.3713745911901986,0.3713745911901986,0.0,wrn28x10,0.7146,0.7122,0.3704905520108613,0.3704905520108613,0.0,wrn28x10,0.7148,0.7078,0.3692127159288661,0.3692127159288661,0.0,resnet32,0.6362,0.6306,0.9732292009178888,0.9732292009178888,0.0,resnet32,0.6457,0.64,0.9306867002424869,0.9306867002424869,0.0,resnet32,0.629,0.6236,0.9848173909227956,0.9848173909227956,0.0,resnet32,0.6436,0.6368,0.9424777299335058,0.9424777299335058,0.0,0.0,0.0,0.0,0.0,0.0
wrn28x10x4-resnet32x4_cifar100_K8_indep_seed0005_d001,d001,"wrn28x10:4,resnet32:4",cifar100,8,indep,indep,peers,5,200,64,0.1,0.9,0.0005,True,0,60,0.1,1.0,1,,disagreement,1.0,1,0.0,0.5,weight,complete,0.0,0.0,42,0,45000,5000,10000,148027552,75,0.010000000000000002,0,132.74,0.6760875,0.035619848311720825,0.6359,0.7204,0.7599,0.08381250000000007,0.6764749999999999,0.7596,0.3186142857142858,0.5546241180565092,0.3223,0.5519542677620609,0.6409499999999999,0.7112250000000001,wrn28x10,0.6993,0.6954,0.366729751419784,0.366729751419784,0.0,wrn28x10,0.7143,0.7172,0.36135633709967474,0.36135633709967474,0.0,wrn28x10,0.7204,0.7272,0.3634363589808345,0.3634363589808345,0.0,wrn28x10,0.7109,0.7164,0.3615109295033934,0.3615109295033934,0.0,resnet32,0.6359,0.6374,0.9650718725540421,0.9650718725540421,0.0,resnet32,0.6412,0.6354,0.9254009142010049,0.9254009142010049,0.0,resnet32,0.6434,0.638,0.9780360223217444,0.9780360223217444,0.0,resnet32,0.6433,0.6448,0.9350284834985029,0.9350284834985029,0.0,0.0,0.0,0.0,0.0,0.0
wrn28x10x4-resnet32x4_cifar100_K8_indep_seed0005_d001,d001,"wrn28x10:4,resnet32:4",cifar100,8,indep,indep,peers,5,200,64,0.1,0.9,0.0005,True,0,60,0.1,1.0,1,,disagreement,1.0,1,0.0,0.5,weight,complete,0.0,0.0,42,0,45000,5000,10000,148027552,76,0.010000000000000002,0,132.69,0.672425,0.038336756187763214,0.6285,0.714,0.7569,0.08447499999999997,0.6697500000000001,0.7484,0.3262714285714286,0.5453096082843011,0.3286321428571429,0.5435477521060146,0.63425,0.7105999999999999,wrn28x10,0.7108,0.7052,0.35779443934602156,0.35779443934602156,0.0,wrn28x10,0.714,0.7098,0.35320176457224245,0.35320176457224245,0.0,wrn28x10,0.7114,0.7134,0.3548250787849115,0.3548250787849115,0.0,wrn28x10,0.7062,0.7108,0.3467436315364797,0.3467436315364797,0.0,resnet32,0.6285,0.627,0.9606098279102959,0.9606098279102959,0.0,resnet32,0.6332,0.6262,0.9281316731463779,0.9281316731463779,0.0,resnet32,0.6354,0.6356,0.9712091023102403,0.9712091023102403,0.0,resnet32,0.6399,0.63,0.9352554830045186,0.9352554830045186,0.0,0.0,0.0,0.0,0.0,0.0
wrn28x10x4-resnet32x4_cifar100_K8_indep_seed0005_d001,d001,"wrn28x10:4,resnet32:4",cifar100,8,indep,indep,peers,5,200,64,0.1,0.9,0.0005,True,0,60,0.1,1.0,1,,disagreement,1.0,1,0.0,0.5,weight,complete,0.0,0.0,42,0,45000,5000,10000,148027552,77,0.010000000000000002,0,132.62,0.6705,0.034666193907032815,0.6256,0.7106,0.7532,0.0827,0.6659,0.7506,0.33070714285714287,0.5492736906408797,0.33035714285714285,0.5533339981375304,0.636625,0.704375,wrn28x10,0.7075,0.7062,0.3481302970427681,0.3481302970427681,0.0,wrn28x10,0.7106,0.712,0.3500404771078717,0.3500404771078717,0.0,wrn28x10,0.6927,0.6824,0.3540244083216583,0.3540244083216583,0.0,wrn28x10,0.7067,0.6954,0.33935975955418224,0.33935975955418224,0.0,resnet32,0.6256,0.6266,0.959816497581249,0.959816497581249,0.0,resnet32,0.6472,0.6438,0.9294185820458964,0.9294185820458964,0.0,resnet32,0.6391,0.6324,0.9780100683089007,0.9780100683089007,0.0,resnet32,0.6346,0.6284,0.9349931876429103,0.9349931876429103,0.0,0.0,0.0,0.0,0.0,0.0
wrn28x10x4-resnet32x4_cifar100_K8_indep_seed0005_d001,d001,"wrn28x10:4,resnet32:4",cifar100,8,indep,indep,peers,5,200,64,0.1,0.9,0.0005,True,0,60,0.1,1.0,1,,disagreement,1.0,1,0.0,0.5,weight,complete,0.0,0.0,42,0,45000,5000,10000,148027552,78,0.010000000000000002,0,132.68,0.6713625000000001,0.03165939582098812,0.634,0.7079,0.7593,0.08793749999999989,0.669175,0.7534,0.3341214285714286,0.5272004712740911,0.33511071428571426,0.5359733029508539,0.6402,0.7025250000000001,wrn28x10,0.6922,0.6908,0.3407303133175116,0.3407303133175116,0.0,wrn28x10,0.7066,0.7092,0.3453546831892295,0.3453546831892295,0.0,wrn28x10,0.7079,0.7046,0.3467018182431771,0.3467018182431771,0.0,wrn28x10,0.7034,0.7068,0.33715876030989667,0.33715876030989667,0.0,resnet32,0.6417,0.632,0.9598036201840098,0.9598036201840098,0.0,resnet32,0.6473,0.6398,0.9267375389622017,0.9267375389622017,0.0,resnet32,0.634,0.631,0.9696897614577954,0.9696897614577954,0.0,resnet32,0.6378,0.6392,0.9352664917876775,0.9352664917876775,0.0,0.0,0.0,0.0,0.0,0.0
wrn28x10x4-resnet32x4_cifar100_K8_indep_seed0005_d001,d001,"wrn28x10:4,resnet32:4",cifar100,8,indep,indep,peers,5,200,64,0.1,0.9,0.0005,True,0,60,0.1,1.0,1,,disagreement,1.0,1,0.0,0.5,weight,complete,0.0,0.0,42,0,45000,5000,10000,148027552,79,0.010000000000000002,0,132.59,0.6733875,0.03593085155893192,0.6304,0.7133,0.7653,0.09191249999999995,0.6702,0.7596,0.3344214285714285,0.5382996528922417,0.3343,0.534848863075895,0.63775,0.709025,wrn28x10,0.71,0.7082,0.33368712590626354,0.33368712590626354,0.0,wrn28x10,0.7081,0.7094,0.3311586534519764,0.3311586534519764,0.0,wrn28x10,0.7047,0.7072,0.33222938182933087,0.33222938182933087,0.0,wrn28x10,0.7133,0.714,0.3369611645202068,0.3369611645202068,0.0,resnet32,0.6304,0.6296,0.9501154090023853,0.9501154090023853,0.0,resnet32,0.641,0.632,0.9182413597167893,0.9182413597167893,0.0,resnet32,0.6345,0.6266,0.9723248508843508,0.9723248508843508,0.0,resnet32,0.6451,0.6346,0.9239242899824273,0.9239242899824273,0.0,0.0,0.0,0.0,0.0,0.0
wrn28x10x4-resnet32x4_cifar100_K8_indep_seed0005_d001,d001,"wrn28x10:4,resnet32:4",cifar100,8,indep,indep,peers,5,200,64,0.1,0.9,0.0005,True,0,60,0.1,1.0,1,,disagreement,1.0,1,0.0,0.5,weight,complete,0.0,0.0,42,0,45000,5000,10000,148027552,80,0.010000000000000002,0,132.73,0.6626375,0.0351609491303918,0.6133,0.7028,0.7578,0.09516250000000004,0.660725,0.7552,0.3501071428571429,0.5276411038529123,0.34958571428571433,0.527908179230918,0.6283,0.6969749999999999,wrn28x10,0.6945,0.6918,0.33086965973912313,0.33086965973912313,0.0,wrn28x10,0.693,0.7092,0.3268634125336327,0.3268634125336327,0.0,wrn28x10,0.6976,0.7002,0.3416094725993885,0.3416094725993885,0.0,wrn28x10,0.7028,0.7032,0.3273330144690011,0.3273330144690011,0.0,resnet32,0.6133,0.6036,0.9548736796291037,0.9548736796291037,0.0,resnet32,0.6251,0.6224,0.9146046361631968,0.9146046361631968,0.0,resnet32,0.638,0.6296,0.9664651206271215,0.9664651206271215,0.0,resnet32,0.6368,0.6258,0.9276941328478808,0.9276941328478808,0.0,0.0,0.0,0.0,0.0,0.0
wrn28x10x4-resnet32x4_cifar100_K8_indep_seed0005_d001,d001,"wrn28x10:4,resnet32:4",cifar100,8,indep,indep,peers,5,200,64,0.1,0.9,0.0005,True,0,60,0.1,1.0,1,,disagreement,1.0,1,0.0,0.5,weight,complete,0.0,0.0,42,0,45000,5000,10000,148027552,81,0.010000000000000002,0,132.76,0.668175,0.036234643298920434,0.6253,0.7136,0.7598,0.09162500000000007,0.669675,0.7646,0.34297857142857147,0.5214766366852673,0.34291428571428584,0.53164030605089,0.632325,0.704025,wrn28x10,0.705,0.6978,0.33682485117407684,0.33682485117407684,0.0,wrn28x10,0.7136,0.7174,0.3273224921854721,0.3273224921854721,0.0,wrn28x10,0.7005,0.711,0.3367891190361909,0.3367891190361909,0.0,wrn28x10,0.697,0.7014,0.33030620915815234,0.33030620915815234,0.0,resnet32,0.6357,0.6322,0.9550500446930528,0.9550500446930528,0.0,resnet32,0.6253,0.6278,0.9169881405647505,0.9169881405647505,0.0,resnet32,0.6342,0.6336,0.9627248581329529,0.9627248581329529,0.0,resnet32,0.6341,0.6362,0.9239101574163545,0.9239101574163545,0.0,0.0,0.0,0.0,0.0,0.0
wrn28x10x4-resnet32x4_cifar100_K8_indep_seed0005_d001,d001,"wrn28x10:4,resnet32:4",cifar100,8,indep,indep,peers,5,200,64,0.1,0.9,0.0005,True,0,60,0.1,1.0,1,,disagreement,1.0,1,0.0,0.5,weight,complete,0.0,0.0,42,0,45000,5000,10000,148027552,82,0.010000000000000002,0,132.85,0.6710125,0.03503931497261324,0.6326,0.7159,0.7592,0.08818749999999997,0.673825,0.7652,0.32995714285714295,0.5402537431837692,0.33704285714285703,0.5333780703363814,0.6363000000000001,0.705725,wrn28x10,0.7034,0.7146,0.32972890056077053,0.32972890056077053,0.0,wrn28x10,0.7159,0.717,0.32686709809455683,0.32686709809455683,0.0,wrn28x10,0.7011,0.7078,0.32646714511793107,0.32646714511793107,0.0,wrn28x10,0.7025,0.699,0.3280321651836857,0.3280321651836857,0.0,resnet32,0.6326,0.6314,0.9512584182349119,0.9512584182349119,0.0,resnet32,0.6392,0.6456,0.9199679813517089,0.9199679813517089,0.0,resnet32,0.6336,0.6366,0.9615486187606372,0.9615486187606372,0.0,resnet32,0.6398,0.6386,0.9288474316285416,0.9288474316285416,0.0,0.0,0.0,0.0,0.0,0.0
wrn28x10x4-resnet32x4_cifar100_K8_indep_seed0005_d001,d001,"wrn28x10:4,resnet32:4",cifar100,8,indep,indep,peers,5,200,64,0.1,0.9,0.0005,True,0,60,0.1,1.0,1,,disagreement,1.0,1,0.0,0.5,weight,complete,0.0,0.0,42,0,45000,5000,10000,148027552,83,0.010000000000000002,0,132.76,0.6543874999999999,0.03701291793077115,0.6089,0.7026,0.7522,0.09781250000000008,0.655125,0.7526,0.35495714285714286,0.5184502455426695,0.36212857142857147,0.5158838631565019,0.6186750000000001,0.6900999999999999,wrn28x10,0.6817,0.6982,0.31747905179773545,0.31747905179773545,0.0,wrn28x10,0.6989,0.7052,0.32203902092508296,0.32203902092508296,0.0,wrn28x10,0.7026,0.7058,0.3107029943494126,0.3107029943494126,0.0,wrn28x10,0.6772,0.6832,0.3006672703089531,0.3006672703089531,0.0,resnet32,0.6255,0.6272,0.943155800119381,0.943155800119381,0.0,resnet32,0.6285,0.6124,0.905763198113577,0.905763198113577,0.0,resnet32,0.6118,0.606,0.9569160486148163,0.9569160486148163,0.0,resnet32,0.6089,0.603,0.9159935723397542,0.9159935723397542,0.0,0.0,0.0,0.0,0.0,0.0
wrn28x10x4-resnet32x4_cifar100_K8_indep_seed0005_d001,d001,"wrn28x10:4,resnet32:4",cifar100,8,indep,indep,peers,5,200,64,0.1,0.9,0.0005,True,0,60,0.1,1.0,1,,disagreement,1.0,1,0.0,0.5,weight,complete,0.0,0.0,42,0,45000,5000,10000,148027552,84,0.010000000000000002,0,132.66,0.671,0.03388971082791944,0.6291,0.7089,0.7618,0.09079999999999999,0.669975,0.7624,0.33511428571428575,0.5323764357803206,0.33659285714285725,0.5333349223514757,0.6375,0.7044999999999999,wrn28x10,0.7089,0.7088,0.3153118541443043,0.3153118541443043,0.0,wrn28x10,0.7046,0.7054,0.31645074768245895,0.31645074768245895,0.0,wrn28x10,0.7036,0.7068,0.3116687856487591,0.3116687856487591,0.0,wrn28x10,0.7009,0.705,0.3144153126261451,0.3144153126261451,0.0,resnet32,0.6331,0.6362,0.9448908128860322,0.9448908128860322,0.0,resnet32,0.6455,0.6396,0.9042696941389956,0.9042696941389956,0.0,resnet32,0.6291,0.6244,0.9588771218603308,0.9588771218603308,0.0,resnet32,0.6423,0.6336,0.9196343385953117,0.9196343385953117,0.0,0.0,0.0,0.0,0.0,0.0
wrn28x10x4-resnet32x4_cifar100_K8_indep_seed0005_d001,d001,"wrn28x10:4,resnet32:4",cifar100,8,indep,indep,peers,5,200,64,0.1,0.9,0.0005,True,0,60,0.1,1.0,1,,disagreement,1.0,1,0.0,0.5,weight,complete,0.0,0.0,42,0,45000,5000,10000,148027552,85,0.010000000000000002,0,132.76,0.6668375,0.03504207961508564,0.6243,0.7146,0.7545,0.08766249999999998,0.6656500000000001,0.756,0.34596428571428584,0.5239817158635022,0.3438178571428571,0.5287153455488043,0.6331249999999999,0.70055,wrn28x10,0.7017,0.704,0.294579585686072,0.294579585686072,0.0,wrn28x10,0.6846,0.6934,0.2911102569937198,0.2911102569937198,0.0,wrn28x10,0.7013,0.6964,0.3011109911392189,0.3011109911392189,0.0,wrn28x10,0.7146,0.7208,0.30513434371360665,0.30513434371360665,0.0,resnet32,0.6243,0.622,0.9372865281660449,0.9372865281660449,0.0,resnet32,0.6444,0.6326,0.9047061837786301,0.9047061837786301,0.0,resnet32,0.626,0.6236,0.9536742988804524,0.9536742988804524,0.0,resnet32,0.6378,0.6324,0.9045139510946517,0.9045139510946517,0.0,0.0,0.0,0.0,0.0,0.0
wrn28x10x4-resnet32x4_cifar100_K8_indep_seed0005_d001,d001,"wrn28x10:4,resnet32:4",cifar100,8,indep,indep,peers,5,200,64,0.1,0.9,0.0005,True,0,60,0.1,1.0,1,,disagreement,1.0,1,0.0,0.5,weight,complete,0.0,0.0,42,0,45000,5000,10000,148027552,86,0.010000000000000002,0,132.65,0.6703625,0.0394272094339683,0.6231,0.7168,0.7657,0.09533750000000007,0.6668000000000001,0.7578,0.34251428571428566,0.5326503946474016,0.3440107142857144,0.5263342384358257,0.6314,0.709325,wrn28x10,0.7049,0.7068,0.30402728157456627,0.30402728157456627,0.0,wrn28x10,0.7137,0.7034,0.3156190221621232,0.3156190221621232,0.0,wrn28x10,0.7019,0.7118,0.3014749093722044,0.3014749093722044,0.0,wrn28x10,0.7168,0.7024,0.3014222736872563,0.3014222736872563,0.0,resnet32,0.63,0.6266,0.9324001961980354,0.9324001961980354,0.0,resnet32,0.6328,0.6258,0.9023889594457366,0.9023889594457366,0.0,resnet32,0.6231,0.6144,0.9507273338227109,0.9507273338227109,0.0,resnet32,0.6397,0.6432,0.9045300271192734,0.9045300271192734,0.0,0.0,0.0,0.0,0.0,0.0
wrn28x10x4-resnet32x4_cifar100_K8_indep_seed0005_d001,d001,"wrn28x10:4,resnet32:4",cifar100,8,indep,indep,peers,5,200,64,0.1,0.9,0.0005,True,0,60,0.1,1.0,1,,disagreement,1.0,1,0.0,0.5,weight,complete,0.0,0.0,42,0,45000,5000,10000,148027552,87,0.010000000000000002,0,132.75,0.6615625,0.03334988521344563,0.6257,0.6999,0.7556,0.0940375,0.6593249999999999,0.7576,0.3550999999999999,0.5196674301078736,0.35386071428571425,0.5229574088223577,0.628625,0.6945,wrn28x10,0.6974,0.7054,0.2903828363421119,0.2903828363421119,0.0,wrn28x10,0.6823,0.6812,0.2921686959452927,0.2921686959452927,0.0,wrn28x10,0.6999,0.707,0.2918433233439414,0.2918433233439414,0.0,wrn28x10,0.6984,0.6972,0.28945621112573217,0.28945621112573217,0.0,resnet32,0.6302,0.6204,0.9428318478167057,0.9428318478167057,0.0,resnet32,0.6309,0.63,0.8962685867551375,0.8962685867551375,0.0,resnet32,0.6257,0.6156,0.9441524213179946,0.9441524213179946,0.0,resnet32,0.6277,0.6178,0.9057312981564213,0.9057312981564213,0.0,0.0,0.0,0.0,0.0,0.0
wrn28x10x4-resnet32x4_cifar100_K8_indep_seed0005_d001,d001,"wrn28x10:4,resnet32:4",cifar100,8,indep,indep,peers,5,200,64,0.1,0.9,0.0005,True,0,60,0.1,1.0,1,,disagreement,1.0,1,0.0,0.5,weight,complete,0.0,0.0,42,0,45000,5000,10000,148027552,88,0.010000000000000002,0,132.71,0.6660874999999999,0.038111331566215316,0.62,0.7102,0.7612,0.09511250000000004,0.662325,0.7534,0.34408571428571433,0.5406034466462618,0.3487214285714287,0.5207622566792087,0.628275,0.7039,wrn28x10,0.7004,0.7072,0.28776363262229343,0.28776363262229343,0.0,wrn28x10,0.706,0.7,0.2927698702974753,0.2927698702974753,0.0,wrn28x10,0.7102,0.7104,0.2931431280131536,0.2931431280131536,0.0,wrn28x10,0.699,0.6968,0.2906400776912712,0.2906400776912712,0.0,resnet32,0.6334,0.6252,0.9314105209301818,0.9314105209301818,0.0,resnet32,0.62,0.6156,0.9027516858398237,0.9027516858398237,0.0,resnet32,0.629,0.6222,0.9427966602908616,0.9427966602908616,0.0,resnet32,0.6307,0.6212,0.9001438262110407,0.9001438262110407,0.0,0.0,0.0,0.0,0.0,0.0
wrn28x10x4-resnet32x4_cifar100_K8_indep_seed0005_d001,d001,"wrn28x10:4,resnet32:4",cifar100,8,indep,indep,peers,5,200,64,0.1,0.9,0.0005,True,0,60,0.1,1.0,1,,disagreement,1.0,1,0.0,0.5,weight,complete,0.0,0.0,42,0,45000,5000,10000,148027552,89,0.010000000000000002,0,132.61,0.6673125,0.044333633888392225,0.6187,0.7212,0.7631,0.09578750000000003,0.668875,0.7642,0.3438857142857143,0.5272174794991158,0.3515464285714286,0.5221337858471681,0.6234,0.711225,wrn28x10,0.702,0.7046,0.2810565853618424,0.2810565853618424,0.0,wrn28x10,0.7165,0.7124,0.28965305899989535,0.28965305899989535,0.0,wrn28x10,0.7212,0.7308,0.2862083472480828,0.2862083472480828,0.0,wrn28x10,0.7052,0.7162,0.28336593324572523,0.28336593324572523,0.0,resnet32,0.6187,0.62,0.9262384155934508,0.9262384155934508,0.0,resnet32,0.6269,0.6216,0.8955042156475511,0.8955042156475511,0.0,resnet32,0.6214,0.6174,0.942646046761762,0.942646046761762,0.0,resnet32,0.6266,0.628,0.901768355969001,0.901768355969001,0.0,0.0,0.0,0.0,0.0,0.0
wrn28x10x4-resnet32x4_cifar100_K8_indep_seed0005_d001,d001,"wrn28x10:4,resnet32:4",cifar100,8,indep,indep,peers,5,200,64,0.1,0.9,0.0005,True,0,60,0.1,1.0,1,,disagreement,1.0,1,0.0,0.5,weight,complete,0.0,0.0,42,0,45000,5000,10000,148027552,90,0.010000000000000002,0,132.75,0.660425,0.03585895111405241,0.6143,0.7133,0.7543,0.09387499999999993,0.661575,0.7552,0.34749999999999986,0.5249288692929782,0.35222500000000007,0.5250192310282741,0.6261,0.69475,wrn28x10,0.6808,0.6844,0.2842917269074612,0.2842917269074612,0.0,wrn28x10,0.7133,0.713,0.2764601884938946,0.2764601884938946,0.0,wrn28x10,0.6957,0.702,0.2774706962518394,0.2774706962518394,0.0,wrn28x10,0.6892,0.694,0.2722187471279705,0.2722187471279705,0.0,resnet32,0.6143,0.6196,0.9321291981772943,0.9321291981772943,0.0,resnet32,0.6374,0.626,0.8920926507139071,0.8920926507139071,0.0,resnet32,0.6229,0.625,0.9408012213693424,0.9408012213693424,0.0,resnet32,0.6298,0.6286,0.8986510297029533,0.8986510297029533,0.0,0.0,0.0,0.0,0.0,0.0
wrn28x10x4-resnet32x4_cifar100_K8_indep_seed0005_d001,d001,"wrn28x10:4,resnet32:4",cifar100,8,indep,indep,peers,5,200,64,0.1,0.9,0.0005,True,0,60,0.1,1.0,1,,disagreement,1.0,1,0.0,0.5,weight,complete,0.0,0.0,42,0,45000,5000,10000,148027552,91,0.010000000000000002,0,132.73,0.6666125,0.04671010162427394,0.6085,0.724,0.7653,0.09868749999999993,0.662775,0.7578,0.35372142857142863,0.5142771430431266,0.35308214285714284,0.5176856338438707,0.6208,0.712425,wrn28x10,0.724,0.7166,0.2878106056014076,0.2878106056014076,0.0,wrn28x10,0.6994,0.7006,0.26848520719530905,0.26848520719530905,0.0,wrn28x10,0.7219,0.7172,0.28115778402637015,0.28115778402637015,0.0,wrn28x10,0.7044,0.699,0.2637666579526426,0.2637666579526426,0.0,resnet32,0.624,0.62,0.9220961958000605,0.9220961958000605,0.0,resnet32,0.6085,0.611,0.8898826956071637,0.8898826956071637,0.0,resnet32,0.6267,0.6144,0.9304760967127301,0.9304760967127301,0.0,resnet32,0.624,0.6234,0.8947041000832211,0.8947041000832211,0.0,0.0,0.0,0.0,0.0,0.0
wrn28x10x4-resnet32x4_cifar100_K8_indep_seed0005_d001,d001,"wrn28x10:4,resnet32:4",cifar100,8,indep,indep,peers,5,200,64,0.1,0.9,0.0005,True,0,60,0.1,1.0,1,,disagreement,1.0,1,0.0,0.5,weight,complete,0.0,0.0,42,0,45000,5000,10000,148027552,92,0.010000000000000002,0,132.69,0.6706375,0.038560243045784856,0.6212,0.7161,0.7687,0.09806250000000005,0.6688000000000001,0.7678,0.34623571428571426,0.5194411531504527,0.3485928571428571,0.520242468140447,0.6327499999999999,0.708525,wrn28x10,0.701,0.704,0.2719930331011049,0.2719930331011049,0.0,wrn28x10,0.705,0.7038,0.2672316614030437,0.2672316614030437,0.0,wrn28x10,0.712,0.7208,0.2567951672244817,0.2567951672244817,0.0,wrn28x10,0.7161,0.7112,0.261191054109738,0.261191054109738,0.0,resnet32,0.6212,0.626,0.91484743851999,0.91484743851999,0.0,resnet32,0.6445,0.6272,0.8830508211712268,0.8830508211712268,0.0,resnet32,0.6318,0.6258,0.9328644710846923,0.9328644710846923,0.0,resnet32,0.6335,0.6316,0.8929819225926291,0.8929819225926291,0.0,0.0,0.0,0.0,0.0,0.0
wrn28x10x4-resnet32x4_cifar100_K8_indep_seed0005_d001,d001,"wrn28x10:4,resnet32:4",cifar100,8,indep,indep,peers,5,200,64,0.1,0.9,0.0005,True,0,60,0.1,1.0,1,,disagreement,1.0,1,0.0,0.5,weight,complete,0.0,0.0,42,0,45000,5000,10000,148027552,93,0.010000000000000002,0,132.95,0.664175,0.03571871883200742,0.6278,0.7154,0.7613,0.09712500000000002,0.6623,0.766,0.35940714285714287,0.5069130980472472,0.35626785714285714,0.522200817770171,0.630025,0.6983250000000001,wrn28x10,0.7154,0.7148,0.2677886421813376,0.2677886421813376,0.0,wrn28x10,0.6951,0.6948,0.26787909104446456,0.26787909104446456,0.0,wrn28x10,0.6765,0.6868,0.26888500731861725,0.26888500731861725,0.0,wrn28x10,0.7063,0.6992,0.2623423274225471,0.2623423274225471,0.0,resnet32,0.6278,0.625,0.9201161508363757,0.9201161508363757,0.0,resnet32,0.6289,0.6216,0.8809666144238277,0.8809666144238277,0.0,resnet32,0.6283,0.6244,0.9305052596398375,0.9305052596398375,0.0,resnet32,0.6351,0.6318,0.8864242337982763,0.8864242337982763,0.0,0.0,0.0,0.0,0.0,0.0
wrn28x10x4-resnet32x4_cifar100_K8_indep_seed0005_d001,d001,"wrn28x10:4,resnet32:4",cifar100,8,indep,indep,peers,5,200,64,0.1,0.9,0.0005,True,0,60,0.1,1.0,1,,disagreement,1.0,1,0.0,0.5,weight,complete,0.0,0.0,42,0,45000,5000,10000,148027552,94,0.010000000000000002,0,132.87,0.6650750000000001,0.03300889084777008,0.6244,0.7058,0.7611,0.09602499999999992,0.6667000000000001,0.7674,0.35102857142857147,0.5118489268892199,0.3539107142857142,0.5180486476944107,0.6325000000000001,0.69765,wrn28x10,0.6967,0.705,0.25749482711861754,0.25749482711861754,0.0,wrn28x10,0.6935,0.7068,0.2553096454992721,0.2553096454992721,0.0,wrn28x10,0.6946,0.701,0.27803249659270723,0.27803249659270723,0.0,wrn28x10,0.7058,0.7034,0.26005101164760575,0.26005101164760575,0.0,resnet32,0.6244,0.6236,0.9040765172209252,0.9040765172209252,0.0,resnet32,0.6356,0.6358,0.8734469583088701,0.8734469583088701,0.0,resnet32,0.6302,0.6196,0.9219493997621943,0.9219493997621943,0.0,resnet32,0.6398,0.6384,0.8765714962712743,0.8765714962712743,0.0,0.0,0.0,0.0,0.0,0.0
