run_id,run_tag,cohort,dataset,K,arm,arm_label,target,comm_on,comm_block,kd_scale,comm_accounting,seed,epochs,batch_size,base_lr,momentum,weight_decay,nesterov,graph_seed,lr_step,lr_gamma,kd_T,k_matchings,k_anneal,match_weight,kappa,rematch_every_epochs,recency_lambda,recency_gamma,peel_weighting,graph,label_noise_rate,actual_noise_rate,noise_seed,split_seed,n_train,n_valid,n_test,cohort_params,epoch,lr,k_current,comm_duty,epoch_seconds,avg_test_acc,std_test_acc,min_test_acc,max_test_acc,ensemble_test_acc,ens_minus_avg_test,avg_val_acc,ensemble_val_acc,disagreement_val,rho_val,disagreement_test,rho_test,avg_test_acc_resnet32,model_00_arch,model_00_test_acc,model_00_val_acc,model_00_train_loss,model_00_ce_loss,model_00_kd_loss,model_01_arch,model_01_test_acc,model_01_val_acc,model_01_train_loss,model_01_ce_loss,model_01_kd_loss,model_02_arch,model_02_test_acc,model_02_val_acc,model_02_train_loss,model_02_ce_loss,model_02_kd_loss,model_03_arch,model_03_test_acc,model_03_val_acc,model_03_train_loss,model_03_ce_loss,model_03_kd_loss,model_04_arch,model_04_test_acc,model_04_val_acc,model_04_train_loss,model_04_ce_loss,model_04_kd_loss,model_05_arch,model_05_test_acc,model_05_val_acc,model_05_train_loss,model_05_ce_loss,model_05_kd_loss,model_06_arch,model_06_test_acc,model_06_val_acc,model_06_train_loss,model_06_ce_loss,model_06_kd_loss,model_07_arch,model_07_test_acc,model_07_val_acc,model_07_train_loss,model_07_ce_loss,model_07_kd_loss,comm_logit_floats_epoch,comm_matcher_ints_epoch,comm_bytes_epoch,comm_bytes_cum,comm_bytes_cum_cohort
resnet32x8_cifar10_K8_mwmd1_noise40_seed0004_d017,d017,resnet32:8,cifar10,8,matched,mwmd1,peers,0,0,1.0,p2p,4,200,64,0.1,0.9,0.0005,True,0,60,0.1,1.0,1,,disagreement,1.0,1,0.0,0.5,weight,complete,0.4,0.396156,42,0,45000,5000,10000,3713232,0,0.1,1,1.0,126.87,0.10187500000000001,0.003040045229926685,0.1,0.1095,0.1024,0.0005249999999999977,0.102075,0.1026,0.023321428571428573,0.9693351128060618,0.021614285714285714,0.9692495065300557,0.10187500000000001,resnet32,0.1012,0.1014,2.544355234977874,2.3870032250203868,0.15735201565555393,resnet32,0.1095,0.1092,2.526686741208488,2.370506293394349,0.1561804588843436,resnet32,0.1014,0.1016,2.542653292756189,2.401048710400408,0.14160458491030362,resnet32,0.1,0.1006,2.5454526624896308,2.3843229162422093,0.16112974223175447,resnet32,0.1029,0.1026,2.5213262374428185,2.3877586143260654,0.13356761961470262,resnet32,0.1,0.1004,2.52217687768015,2.386284222995693,0.1358926540382196,resnet32,0.1,0.1004,2.506503302942623,2.3654152026230637,0.1410881007342885,resnet32,0.1,0.1004,2.545754517682574,2.4018967910246416,0.14385772493468804,450000.0,5000.0,1810000.0,1810000.0,14480000.0
resnet32x8_cifar10_K8_mwmd1_noise40_seed0004_d017,d017,resnet32:8,cifar10,8,matched,mwmd1,peers,0,0,1.0,p2p,4,200,64,0.1,0.9,0.0005,True,0,60,0.1,1.0,1,,disagreement,1.0,1,0.0,0.5,weight,complete,0.4,0.396156,42,0,45000,5000,10000,3713232,1,0.1,1,1.0,120.52,0.1199125,0.03272172204744121,0.1,0.1811,0.1162,-0.0037125000000000075,0.11645,0.1104,0.19808571428571425,0.8272762347002031,0.19393214285714283,0.8307891713434568,0.1199125,resnet32,0.1003,0.0964,2.3064875843172725,2.3057622472670944,0.0007253307778062828,resnet32,0.1716,0.1712,2.2953055788847534,2.290700628337535,0.004604952795654588,resnet32,0.1005,0.0966,2.306206505068324,2.3061240251091393,8.247697405749932e-05,resnet32,0.1,0.0964,2.3062697564336387,2.3062692149118944,5.371389720080928e-07,resnet32,0.1058,0.1026,2.3053626794029367,2.3046821010383693,0.0006805773335310567,resnet32,0.1811,0.1756,2.2991538758982313,2.2945372614670885,0.004616607719567996,resnet32,0.1,0.0964,2.3062111640518363,2.3061283891173927,8.277336118308912e-05,resnet32,0.1,0.0964,2.3062710734930905,2.3062705123289065,5.621166730468924e-07,450000.0,5000.0,1810000.0,3620000.0,28960000.0
resnet32x8_cifar10_K8_mwmd1_noise40_seed0004_d017,d017,resnet32:8,cifar10,8,matched,mwmd1,peers,0,0,1.0,p2p,4,200,64,0.1,0.9,0.0005,True,0,60,0.1,1.0,1,,disagreement,1.0,1,0.0,0.5,weight,complete,0.4,0.396156,42,0,45000,5000,10000,3713232,2,0.1,1,1.0,120.76,0.1425625,0.0403965635141159,0.1,0.2058,0.1875,0.04493749999999999,0.140625,0.1824,0.37399999999999994,0.6798270312056053,0.37389642857142863,0.6772271859551975,0.1425625,resnet32,0.1665,0.1656,2.296187953854149,2.2910879017277197,0.005100052264672492,resnet32,0.1837,0.1792,2.2776331075213174,2.2627109312875704,0.014922175383121199,resnet32,0.1056,0.104,2.310689363628626,2.3056494776498186,0.005039888665785177,resnet32,0.1,0.0982,2.3210234824906695,2.3061599961735983,0.014863488719459961,resnet32,0.1096,0.1092,2.3135467781261965,2.3025929487564345,0.010953826295834997,resnet32,0.2058,0.2058,2.268641416660764,2.2491092780096964,0.019532136027754114,resnet32,0.1693,0.1648,2.2868650613183323,2.2757502757012844,0.011114783877928858,resnet32,0.1,0.0982,2.3254739977419376,2.306212863122875,0.01926113611261826,450000.0,5000.0,1810000.0,5430000.0,43440000.0
resnet32x8_cifar10_K8_mwmd1_noise40_seed0004_d017,d017,resnet32:8,cifar10,8,matched,mwmd1,peers,0,0,1.0,p2p,4,200,64,0.1,0.9,0.0005,True,0,60,0.1,1.0,1,,disagreement,1.0,1,0.0,0.5,weight,complete,0.4,0.396156,42,0,45000,5000,10000,3713232,3,0.1,1,1.0,121.47,0.19898749999999998,0.06320226335939244,0.1,0.2606,0.2807,0.08171250000000002,0.19972499999999999,0.2758,0.6379428571428571,0.3377693804299294,0.6409392857142858,0.33833316885961706,0.19898749999999998,resnet32,0.2486,0.2564,2.259259131483056,2.2437932098453697,0.015465924064549406,resnet32,0.2538,0.256,2.2612283985045822,2.240907883779569,0.020320517429023643,resnet32,0.2024,0.2008,2.3159026879478586,2.2955532537942585,0.020349434537241574,resnet32,0.1068,0.106,2.33796914903955,2.306253605606881,0.03171554442219944,resnet32,0.2554,0.2552,2.260068651966073,2.244839087467302,0.015229567475299436,resnet32,0.2606,0.2624,2.2448887896131384,2.2139496081932024,0.030939181308812378,resnet32,0.1643,0.1628,2.2704079110514033,2.2519753107970413,0.01843260129548567,resnet32,0.1,0.0982,2.3242231661623176,2.306050088933923,0.01817307524933395,450000.0,5000.0,1810000.0,7240000.0,57920000.0
resnet32x8_cifar10_K8_mwmd1_noise40_seed0004_d017,d017,resnet32:8,cifar10,8,matched,mwmd1,peers,0,0,1.0,p2p,4,200,64,0.1,0.9,0.0005,True,0,60,0.1,1.0,1,,disagreement,1.0,1,0.0,0.5,weight,complete,0.4,0.396156,42,0,45000,5000,10000,3713232,4,0.1,1,1.0,121.29,0.25379999999999997,0.07193239882000321,0.1,0.347,0.3119,0.05810000000000004,0.24829999999999997,0.3096,0.5772142857142856,0.41326630938023723,0.577525,0.412987469018561,0.25379999999999997,resnet32,0.2067,0.202,2.2124162817543205,2.1952200074764816,0.017196269197897476,resnet32,0.2778,0.2738,2.2242841944098473,2.200267242775722,0.024016954246855512,resnet32,0.3095,0.3056,2.202542304654013,2.184659902175719,0.01788239789444064,resnet32,0.2433,0.2316,2.268669821660627,2.244508084248413,0.024161741326679476,resnet32,0.307,0.2978,2.1931888406926934,2.17538703893396,0.01780179869753986,resnet32,0.347,0.3438,2.2153023196892305,2.1713567782532084,0.043945544835878536,resnet32,0.2391,0.2372,2.224405660886656,2.207193277098916,0.01721238454973156,resnet32,0.1,0.0946,2.353484313257716,2.306433181193742,0.047051132230659605,450000.0,5000.0,1810000.0,9050000.0,72400000.0
resnet32x8_cifar10_K8_mwmd1_noise40_seed0004_d017,d017,resnet32:8,cifar10,8,matched,mwmd1,peers,0,0,1.0,p2p,4,200,64,0.1,0.9,0.0005,True,0,60,0.1,1.0,1,,disagreement,1.0,1,0.0,0.5,weight,complete,0.4,0.396156,42,0,45000,5000,10000,3713232,5,0.1,1,1.0,120.96,0.31295,0.04432205997017738,0.2114,0.3751,0.3991,0.08615,0.314125,0.398,0.6223500000000002,0.3387837453667358,0.6226678571428571,0.3400449402175468,0.31295,resnet32,0.3287,0.3388,2.1587380966679617,2.1299193286421625,0.02881877168362156,resnet32,0.3133,0.3074,2.1710757076401603,2.149125011129813,0.021950693750775165,resnet32,0.3751,0.3728,2.211583269929344,2.1668681556528266,0.04471511795947498,resnet32,0.2966,0.3036,2.174880387430841,2.152412313290618,0.022468073027663526,resnet32,0.3251,0.3192,2.148392956026576,2.1263718794692648,0.022021076353584332,resnet32,0.3109,0.314,2.1290341569957407,2.1003027438101443,0.028731413708142514,resnet32,0.3425,0.3482,2.1728404105048287,2.1503554572435943,0.022484953111746687,resnet32,0.2114,0.209,2.347155482254245,2.2998685735193165,0.04728690734059042,450000.0,5000.0,1810000.0,10860000.0,86880000.0
resnet32x8_cifar10_K8_mwmd1_noise40_seed0004_d017,d017,resnet32:8,cifar10,8,matched,mwmd1,peers,0,0,1.0,p2p,4,200,64,0.1,0.9,0.0005,True,0,60,0.1,1.0,1,,disagreement,1.0,1,0.0,0.5,weight,complete,0.4,0.396156,42,0,45000,5000,10000,3713232,6,0.1,1,1.0,120.77,0.35346249999999996,0.051462460529496636,0.27,0.426,0.3682,0.01473750000000007,0.35015,0.363,0.4798,0.45324940407151987,0.47962857142857146,0.46229848071829016,0.35346249999999996,resnet32,0.3107,0.3044,2.1033807053146036,2.074364698576656,0.029016007441731,resnet32,0.372,0.3666,2.1351796085522934,2.106129140169783,0.029050469379977916,resnet32,0.27,0.2678,2.1151928354732017,2.0861834727905015,0.02900936531262811,resnet32,0.426,0.4236,2.119958722963929,2.09080185351724,0.029156872113658625,resnet32,0.4023,0.4008,2.1036963366310704,2.0741575309498743,0.02953880850162188,resnet32,0.3892,0.387,2.0925185761668463,2.062875102528117,0.029643474511844528,resnet32,0.3596,0.3532,2.1465334113348615,2.1147072933275592,0.031826116869607096,resnet32,0.2979,0.2978,2.2052193524485286,2.173131401904605,0.03208795418190262,450000.0,5000.0,1810000.0,12670000.0,101360000.0
resnet32x8_cifar10_K8_mwmd1_noise40_seed0004_d017,d017,resnet32:8,cifar10,8,matched,mwmd1,peers,0,0,1.0,p2p,4,200,64,0.1,0.9,0.0005,True,0,60,0.1,1.0,1,,disagreement,1.0,1,0.0,0.5,weight,complete,0.4,0.396156,42,0,45000,5000,10000,3713232,7,0.1,1,1.0,123.19,0.42403749999999996,0.030682484315159367,0.3762,0.4703,0.479,0.054962500000000025,0.428925,0.4834,0.4507071428571429,0.4872430401968635,0.4488178571428572,0.492864620610006,0.42403749999999996,resnet32,0.4703,0.4746,2.087737785313617,2.0530556543645533,0.034682132322235375,resnet32,0.4013,0.4004,2.0928857881914484,2.065623598681255,0.027262186491332777,resnet32,0.3927,0.403,2.072446730495854,2.0462140583179216,0.026232669899896296,resnet32,0.4484,0.4578,2.078299428928982,2.0520725810730998,0.026226849602112037,resnet32,0.4145,0.4248,2.0712941148403017,2.043915794315663,0.027378318087854,resnet32,0.451,0.4478,2.0710953579030256,2.0423981459303335,0.0286972152230605,resnet32,0.4379,0.4388,2.078397244384343,2.0497563213787298,0.028640922330933707,resnet32,0.3762,0.3842,2.1225968148897993,2.0879129726778376,0.034683848556596786,450000.0,5000.0,1810000.0,14480000.0,115840000.0
resnet32x8_cifar10_K8_mwmd1_noise40_seed0004_d017,d017,resnet32:8,cifar10,8,matched,mwmd1,peers,0,0,1.0,p2p,4,200,64,0.1,0.9,0.0005,True,0,60,0.1,1.0,1,,disagreement,1.0,1,0.0,0.5,weight,complete,0.4,0.396156,42,0,45000,5000,10000,3713232,8,0.1,1,1.0,122.87,0.40103749999999994,0.06706194780760547,0.3257,0.526,0.4176,0.01656250000000009,0.39565,0.4132,0.4299214285714286,0.5583667483738046,0.4290357142857143,0.5603380624464389,0.40103749999999994,resnet32,0.379,0.3828,2.044197207147425,2.012453506277366,0.03174369877722876,resnet32,0.3453,0.337,2.0683972136202184,2.0366018431430515,0.031795374236852775,resnet32,0.3691,0.3574,2.049039290201935,2.0173413772135973,0.03169791177920574,resnet32,0.4159,0.403,2.054531327872114,2.022592346437953,0.03193898470966484,resnet32,0.4901,0.4858,2.0474850704724137,2.015961189838973,0.03152387895600193,resnet32,0.3257,0.3218,2.053096216341311,2.0229700444774195,0.03012616938742047,resnet32,0.526,0.5304,2.043360907584429,2.011815715242516,0.031545190952866425,resnet32,0.3572,0.347,2.0661186308346013,2.036040501161055,0.030078127279094504,450000.0,5000.0,1810000.0,16290000.0,130320000.0
resnet32x8_cifar10_K8_mwmd1_noise40_seed0004_d017,d017,resnet32:8,cifar10,8,matched,mwmd1,peers,0,0,1.0,p2p,4,200,64,0.1,0.9,0.0005,True,0,60,0.1,1.0,1,,disagreement,1.0,1,0.0,0.5,weight,complete,0.4,0.396156,42,0,45000,5000,10000,3713232,9,0.1,1,1.0,120.82,0.5437875,0.023842474572703245,0.5101,0.5796,0.6039,0.06011250000000001,0.5415,0.5958,0.39283571428571434,0.5009976107785437,0.38976785714285717,0.5013276010572465,0.5437875,resnet32,0.544,0.5292,2.017276790162379,1.9839452986012807,0.03333149765173651,resnet32,0.5101,0.5072,2.050624454393983,2.016431076790799,0.03419337733066641,resnet32,0.5602,0.5608,2.031016033142805,1.997465961358764,0.03355007273653014,resnet32,0.5367,0.5376,2.0319309522482483,2.005244941873984,0.02668600609864701,resnet32,0.5742,0.5724,2.0287260809405283,1.9954781603406777,0.033247919934431346,resnet32,0.5233,0.5172,2.036582165313038,2.0023041147400034,0.03427804927394556,resnet32,0.5796,0.5806,2.0216065541925756,1.9880572306838902,0.03354932255090468,resnet32,0.5222,0.527,2.040349131958051,2.0136672993275253,0.026681836671989666,450000.0,5000.0,1810000.0,18100000.0,144800000.0
resnet32x8_cifar10_K8_mwmd1_noise40_seed0004_d017,d017,resnet32:8,cifar10,8,matched,mwmd1,peers,0,0,1.0,p2p,4,200,64,0.1,0.9,0.0005,True,0,60,0.1,1.0,1,,disagreement,1.0,1,0.0,0.5,weight,complete,0.4,0.396156,42,0,45000,5000,10000,3713232,10,0.1,1,1.0,120.76,0.487875,0.04773768820334726,0.4046,0.559,0.5208,0.03292500000000004,0.49117500000000003,0.5286,0.3800928571428571,0.5871974031721653,0.3737214285714286,0.5916543410116141,0.487875,resnet32,0.4312,0.43,1.997871476987546,1.9641369168053975,0.033734561408478345,resnet32,0.5149,0.5208,2.0307027438486163,1.9936456526206299,0.03705709112215449,resnet32,0.5286,0.531,2.006417017938061,1.9727181113240393,0.033698904832073655,resnet32,0.559,0.5654,2.0160891936922614,1.985634995116429,0.030454196689375254,resnet32,0.477,0.4892,2.008440301160921,1.9767614630135624,0.03167883695410141,resnet32,0.4046,0.3932,2.014919147572734,1.9845046116547151,0.030414534494577147,resnet32,0.5088,0.5134,2.0111369373784824,1.9738699287514796,0.037267008947145026,resnet32,0.4789,0.4864,2.0239217022264544,1.9922740559347651,0.03164764540005391,450000.0,5000.0,1810000.0,19910000.0,159280000.0
resnet32x8_cifar10_K8_mwmd1_noise40_seed0004_d017,d017,resnet32:8,cifar10,8,matched,mwmd1,peers,0,0,1.0,p2p,4,200,64,0.1,0.9,0.0005,True,0,60,0.1,1.0,1,,disagreement,1.0,1,0.0,0.5,weight,complete,0.4,0.396156,42,0,45000,5000,10000,3713232,11,0.1,1,1.0,121.39,0.5289125,0.0463049521514708,0.4579,0.5825,0.5615,0.03258749999999999,0.532625,0.5664,0.33852857142857135,0.5792901425894276,0.3393321428571428,0.5772842920085512,0.5289125,resnet32,0.5788,0.5794,1.987263935194774,1.9534203955395655,0.033843538173559035,resnet32,0.5787,0.5742,2.0156207643449306,1.9809285376898267,0.0346922268059147,resnet32,0.5477,0.5604,1.9966702273284846,1.9644873318347065,0.03218290053138679,resnet32,0.4579,0.4602,2.0029036292636935,1.971134053035216,0.03176957753418141,resnet32,0.5825,0.5844,1.9948580698533491,1.9610842881216244,0.03377377935843966,resnet32,0.5042,0.5164,2.005267305976965,1.9705135564912448,0.034753748408878564,resnet32,0.5048,0.5056,1.9939967730844563,1.9622681840238245,0.031728589560688386,resnet32,0.4767,0.4804,2.007721283896403,1.9755689000541514,0.03215238509107043,450000.0,5000.0,1810000.0,21720000.0,173760000.0
resnet32x8_cifar10_K8_mwmd1_noise40_seed0004_d017,d017,resnet32:8,cifar10,8,matched,mwmd1,peers,0,0,1.0,p2p,4,200,64,0.1,0.9,0.0005,True,0,60,0.1,1.0,1,,disagreement,1.0,1,0.0,0.5,weight,complete,0.4,0.396156,42,0,45000,5000,10000,3713232,12,0.1,1,1.0,121.07,0.5355749999999999,0.06630065516267543,0.418,0.6061,0.6116,0.07602500000000012,0.531875,0.597,0.43101428571428574,0.48359787262876447,0.42339642857142856,0.4901899732949501,0.5355749999999999,resnet32,0.5632,0.5546,1.972597836940126,1.9381051691757007,0.034492672561265696,resnet32,0.5027,0.5024,1.9996880045668646,1.9657114617187867,0.033976540760539305,resnet32,0.5666,0.5676,1.9812535768882795,1.9475203156471252,0.033733260725222695,resnet32,0.418,0.414,1.9887596580453895,1.954255522313443,0.034504129143897444,resnet32,0.5834,0.5784,1.9764566474001517,1.940823450515216,0.035633197885049,resnet32,0.4484,0.4496,1.9861002149568363,1.950598062778061,0.035502149831948125,resnet32,0.5962,0.5932,1.9783542701466517,1.9445728935639968,0.03378137505073524,resnet32,0.6061,0.5952,1.9941088860346512,1.9599942124702714,0.034114677165317436,450000.0,5000.0,1810000.0,23530000.0,188240000.0
resnet32x8_cifar10_K8_mwmd1_noise40_seed0004_d017,d017,resnet32:8,cifar10,8,matched,mwmd1,peers,0,0,1.0,p2p,4,200,64,0.1,0.9,0.0005,True,0,60,0.1,1.0,1,,disagreement,1.0,1,0.0,0.5,weight,complete,0.4,0.396156,42,0,45000,5000,10000,3713232,13,0.1,1,1.0,121.53,0.5281125,0.0454766543816715,0.4306,0.5812,0.5818,0.0536875,0.532125,0.592,0.40295000000000003,0.49094409572153613,0.3949892857142857,0.5076789479144553,0.5281125,resnet32,0.4306,0.4278,1.9576607029885054,1.9240085822953419,0.03365212126994844,resnet32,0.521,0.5416,1.9854511652480473,1.9492956885898656,0.03615547594116916,resnet32,0.5682,0.5734,1.9699875382198528,1.9367050928148357,0.033282447593096134,resnet32,0.5553,0.561,1.9755648469383067,1.9405048648742111,0.03505998188153502,resnet32,0.5083,0.5152,1.9662606990472837,1.929899075491862,0.03636162174833854,resnet32,0.5035,0.4906,1.9647130034863949,1.9311121741140431,0.03360082594339143,resnet32,0.5568,0.5672,1.9641868428073146,1.9291180819272995,0.03506876154411161,resnet32,0.5812,0.5802,1.979284835810011,1.9460353637960823,0.03324947052434171,450000.0,5000.0,1810000.0,25340000.0,202720000.0
resnet32x8_cifar10_K8_mwmd1_noise40_seed0004_d017,d017,resnet32:8,cifar10,8,matched,mwmd1,peers,0,0,1.0,p2p,4,200,64,0.1,0.9,0.0005,True,0,60,0.1,1.0,1,,disagreement,1.0,1,0.0,0.5,weight,complete,0.4,0.396156,42,0,45000,5000,10000,3713232,14,0.1,1,1.0,121.84,0.5474375,0.04563033359235937,0.4468,0.5992,0.6127,0.0652625,0.5498500000000001,0.6174,0.40085714285714286,0.49948457413946307,0.3937750000000001,0.5143202633320352,0.5474375,resnet32,0.5677,0.5734,1.952520470896905,1.9150482824241573,0.03747218864207918,resnet32,0.5817,0.5846,1.9754503216933121,1.936567945913835,0.038882377366958695,resnet32,0.5666,0.5688,1.9609914295036683,1.9262350157580592,0.034756411507260054,resnet32,0.5122,0.5182,1.9628548881208354,1.928065331483429,0.03478955713217147,resnet32,0.5353,0.5396,1.9555327594280243,1.9194541224701838,0.036078635952435434,resnet32,0.4468,0.4378,1.9594274613667617,1.9205447425219146,0.03888272159912793,resnet32,0.5992,0.6056,1.9547259733080864,1.918659674342383,0.036066298534437505,resnet32,0.57,0.5708,1.9656175959177993,1.9281794416972182,0.03743815680553036,450000.0,5000.0,1810000.0,27150000.0,217200000.0
resnet32x8_cifar10_K8_mwmd1_noise40_seed0004_d017,d017,resnet32:8,cifar10,8,matched,mwmd1,peers,0,0,1.0,p2p,4,200,64,0.1,0.9,0.0005,True,0,60,0.1,1.0,1,,disagreement,1.0,1,0.0,0.5,weight,complete,0.4,0.396156,42,0,45000,5000,10000,3713232,15,0.1,1,1.0,120.63,0.5630625,0.03683547670045821,0.5112,0.6093,0.6057,0.042637499999999995,0.5653750000000001,0.6078,0.3394928571428571,0.5705846286751405,0.34222857142857144,0.5657585295895741,0.5630625,resnet32,0.6093,0.607,1.9441804789345374,1.9055805406109854,0.038599939757577056,resnet32,0.5112,0.5132,1.9672583077441563,1.9293014971031384,0.03795681072039191,resnet32,0.553,0.5522,1.9516810647804628,1.9154751868071882,0.03620587815980385,resnet32,0.5356,0.5394,1.954810625111515,1.9162293415177951,0.038581282416337424,resnet32,0.5866,0.5964,1.945604875853116,1.9093215568837794,0.036283319638724526,resnet32,0.589,0.5944,1.9471023927696727,1.9116687066853046,0.03543368839679963,resnet32,0.6042,0.6068,1.9451096511699937,1.9096869221803816,0.03542272917746397,resnet32,0.5156,0.5136,1.9582361245358533,1.9201276552948086,0.03810846950827082,450000.0,5000.0,1810000.0,28960000.0,231680000.0
resnet32x8_cifar10_K8_mwmd1_noise40_seed0004_d017,d017,resnet32:8,cifar10,8,matched,mwmd1,peers,0,0,1.0,p2p,4,200,64,0.1,0.9,0.0005,True,0,60,0.1,1.0,1,,disagreement,1.0,1,0.0,0.5,weight,complete,0.4,0.396156,42,0,45000,5000,10000,3713232,16,0.1,1,1.0,122.61,0.6103125,0.029055224895877144,0.5644,0.6526,0.6625,0.05218749999999994,0.616625,0.6694,0.31573571428571434,0.5625282910667905,0.315175,0.5722161604077237,0.6103125,resnet32,0.6526,0.6592,1.9387543147260493,1.8972156330604444,0.04153868181641552,resnet32,0.5644,0.572,1.9582899145104669,1.9167578765614466,0.04153203763416968,resnet32,0.5962,0.607,1.9427589616653593,1.9046563184396788,0.03810264148738828,resnet32,0.5936,0.5932,1.942498918114738,1.9050959108228034,0.03740301011765206,resnet32,0.5859,0.5862,1.9366894682699984,1.8992834186012095,0.03740604808395305,resnet32,0.6107,0.6234,1.9350376286628572,1.896956349977038,0.03808128176288764,resnet32,0.6335,0.6404,1.939842728389935,1.901310101828792,0.0385326279157942,resnet32,0.6456,0.6516,1.9507209391079166,1.9121955473991958,0.03852539301310158,450000.0,5000.0,1810000.0,30770000.0,246160000.0
resnet32x8_cifar10_K8_mwmd1_noise40_seed0004_d017,d017,resnet32:8,cifar10,8,matched,mwmd1,peers,0,0,1.0,p2p,4,200,64,0.1,0.9,0.0005,True,0,60,0.1,1.0,1,,disagreement,1.0,1,0.0,0.5,weight,complete,0.4,0.396156,42,0,45000,5000,10000,3713232,17,0.1,1,1.0,122.08,0.6194625,0.06349767589250807,0.4804,0.6752,0.6952,0.07573750000000001,0.62405,0.7014,0.3600999999999999,0.5008948313919054,0.3630214285714285,0.5033968630651313,0.6194625,resnet32,0.5661,0.5826,1.9286531389436938,1.891452975740487,0.0372001614516855,resnet32,0.6741,0.6736,1.949337582696568,1.907927432012829,0.04141015373170376,resnet32,0.4804,0.4826,1.937064853920178,1.8998843761668964,0.03718047568426383,resnet32,0.6378,0.6424,1.9373382477259093,1.8990972294387491,0.03824101574718952,resnet32,0.6523,0.6572,1.9333705075762488,1.8958394842391664,0.03753102347995578,resnet32,0.6672,0.6704,1.9355477103116838,1.8940410238098015,0.04150668264959346,resnet32,0.6026,0.6024,1.9331055965951898,1.8948816480961712,0.038223949374779215,resnet32,0.6752,0.6812,1.9430129263888707,1.9055285709486767,0.037484357628272846,450000.0,5000.0,1810000.0,32580000.0,260640000.0
resnet32x8_cifar10_K8_mwmd1_noise40_seed0004_d017,d017,resnet32:8,cifar10,8,matched,mwmd1,peers,0,0,1.0,p2p,4,200,64,0.1,0.9,0.0005,True,0,60,0.1,1.0,1,,disagreement,1.0,1,0.0,0.5,weight,complete,0.4,0.396156,42,0,45000,5000,10000,3713232,18,0.1,1,1.0,122.02,0.6103749999999999,0.024964312027372194,0.5566,0.6362,0.665,0.054625000000000146,0.611625,0.67,0.3413285714285715,0.5164744969897335,0.33627142857142855,0.5277007839864039,0.6103749999999999,resnet32,0.6169,0.6186,1.919113727794452,1.880511981181123,0.038601744615748015,resnet32,0.6324,0.6274,1.9390205839140848,1.8983970298008486,0.04062355750515549,resnet32,0.622,0.6262,1.928869973190806,1.889614873650399,0.039255099265243516,resnet32,0.5847,0.5902,1.9321904492310502,1.8914671331982722,0.04072331641641953,resnet32,0.5566,0.5622,1.9228568092327227,1.8842541038651357,0.03860270372189751,resnet32,0.6144,0.6096,1.9246280227195134,1.8853311482816935,0.03929687499343841,resnet32,0.6362,0.6354,1.9255952669138259,1.8853315897285938,0.04026368116451935,resnet32,0.6198,0.6234,1.9348744993860072,1.8946618072011254,0.04021268956289119,450000.0,5000.0,1810000.0,34390000.0,275120000.0
resnet32x8_cifar10_K8_mwmd1_noise40_seed0004_d017,d017,resnet32:8,cifar10,8,matched,mwmd1,peers,0,0,1.0,p2p,4,200,64,0.1,0.9,0.0005,True,0,60,0.1,1.0,1,,disagreement,1.0,1,0.0,0.5,weight,complete,0.4,0.396156,42,0,45000,5000,10000,3713232,19,0.1,1,1.0,120.26,0.5038,0.04898693703427475,0.4395,0.5775,0.5373,0.033499999999999974,0.5117,0.547,0.36017142857142864,0.5726156387578564,0.37149642857142856,0.5591161195477502,0.5038,resnet32,0.574,0.5684,1.9153675411573865,1.8755542625757782,0.03981327842550606,resnet32,0.4802,0.492,1.9328902942890471,1.8911709282547235,0.04171936688627201,resnet32,0.4395,0.4436,1.9223986537280409,1.8844100804152815,0.0379885692990766,resnet32,0.5775,0.5898,1.9231375615027817,1.8833062931556592,0.03983126618814739,resnet32,0.5171,0.5186,1.91952392865311,1.8812445034696297,0.038279427334518085,resnet32,0.4673,0.4766,1.9168288712813095,1.8788203927264973,0.038008479234783656,resnet32,0.5198,0.5358,1.9213926622813398,1.8795490244572812,0.04184363878713074,resnet32,0.455,0.4688,1.9277121148664842,1.8894352811304005,0.0382768358156847,450000.0,5000.0,1810000.0,36200000.0,289600000.0
resnet32x8_cifar10_K8_mwmd1_noise40_seed0004_d017,d017,resnet32:8,cifar10,8,matched,mwmd1,peers,0,0,1.0,p2p,4,200,64,0.1,0.9,0.0005,True,0,60,0.1,1.0,1,,disagreement,1.0,1,0.0,0.5,weight,complete,0.4,0.396156,42,0,45000,5000,10000,3713232,20,0.1,1,1.0,121.16,0.61855,0.036592007324004514,0.5699,0.6736,0.6681,0.04954999999999998,0.6272249999999999,0.6754,0.3056571428571428,0.5360748826025749,0.3087607142857144,0.538130087365813,0.61855,resnet32,0.6041,0.6174,1.9150960934771732,1.8749787717718969,0.04011732155446556,resnet32,0.5799,0.5896,1.9295169606127522,1.8906273923136971,0.038889568706508726,resnet32,0.5699,0.57,1.9218462973155759,1.8837928987023504,0.03805339881166054,resnet32,0.6736,0.6802,1.9204293435270137,1.8823138810694218,0.03811546090979722,resnet32,0.5943,0.6084,1.9191417800770565,1.8802070712501353,0.0389347100651569,resnet32,0.6151,0.6324,1.9162554935636846,1.879693859002807,0.03656163345228627,resnet32,0.6668,0.668,1.9137546228752895,1.877163018015298,0.0365916064792228,resnet32,0.6447,0.6518,1.9261545740406623,1.8860290859910576,0.04012549138067036,450000.0,5000.0,1810000.0,38010000.0,304080000.0
resnet32x8_cifar10_K8_mwmd1_noise40_seed0004_d017,d017,resnet32:8,cifar10,8,matched,mwmd1,peers,0,0,1.0,p2p,4,200,64,0.1,0.9,0.0005,True,0,60,0.1,1.0,1,,disagreement,1.0,1,0.0,0.5,weight,complete,0.4,0.396156,42,0,45000,5000,10000,3713232,21,0.1,1,1.0,122.32,0.6527875000000001,0.025239871111992624,0.6124,0.6878,0.7036,0.05081249999999993,0.6517,0.7034,0.30761428571428573,0.5349812663814492,0.3062892857142857,0.5387813589082222,0.6527875000000001,resnet32,0.6124,0.6166,1.9068612495267934,1.86926242726093,0.037598821019690316,resnet32,0.6781,0.6814,1.9278239721262997,1.8878270096399568,0.03999696192543276,resnet32,0.6599,0.6656,1.9167491797019134,1.8763623713431032,0.04038680503832769,resnet32,0.6503,0.6514,1.9159695882011543,1.877135049890388,0.03883453964954242,resnet32,0.6878,0.6794,1.9148662154647438,1.8760635146701878,0.03880270181583579,resnet32,0.6221,0.6242,1.909370538016612,1.871793016452681,0.037577524431981146,resnet32,0.6729,0.6652,1.9134113927456466,1.8729961660097947,0.04041522743963552,resnet32,0.6388,0.6298,1.9228503646498376,1.8827572028067978,0.040093161795415326,450000.0,5000.0,1810000.0,39820000.0,318560000.0
resnet32x8_cifar10_K8_mwmd1_noise40_seed0004_d017,d017,resnet32:8,cifar10,8,matched,mwmd1,peers,0,0,1.0,p2p,4,200,64,0.1,0.9,0.0005,True,0,60,0.1,1.0,1,,disagreement,1.0,1,0.0,0.5,weight,complete,0.4,0.396156,42,0,45000,5000,10000,3713232,22,0.1,1,1.0,121.79,0.6332625,0.039696754826433873,0.5677,0.6911,0.681,0.0477375000000001,0.631575,0.6806,0.3077142857142857,0.5579083966422391,0.30550714285714287,0.5592033056567371,0.6332625,resnet32,0.6544,0.66,1.9077036924321542,1.8680277807130055,0.03967591446549208,resnet32,0.6911,0.6824,1.9243032679977743,1.8810549940575252,0.04324827377620915,resnet32,0.5677,0.554,1.9158497158099304,1.8761734242805026,0.03967629046052356,resnet32,0.6303,0.6284,1.9148341076956554,1.8743418700654397,0.040492237310073426,resnet32,0.6384,0.6352,1.9123424149372361,1.8734021327373656,0.03894028040601618,resnet32,0.596,0.5972,1.9130088879980824,1.869662295010957,0.043346592648462814,resnet32,0.6819,0.6844,1.9124090600420127,1.8719029350375587,0.04050612322647463,resnet32,0.6063,0.611,1.9186060680923136,1.8796303587203675,0.038975705781591714,450000.0,5000.0,1810000.0,41630000.0,333040000.0
resnet32x8_cifar10_K8_mwmd1_noise40_seed0004_d017,d017,resnet32:8,cifar10,8,matched,mwmd1,peers,0,0,1.0,p2p,4,200,64,0.1,0.9,0.0005,True,0,60,0.1,1.0,1,,disagreement,1.0,1,0.0,0.5,weight,complete,0.4,0.396156,42,0,45000,5000,10000,3713232,23,0.1,1,1.0,120.83,0.5892875,0.0653457809942616,0.4382,0.6688,0.6359,0.04661250000000006,0.5922499999999999,0.641,0.34138571428571435,0.5577459870272881,0.33533214285714286,0.5644793002574133,0.5892875,resnet32,0.6411,0.646,1.901762531562285,1.861367192627354,0.04039533855128949,resnet32,0.5814,0.5826,1.9156719659539787,1.8749687622555278,0.0407032035344111,resnet32,0.4382,0.4286,1.909224703569304,1.86969928460365,0.03952541734113104,resnet32,0.6348,0.6416,1.9091770874167031,1.8683409035544505,0.04083618657684631,resnet32,0.6688,0.6754,1.9044446962123567,1.8646642513234506,0.03978044773314402,resnet32,0.5771,0.5768,1.9040375927632505,1.8642813729291612,0.039756220797161484,resnet32,0.5827,0.5926,1.9032604552128098,1.863684476945888,0.039575978507689964,resnet32,0.5902,0.5944,1.9112145760181276,1.8707931546325034,0.04042142326678996,450000.0,5000.0,1810000.0,43440000.0,347520000.0
resnet32x8_cifar10_K8_mwmd1_noise40_seed0004_d017,d017,resnet32:8,cifar10,8,matched,mwmd1,peers,0,0,1.0,p2p,4,200,64,0.1,0.9,0.0005,True,0,60,0.1,1.0,1,,disagreement,1.0,1,0.0,0.5,weight,complete,0.4,0.396156,42,0,45000,5000,10000,3713232,24,0.1,1,1.0,121.24,0.6305750000000001,0.04102324798208938,0.5807,0.7136,0.6907,0.06012499999999987,0.63765,0.7016,0.31952857142857144,0.5479951143271127,0.32545357142857145,0.551846481769129,0.6305750000000001,resnet32,0.5807,0.5836,1.907665772194212,1.8653460949320684,0.04231967421682467,resnet32,0.651,0.6596,1.917269785126502,1.874955341219902,0.0423144464677369,resnet32,0.6064,0.6142,1.9106010689654134,1.872361344369975,0.03823972488912246,resnet32,0.7136,0.7248,1.9114627282727847,1.8706246199594303,0.040838109572756694,resnet32,0.584,0.5966,1.9079829681326042,1.8697732102803208,0.03820975688656538,resnet32,0.6132,0.6204,1.9096900981596925,1.8688385581428355,0.040851539950711994,resnet32,0.6453,0.6436,1.907978985797275,1.8671635130250996,0.040815473012943665,resnet32,0.6504,0.6584,1.9140519194982268,1.8732871741733768,0.04076474688587372,450000.0,5000.0,1810000.0,45250000.0,362000000.0
resnet32x8_cifar10_K8_mwmd1_noise40_seed0004_d017,d017,resnet32:8,cifar10,8,matched,mwmd1,peers,0,0,1.0,p2p,4,200,64,0.1,0.9,0.0005,True,0,60,0.1,1.0,1,,disagreement,1.0,1,0.0,0.5,weight,complete,0.4,0.396156,42,0,45000,5000,10000,3713232,25,0.1,1,1.0,120.45,0.6669875000000001,0.02581295399116498,0.6208,0.7103,0.7193,0.052312499999999984,0.66545,0.7198,0.2894642857142857,0.5560090719638846,0.2892571428571428,0.5620885411460437,0.6669875000000001,resnet32,0.6463,0.6398,1.9025890679860658,1.8618087871846827,0.040780278880530124,resnet32,0.6857,0.6826,1.9123349181291731,1.872074063190005,0.04026085104190067,resnet32,0.7103,0.7052,1.9090068155730313,1.8687032000585035,0.040303617546504196,resnet32,0.6794,0.6788,1.9067398294467817,1.865971883928234,0.04076794354213317,resnet32,0.6208,0.6204,1.904053601690314,1.8639399524439464,0.04011364594969729,resnet32,0.6646,0.6656,1.9051644896919078,1.8650559070096775,0.040108582102799446,resnet32,0.678,0.6814,1.905170077458024,1.8642773167653517,0.04089275905492038,resnet32,0.6508,0.6498,1.9115178251469678,1.8706678692251444,0.040849957866488366,450000.0,5000.0,1810000.0,47060000.0,376480000.0
resnet32x8_cifar10_K8_mwmd1_noise40_seed0004_d017,d017,resnet32:8,cifar10,8,matched,mwmd1,peers,0,0,1.0,p2p,4,200,64,0.1,0.9,0.0005,True,0,60,0.1,1.0,1,,disagreement,1.0,1,0.0,0.5,weight,complete,0.4,0.396156,42,0,45000,5000,10000,3713232,26,0.1,1,1.0,121.35,0.60505,0.0318324519947804,0.57,0.6517,0.6297,0.02465000000000006,0.598775,0.6278,0.2508214285714286,0.6510081527221923,0.25011071428571435,0.6514919597118384,0.60505,resnet32,0.6345,0.6308,1.8995997248725458,1.8585995747284456,0.04100015200674534,resnet32,0.5933,0.596,1.9115606629374353,1.869194807484746,0.04236585629140874,resnet32,0.57,0.563,1.9069046533920548,1.8675201260908083,0.03938452759757638,resnet32,0.5961,0.5902,1.9041181135584007,1.863506277684461,0.040611834286458114,resnet32,0.5772,0.5578,1.9028319288045168,1.8634699183431538,0.03936201018355363,resnet32,0.6463,0.6422,1.9042762456969782,1.8618799402293833,0.04239630623752336,resnet32,0.5713,0.564,1.9001014965840362,1.8595023913816973,0.04059910628976385,resnet32,0.6517,0.6462,1.9072279183363372,1.8662725680253722,0.040955352036028424,450000.0,5000.0,1810000.0,48870000.0,390960000.0
resnet32x8_cifar10_K8_mwmd1_noise40_seed0004_d017,d017,resnet32:8,cifar10,8,matched,mwmd1,peers,0,0,1.0,p2p,4,200,64,0.1,0.9,0.0005,True,0,60,0.1,1.0,1,,disagreement,1.0,1,0.0,0.5,weight,complete,0.4,0.396156,42,0,45000,5000,10000,3713232,27,0.1,1,1.0,120.68,0.6244999999999999,0.048768022309706185,0.5378,0.6707,0.6876,0.06310000000000004,0.6255000000000001,0.6872,0.3201928571428571,0.5464503886890338,0.3239,0.5445328650314332,0.6244999999999999,resnet32,0.6544,0.6498,1.8965221758593211,1.854923166334629,0.04159901098782112,resnet32,0.6258,0.6334,1.9071602398021654,1.866260877725753,0.040899361909726976,resnet32,0.5378,0.5316,1.9035835614935919,1.86423047140918,0.03935308999974619,resnet32,0.5583,0.5636,1.904032270170071,1.86235827783292,0.041673992199569264,resnet32,0.6707,0.672,1.9031819415024736,1.862280104986646,0.04090183756885712,resnet32,0.6693,0.6684,1.8971361526372759,1.8589117215438322,0.03822443114900538,resnet32,0.6683,0.6754,1.8969332741742784,1.8586838397790084,0.03824943367031996,resnet32,0.6114,0.6098,1.905966088345105,1.8665380225601522,0.03942806689883582,450000.0,5000.0,1810000.0,50680000.0,405440000.0
resnet32x8_cifar10_K8_mwmd1_noise40_seed0004_d017,d017,resnet32:8,cifar10,8,matched,mwmd1,peers,0,0,1.0,p2p,4,200,64,0.1,0.9,0.0005,True,0,60,0.1,1.0,1,,disagreement,1.0,1,0.0,0.5,weight,complete,0.4,0.396156,42,0,45000,5000,10000,3713232,28,0.1,1,1.0,119.98,0.5869125,0.06200736725381914,0.4789,0.6711,0.624,0.03708750000000005,0.5844999999999999,0.6228,0.3232214285714286,0.5574090270819541,0.3204785714285715,0.5538448166120744,0.5869125,resnet32,0.5968,0.5902,1.8961750294335864,1.8554493351416155,0.04072569380514324,resnet32,0.4789,0.484,1.905954663049091,1.8629487675021996,0.043005894869565964,resnet32,0.6602,0.6614,1.9044026278636672,1.861897979608991,0.04250464751914313,resnet32,0.6009,0.606,1.9008716393939473,1.8594385896894066,0.04143305065438405,resnet32,0.6711,0.667,1.8988896295089612,1.858088343827562,0.040801286972551185,resnet32,0.5334,0.5286,1.9016132830557497,1.85857769084925,0.04303559620959938,resnet32,0.6175,0.6102,1.8991797066886316,1.8566788355396553,0.04250087337674235,resnet32,0.5365,0.5286,1.9029583158818157,1.8615109622478485,0.04144735367894596,450000.0,5000.0,1810000.0,52490000.0,419920000.0
resnet32x8_cifar10_K8_mwmd1_noise40_seed0004_d017,d017,resnet32:8,cifar10,8,matched,mwmd1,peers,0,0,1.0,p2p,4,200,64,0.1,0.9,0.0005,True,0,60,0.1,1.0,1,,disagreement,1.0,1,0.0,0.5,weight,complete,0.4,0.396156,42,0,45000,5000,10000,3713232,29,0.1,1,1.0,121.18,0.6507750000000001,0.06118003657239835,0.5132,0.7029,0.7154,0.06462499999999993,0.6537,0.7234,0.32760714285714293,0.5025694142006165,0.3299928571428571,0.5060303257783964,0.6507750000000001,resnet32,0.5948,0.6022,1.8915629458021035,1.853164861656048,0.03839808224636892,resnet32,0.6561,0.6542,1.9020950497890061,1.862057666209611,0.04003738304494287,resnet32,0.5132,0.5202,1.90110717730766,1.861360160295259,0.03974701942008158,resnet32,0.7029,0.7068,1.8996762863614343,1.8579433199695565,0.04173296590240418,resnet32,0.6727,0.682,1.8969723067500375,1.856850155544552,0.04012215184841559,resnet32,0.7013,0.7008,1.8995369286699728,1.85785269042985,0.04168423685107634,resnet32,0.6763,0.6824,1.8916613075204871,1.8532733449881726,0.038387963897548616,resnet32,0.6889,0.681,1.9013951353051446,1.8615221482786266,0.039872986627001825,450000.0,5000.0,1810000.0,54300000.0,434400000.0
resnet32x8_cifar10_K8_mwmd1_noise40_seed0004_d017,d017,resnet32:8,cifar10,8,matched,mwmd1,peers,0,0,1.0,p2p,4,200,64,0.1,0.9,0.0005,True,0,60,0.1,1.0,1,,disagreement,1.0,1,0.0,0.5,weight,complete,0.4,0.396156,42,0,45000,5000,10000,3713232,30,0.1,1,1.0,122.87,0.6535,0.060199314780153425,0.5318,0.7238,0.7388,0.08530000000000004,0.651425,0.7336,0.3432714285714285,0.49134025550348703,0.34162500000000007,0.4924278025306287,0.6535,resnet32,0.6784,0.6698,1.8886300887573848,1.8507527184079995,0.03787736962443556,resnet32,0.7049,0.7106,1.9026194345206022,1.85974535938691,0.042874076186721635,resnet32,0.6598,0.6558,1.9002332734790714,1.860221635719592,0.040011638558512044,resnet32,0.7238,0.7296,1.8962166954509236,1.856147252869877,0.04006944318428974,resnet32,0.6669,0.6644,1.8952727339823137,1.8548927547579461,0.04037997969532047,resnet32,0.5824,0.581,1.8974000198597258,1.8544227618046782,0.0429772586715196,resnet32,0.5318,0.522,1.8900118863040751,1.8520866410637444,0.03792524577742866,resnet32,0.68,0.6782,1.8993107403882525,1.8589075988327914,0.040403139507609674,450000.0,5000.0,1810000.0,56110000.0,448880000.0
resnet32x8_cifar10_K8_mwmd1_noise40_seed0004_d017,d017,resnet32:8,cifar10,8,matched,mwmd1,peers,0,0,1.0,p2p,4,200,64,0.1,0.9,0.0005,True,0,60,0.1,1.0,1,,disagreement,1.0,1,0.0,0.5,weight,complete,0.4,0.396156,42,0,45000,5000,10000,3713232,31,0.1,1,1.0,124.39,0.6785,0.037474491324099385,0.5977,0.7269,0.731,0.05249999999999999,0.6833,0.7404,0.2727571428571428,0.5579760810087415,0.2723857142857143,0.5677330307435839,0.6785,resnet32,0.6495,0.6506,1.893679298629815,1.85249886543236,0.04118043276883492,resnet32,0.6986,0.705,1.8996570829979398,1.8584583615037529,0.041198720031058074,resnet32,0.6922,0.6986,1.898922747001052,1.8578353144905784,0.04108743198395876,resnet32,0.7269,0.7262,1.896556866439906,1.8552114636721937,0.04134540367786857,resnet32,0.6677,0.6738,1.8960475667633794,1.854869929226962,0.04117763850742697,resnet32,0.5977,0.6046,1.8982285736975344,1.8571682978760113,0.04106027357259088,resnet32,0.7039,0.713,1.8929314361038534,1.8515369578857312,0.04139447800910354,resnet32,0.6915,0.6946,1.9000067734582857,1.858802137219093,0.04120463281552392,450000.0,5000.0,1810000.0,57920000.0,463360000.0
resnet32x8_cifar10_K8_mwmd1_noise40_seed0004_d017,d017,resnet32:8,cifar10,8,matched,mwmd1,peers,0,0,1.0,p2p,4,200,64,0.1,0.9,0.0005,True,0,60,0.1,1.0,1,,disagreement,1.0,1,0.0,0.5,weight,complete,0.4,0.396156,42,0,45000,5000,10000,3713232,32,0.1,1,1.0,123.94,0.6359250000000001,0.0788616945988355,0.4579,0.7189,0.7062,0.07027499999999998,0.634375,0.7028,0.33935714285714275,0.5121626210632974,0.34189285714285716,0.5039161921792019,0.6359250000000001,resnet32,0.6908,0.6878,1.8903020251203666,1.8492940884422173,0.0410079370803115,resnet32,0.5915,0.591,1.9015996686436913,1.8594648910855704,0.042134778161363844,resnet32,0.4579,0.4524,1.8967044218020006,1.8543111036785624,0.042393317229156804,resnet32,0.7189,0.7146,1.8942507552829655,1.853095408021049,0.04115534685181708,resnet32,0.6019,0.6056,1.8941241131926125,1.8536798970943147,0.04044421538922258,resnet32,0.6867,0.6812,1.895798874002966,1.8536894140257076,0.04210945929728702,resnet32,0.6786,0.6894,1.8939013669097966,1.8514781426638365,0.04242322297068313,resnet32,0.6611,0.653,1.8977500261230902,1.8573014292527328,0.04044859875946052,450000.0,5000.0,1810000.0,59730000.0,477840000.0
resnet32x8_cifar10_K8_mwmd1_noise40_seed0004_d017,d017,resnet32:8,cifar10,8,matched,mwmd1,peers,0,0,1.0,p2p,4,200,64,0.1,0.9,0.0005,True,0,60,0.1,1.0,1,,disagreement,1.0,1,0.0,0.5,weight,complete,0.4,0.396156,42,0,45000,5000,10000,3713232,33,0.1,1,1.0,123.75,0.6150125,0.02620073651159447,0.5734,0.6498,0.6572,0.042187500000000044,0.613575,0.657,0.3040928571428571,0.5690376269389249,0.2990035714285714,0.5774091060884919,0.6150125,resnet32,0.6498,0.6384,1.8902581765909086,1.8493025722828778,0.040955605400747365,resnet32,0.6431,0.6552,1.899844760244543,1.858107786286961,0.041736975783185866,resnet32,0.5734,0.5794,1.8972470203245229,1.855340927331285,0.04190609362293882,resnet32,0.6038,0.6048,1.8947098277170549,1.852924653921615,0.04178517159148627,resnet32,0.6137,0.6174,1.891699985008348,1.8507034072483128,0.04099658102760176,resnet32,0.6424,0.6396,1.896198479120027,1.8543614465743303,0.041837031796934425,resnet32,0.6077,0.597,1.892243193462491,1.8512909767979926,0.040952216458125884,resnet32,0.5862,0.5768,1.8966816326772624,1.8557368821718476,0.04094475376768969,450000.0,5000.0,1810000.0,61540000.0,492320000.0
resnet32x8_cifar10_K8_mwmd1_noise40_seed0004_d017,d017,resnet32:8,cifar10,8,matched,mwmd1,peers,0,0,1.0,p2p,4,200,64,0.1,0.9,0.0005,True,0,60,0.1,1.0,1,,disagreement,1.0,1,0.0,0.5,weight,complete,0.4,0.396156,42,0,45000,5000,10000,3713232,34,0.1,1,1.0,124.34,0.627275,0.027105984117902833,0.5987,0.6751,0.6694,0.04212499999999997,0.625925,0.6704,0.29535000000000006,0.5817088706158933,0.30212500000000003,0.5771050810183302,0.627275,resnet32,0.6628,0.6572,1.892056392505765,1.85037073509937,0.04168565838798796,resnet32,0.6751,0.6758,1.9019738439131866,1.858185062692924,0.043788780505895956,resnet32,0.6364,0.6452,1.8990889496423982,1.857415228743445,0.041673722086918795,resnet32,0.5987,0.6004,1.8939788641238755,1.8533456743779508,0.04063318922734735,resnet32,0.6224,0.6142,1.8938544639809565,1.853187276727774,0.040667184885189105,resnet32,0.6003,0.5978,1.8933046895333312,1.8530248970809309,0.040279793029185385,resnet32,0.6203,0.623,1.8938094103200869,1.8499549290334636,0.043854480815670366,resnet32,0.6022,0.5938,1.896678681739352,1.856361062689261,0.040317618190205066,450000.0,5000.0,1810000.0,63350000.0,506800000.0
resnet32x8_cifar10_K8_mwmd1_noise40_seed0004_d017,d017,resnet32:8,cifar10,8,matched,mwmd1,peers,0,0,1.0,p2p,4,200,64,0.1,0.9,0.0005,True,0,60,0.1,1.0,1,,disagreement,1.0,1,0.0,0.5,weight,complete,0.4,0.396156,42,0,45000,5000,10000,3713232,35,0.1,1,1.0,123.63,0.5722125,0.05751389913533944,0.4677,0.6521,0.6225,0.05028750000000004,0.57745,0.6308,0.3541428571428571,0.5407689105530566,0.35846428571428574,0.5442975431643454,0.5722125,resnet32,0.529,0.542,1.8904618820683523,1.8486394848335872,0.041822396610355514,resnet32,0.6392,0.6386,1.8978018863973292,1.854605693878098,0.04319619184719737,resnet32,0.4677,0.4738,1.8969496100802312,1.8549466253342954,0.042002983780217946,resnet32,0.5614,0.5614,1.8933167096904733,1.8514519078149037,0.04186480186234059,resnet32,0.5532,0.5636,1.8936583919619971,1.8530806504528632,0.04057774207269011,resnet32,0.5571,0.5534,1.894333864985542,1.8510909266769886,0.0432429389197337,resnet32,0.6521,0.663,1.890574611215429,1.8485219988294623,0.04205260921629484,resnet32,0.618,0.6238,1.894992534917864,1.854344604028897,0.0406479327198626,450000.0,5000.0,1810000.0,65160000.0,521280000.0
resnet32x8_cifar10_K8_mwmd1_noise40_seed0004_d017,d017,resnet32:8,cifar10,8,matched,mwmd1,peers,0,0,1.0,p2p,4,200,64,0.1,0.9,0.0005,True,0,60,0.1,1.0,1,,disagreement,1.0,1,0.0,0.5,weight,complete,0.4,0.396156,42,0,45000,5000,10000,3713232,36,0.1,1,1.0,123.75,0.6473875,0.013943137873161815,0.6249,0.6656,0.697,0.04961249999999995,0.65265,0.7052,0.29219285714285714,0.5538145210943567,0.29612499999999997,0.5587886863730727,0.6473875,resnet32,0.6474,0.6408,1.8899324217980558,1.8459039249203422,0.044028497523289516,resnet32,0.6566,0.664,1.8971635890616612,1.8530969983813437,0.044066589238354936,resnet32,0.6402,0.6486,1.897918383844874,1.8567562912675468,0.04116209647194906,resnet32,0.6646,0.6662,1.8924031880768863,1.849967768077146,0.04243542071410709,resnet32,0.6306,0.6404,1.8920050908557393,1.8494326810945163,0.04257241017396816,resnet32,0.6492,0.6544,1.8910093564878812,1.8484741210598836,0.04253523479300467,resnet32,0.6656,0.6756,1.8897832005538724,1.847384462979707,0.04239873818799176,resnet32,0.6249,0.6312,1.896288497034799,1.8549747070805593,0.04131379040931775,450000.0,5000.0,1810000.0,66970000.0,535760000.0
resnet32x8_cifar10_K8_mwmd1_noise40_seed0004_d017,d017,resnet32:8,cifar10,8,matched,mwmd1,peers,0,0,1.0,p2p,4,200,64,0.1,0.9,0.0005,True,0,60,0.1,1.0,1,,disagreement,1.0,1,0.0,0.5,weight,complete,0.4,0.396156,42,0,45000,5000,10000,3713232,37,0.1,1,1.0,123.58,0.6408750000000001,0.05378475039451237,0.5553,0.6984,0.7043,0.06342499999999995,0.6468750000000001,0.7132,0.33445714285714295,0.5360562835431231,0.33540714285714285,0.5400483310469041,0.6408750000000001,resnet32,0.6937,0.6968,1.887335767461495,1.8457928330383517,0.04154293753460727,resnet32,0.5553,0.5662,1.8973899168724364,1.8542165163565765,0.0431734002459879,resnet32,0.5852,0.5828,1.8957478227940472,1.854484922337261,0.041262897591381756,resnet32,0.6853,0.6972,1.8928595708513802,1.8514023208144037,0.04145725005549717,resnet32,0.6787,0.6842,1.892139201306484,1.8505321324548938,0.041607067663624715,resnet32,0.646,0.6506,1.8933339410207488,1.8516385299576954,0.04169541414276781,resnet32,0.5844,0.5934,1.8911921830678529,1.847992675040256,0.04319951018392616,resnet32,0.6984,0.7038,1.8948695324361324,1.8531893171708693,0.04168021504301578,450000.0,5000.0,1810000.0,68780000.0,550240000.0
resnet32x8_cifar10_K8_mwmd1_noise40_seed0004_d017,d017,resnet32:8,cifar10,8,matched,mwmd1,peers,0,0,1.0,p2p,4,200,64,0.1,0.9,0.0005,True,0,60,0.1,1.0,1,,disagreement,1.0,1,0.0,0.5,weight,complete,0.4,0.396156,42,0,45000,5000,10000,3713232,38,0.1,1,1.0,124.35,0.60665,0.047564903027337284,0.5426,0.6799,0.6812,0.07455,0.61265,0.6884,0.3744071428571428,0.47146543380183054,0.3746607142857143,0.4832066861548697,0.60665,resnet32,0.5426,0.5488,1.890766767276959,1.8479631578719073,0.04280360771438361,resnet32,0.6799,0.695,1.8979623478583314,1.8551362480290912,0.0428260970776054,resnet32,0.5828,0.5928,1.895234794609926,1.85475027595054,0.040484515241008594,resnet32,0.5666,0.5628,1.8925125327977268,1.8517247788946738,0.04078775324424813,resnet32,0.5738,0.5742,1.8913769156418063,1.8490808611227707,0.04229605777601881,resnet32,0.6265,0.6366,1.8939227131618694,1.851601461625912,0.04232125032947145,resnet32,0.6772,0.6824,1.889138038693504,1.8483687227761203,0.04076931485641663,resnet32,0.6038,0.6086,1.8950189435007898,1.8544452053240754,0.040573737015206876,450000.0,5000.0,1810000.0,70590000.0,564720000.0
resnet32x8_cifar10_K8_mwmd1_noise40_seed0004_d017,d017,resnet32:8,cifar10,8,matched,mwmd1,peers,0,0,1.0,p2p,4,200,64,0.1,0.9,0.0005,True,0,60,0.1,1.0,1,,disagreement,1.0,1,0.0,0.5,weight,complete,0.4,0.396156,42,0,45000,5000,10000,3713232,39,0.1,1,1.0,123.62,0.6725625,0.02793917220946245,0.6165,0.7038,0.737,0.06443750000000004,0.6777,0.736,0.2824571428571428,0.5460543475407046,0.2931428571428572,0.5340053331247587,0.6725625,resnet32,0.688,0.6888,1.8901856270703403,1.8496101703494787,0.040575456974858586,resnet32,0.6629,0.6662,1.8993176010183312,1.857276098464023,0.042041502874450416,resnet32,0.6968,0.7072,1.8965066964314743,1.854532249441201,0.04197444643200883,resnet32,0.6494,0.6594,1.8908000745895235,1.851353474300016,0.03944659897189757,resnet32,0.7038,0.7078,1.8912911570884965,1.8518353913995353,0.03945576250076887,resnet32,0.6165,0.6226,1.890237750316208,1.8515818466178395,0.03865590556365946,resnet32,0.6975,0.6994,1.8862127216363496,1.8475212944163517,0.03869142815661193,resnet32,0.6656,0.6702,1.895425585521893,1.8548319780013778,0.040593607128936456,450000.0,5000.0,1810000.0,72400000.0,579200000.0
resnet32x8_cifar10_K8_mwmd1_noise40_seed0004_d017,d017,resnet32:8,cifar10,8,matched,mwmd1,peers,0,0,1.0,p2p,4,200,64,0.1,0.9,0.0005,True,0,60,0.1,1.0,1,,disagreement,1.0,1,0.0,0.5,weight,complete,0.4,0.396156,42,0,45000,5000,10000,3713232,40,0.1,1,1.0,122.73,0.5943125,0.042628260505795906,0.5254,0.6533,0.6401,0.04578749999999998,0.6033,0.6456,0.30029285714285725,0.5744358585777504,0.3050214285714286,0.5699096994346273,0.5943125,resnet32,0.6533,0.6612,1.886940147727728,1.8454785834659229,0.04146156488092278,resnet32,0.5254,0.5406,1.8993683933195742,1.8563351024958221,0.043033288506029006,resnet32,0.5717,0.5734,1.897787302901799,1.8555685166608205,0.04221878878359513,resnet32,0.5389,0.543,1.8938623241741548,1.8515260341492565,0.042336290371498435,resnet32,0.6313,0.641,1.8899238941005685,1.8484783829613165,0.04144551055188375,resnet32,0.6184,0.6322,1.8877994597635486,1.8485250813378529,0.039274379867658187,resnet32,0.6222,0.6304,1.8852618375623769,1.8459591853686355,0.03930265024378472,resnet32,0.5933,0.6046,1.8965836739675566,1.8534906552257864,0.0430930190037047,450000.0,5000.0,1810000.0,74210000.0,593680000.0
resnet32x8_cifar10_K8_mwmd1_noise40_seed0004_d017,d017,resnet32:8,cifar10,8,matched,mwmd1,peers,0,0,1.0,p2p,4,200,64,0.1,0.9,0.0005,True,0,60,0.1,1.0,1,,disagreement,1.0,1,0.0,0.5,weight,complete,0.4,0.396156,42,0,45000,5000,10000,3713232,41,0.1,1,1.0,121.71,0.6548125,0.015995346002822194,0.6342,0.6877,0.7048,0.04998749999999996,0.657225,0.7076,0.29055714285714285,0.5645923579508886,0.28584642857142856,0.5802007495837586,0.6548125,resnet32,0.6361,0.6408,1.8855479322373867,1.8421747506680815,0.043373182945122775,resnet32,0.6557,0.6596,1.8939593656157905,1.8506273689933799,0.04333199705896815,resnet32,0.6621,0.6658,1.8928546880117871,1.8504309078509158,0.04242377833526751,resnet32,0.6877,0.6856,1.8887473959475756,1.8465526806698604,0.04219471444164149,resnet32,0.6475,0.6622,1.8893622617152603,1.8476913982832974,0.041670864971820265,resnet32,0.6634,0.6652,1.888031981377439,1.845868413082578,0.04216356737412174,resnet32,0.6342,0.6232,1.8868233632634988,1.8443184335800735,0.0425049282441085,resnet32,0.6518,0.6554,1.8926014942540363,1.8508871387351642,0.041714353777933866,450000.0,5000.0,1810000.0,76020000.0,608160000.0
resnet32x8_cifar10_K8_mwmd1_noise40_seed0004_d017,d017,resnet32:8,cifar10,8,matched,mwmd1,peers,0,0,1.0,p2p,4,200,64,0.1,0.9,0.0005,True,0,60,0.1,1.0,1,,disagreement,1.0,1,0.0,0.5,weight,complete,0.4,0.396156,42,0,45000,5000,10000,3713232,42,0.1,1,1.0,123.36,0.5701875,0.041579605502577804,0.5041,0.6354,0.6133,0.0431125,0.5644499999999999,0.6056,0.3329,0.5882706917611064,0.3379821428571428,0.579482638199847,0.5701875,resnet32,0.5972,0.5962,1.8860248784449967,1.845169629562985,0.04085524700084617,resnet32,0.6354,0.6314,1.8938293390992014,1.8523244876414537,0.04150485314047811,resnet32,0.5574,0.5486,1.891956532204693,1.8523891309106892,0.039567401092922824,resnet32,0.6133,0.6094,1.889868779446591,1.8482928829775616,0.041575895871078086,resnet32,0.5343,0.5278,1.8905482913621448,1.8509400112723762,0.03960828234663826,resnet32,0.5041,0.4924,1.8851255601779981,1.846405572850596,0.03871998741603668,resnet32,0.5818,0.5728,1.8833917491137981,1.8445876105265184,0.03880413836635522,resnet32,0.538,0.537,1.8924515078013593,1.8516133476726033,0.04083816109976562,450000.0,5000.0,1810000.0,77830000.0,622640000.0
resnet32x8_cifar10_K8_mwmd1_noise40_seed0004_d017,d017,resnet32:8,cifar10,8,matched,mwmd1,peers,0,0,1.0,p2p,4,200,64,0.1,0.9,0.0005,True,0,60,0.1,1.0,1,,disagreement,1.0,1,0.0,0.5,weight,complete,0.4,0.396156,42,0,45000,5000,10000,3713232,43,0.1,1,1.0,123.79,0.65255,0.03807128182764533,0.6086,0.7068,0.704,0.051449999999999996,0.65095,0.7,0.30597142857142856,0.5537562798187984,0.30088928571428575,0.5606278136427825,0.65255,resnet32,0.6271,0.6358,1.886274350468408,1.8441660978238692,0.04210825129253366,resnet32,0.6124,0.6044,1.8945900398221882,1.8513902098956434,0.043199831611921334,resnet32,0.6937,0.6864,1.892398266121745,1.8503175740214912,0.04208069224841893,resnet32,0.6245,0.621,1.8876251099123196,1.847346750680696,0.040278358591339464,resnet32,0.6503,0.6408,1.889008587395603,1.8488471321761608,0.04016145545491864,resnet32,0.6086,0.6128,1.8907267165116288,1.8474551620469852,0.04327155570552515,resnet32,0.7068,0.7114,1.886180829764767,1.8442321228371426,0.041948709840653464,resnet32,0.697,0.695,1.8913608482954176,1.849409252574498,0.041951597020008856,450000.0,5000.0,1810000.0,79640000.0,637120000.0
resnet32x8_cifar10_K8_mwmd1_noise40_seed0004_d017,d017,resnet32:8,cifar10,8,matched,mwmd1,peers,0,0,1.0,p2p,4,200,64,0.1,0.9,0.0005,True,0,60,0.1,1.0,1,,disagreement,1.0,1,0.0,0.5,weight,complete,0.4,0.396156,42,0,45000,5000,10000,3713232,44,0.1,1,1.0,123.41,0.68685,0.024447341368746,0.6551,0.7329,0.7448,0.05795000000000006,0.68445,0.7436,0.2807142857142857,0.5490899856469501,0.28054285714285715,0.5428237633765877,0.68685,resnet32,0.6551,0.653,1.8850399580868809,1.843529019674117,0.04151093590454283,resnet32,0.6739,0.6792,1.895491418174722,1.8526334476403215,0.04285797008725984,resnet32,0.6706,0.6632,1.8921831731091847,1.849498186768456,0.04268498970354399,resnet32,0.7329,0.7228,1.8880138486962428,1.8467157025906173,0.04129814672209746,resnet32,0.6838,0.6738,1.888249367136847,1.8467672755095093,0.04148209222793495,resnet32,0.6953,0.6934,1.8901533850214698,1.847482338717038,0.042671046513450245,resnet32,0.715,0.7206,1.8858119630339472,1.8444645064459606,0.04134745644246736,resnet32,0.6682,0.6696,1.894482990049503,1.8516175867143003,0.04286540638581342,450000.0,5000.0,1810000.0,81450000.0,651600000.0
resnet32x8_cifar10_K8_mwmd1_noise40_seed0004_d017,d017,resnet32:8,cifar10,8,matched,mwmd1,peers,0,0,1.0,p2p,4,200,64,0.1,0.9,0.0005,True,0,60,0.1,1.0,1,,disagreement,1.0,1,0.0,0.5,weight,complete,0.4,0.396156,42,0,45000,5000,10000,3713232,45,0.1,1,1.0,123.13,0.651625,0.023881622118273303,0.6233,0.6937,0.7061,0.05447499999999994,0.652275,0.7114,0.2977714285714285,0.560441906786879,0.2958928571428571,0.5699926298821315,0.651625,resnet32,0.6341,0.6324,1.8875889403914863,1.8445571622049266,0.04303177927663042,resnet32,0.6244,0.628,1.8921790053559975,1.8491547979753127,0.04302420868771151,resnet32,0.6723,0.67,1.8929589832709595,1.8499603855677627,0.04299859801804731,resnet32,0.6937,0.688,1.8896275022151796,1.8484539723193103,0.04117353200986558,resnet32,0.6233,0.6228,1.8892333859747106,1.847412776540626,0.041820609039859846,resnet32,0.6573,0.6612,1.8889201705090024,1.8471131875095042,0.04180698571144603,resnet32,0.6693,0.6728,1.887170104479248,1.8441205558113076,0.04304954968128269,resnet32,0.6386,0.643,1.8906674168326638,1.849487222561782,0.04118019298237579,450000.0,5000.0,1810000.0,83260000.0,666080000.0
resnet32x8_cifar10_K8_mwmd1_noise40_seed0004_d017,d017,resnet32:8,cifar10,8,matched,mwmd1,peers,0,0,1.0,p2p,4,200,64,0.1,0.9,0.0005,True,0,60,0.1,1.0,1,,disagreement,1.0,1,0.0,0.5,weight,complete,0.4,0.396156,42,0,45000,5000,10000,3713232,46,0.1,1,1.0,121.7,0.67525,0.015405680770417127,0.6525,0.7067,0.7168,0.041549999999999976,0.6816500000000001,0.7212,0.2520857142857143,0.5875550573835774,0.2590071428571429,0.5790040167433345,0.67525,resnet32,0.6729,0.6788,1.8789978135715832,1.8381759805435485,0.04082183207289993,resnet32,0.6525,0.6594,1.8894558755511588,1.8474624620919877,0.04199341290884397,resnet32,0.6848,0.6948,1.8878721154548905,1.8458264903588728,0.04204562634748237,resnet32,0.7067,0.7074,1.8822264485061169,1.8423897371712057,0.03983671028452756,resnet32,0.6747,0.6816,1.8835544936697592,1.8437553691593083,0.039799125767207115,resnet32,0.6675,0.677,1.8800007912584327,1.840697943148288,0.0393028489806139,resnet32,0.6816,0.6866,1.8777585224333135,1.8384371283040806,0.039321397693129256,resnet32,0.6613,0.6676,1.8854843417013234,1.8446369709616357,0.04084736908076924,450000.0,5000.0,1810000.0,85070000.0,680560000.0
resnet32x8_cifar10_K8_mwmd1_noise40_seed0004_d017,d017,resnet32:8,cifar10,8,matched,mwmd1,peers,0,0,1.0,p2p,4,200,64,0.1,0.9,0.0005,True,0,60,0.1,1.0,1,,disagreement,1.0,1,0.0,0.5,weight,complete,0.4,0.396156,42,0,45000,5000,10000,3713232,47,0.1,1,1.0,120.72,0.63775,0.031126315233255618,0.5625,0.6681,0.6777,0.03994999999999993,0.6452,0.6866,0.2729142857142857,0.5797353440329926,0.28125,0.5778012070949566,0.63775,resnet32,0.6549,0.6574,1.8853275907987899,1.8426322491670197,0.042695342301158234,resnet32,0.6669,0.6834,1.8898829131979833,1.8471343930472026,0.04274852178588679,resnet32,0.6389,0.6402,1.8892092042687265,1.84636367586526,0.04284552880298262,resnet32,0.6347,0.6448,1.8874487165700307,1.8459466597573324,0.04150205719898539,resnet32,0.6681,0.6788,1.8881251397119327,1.8453687691891736,0.04275636972108094,resnet32,0.6405,0.646,1.8884501516480336,1.846495245160027,0.04195490776857531,resnet32,0.5625,0.5692,1.8842613629319451,1.8428339716047049,0.041427392258562824,resnet32,0.6355,0.6418,1.8893627820705825,1.8473297447304835,0.04203303798038343,450000.0,5000.0,1810000.0,86880000.0,695040000.0
resnet32x8_cifar10_K8_mwmd1_noise40_seed0004_d017,d017,resnet32:8,cifar10,8,matched,mwmd1,peers,0,0,1.0,p2p,4,200,64,0.1,0.9,0.0005,True,0,60,0.1,1.0,1,,disagreement,1.0,1,0.0,0.5,weight,complete,0.4,0.396156,42,0,45000,5000,10000,3713232,48,0.1,1,1.0,120.69,0.6353250000000001,0.04893579339297566,0.5376,0.6929,0.7049,0.06957499999999983,0.646625,0.7142,0.33065,0.5200670705276558,0.33690714285714296,0.5265537694683196,0.6353250000000001,resnet32,0.5376,0.5466,1.8783275197175415,1.8380162966522304,0.04031122080314989,resnet32,0.6441,0.6558,1.8887363081289963,1.8450237124819646,0.04371259650427171,resnet32,0.6639,0.6726,1.887484799054536,1.846929085356268,0.04055571773311716,resnet32,0.6569,0.667,1.8846430306068875,1.8435642734508624,0.04107875497059219,resnet32,0.6929,0.7034,1.8862665857781062,1.8457235947928645,0.04054299180014906,resnet32,0.6165,0.6338,1.882189897989685,1.8419020306318998,0.04028787043220787,resnet32,0.5875,0.5996,1.8825136358765038,1.8387738798152318,0.04373975692380389,resnet32,0.6832,0.6942,1.886897966096347,1.8458414870229634,0.04105647531634366,450000.0,5000.0,1810000.0,88690000.0,709520000.0
resnet32x8_cifar10_K8_mwmd1_noise40_seed0004_d017,d017,resnet32:8,cifar10,8,matched,mwmd1,peers,0,0,1.0,p2p,4,200,64,0.1,0.9,0.0005,True,0,60,0.1,1.0,1,,disagreement,1.0,1,0.0,0.5,weight,complete,0.4,0.396156,42,0,45000,5000,10000,3713232,49,0.1,1,1.0,121.25,0.6095375,0.03552604458351648,0.5535,0.6508,0.6605,0.05096250000000002,0.6135,0.6662,0.33881428571428573,0.5230196639378881,0.33932142857142855,0.5261562988550099,0.6095375,resnet32,0.6116,0.6232,1.878707013685595,1.8374796516515992,0.04122736127200452,resnet32,0.5535,0.545,1.8900469846346162,1.8477956542575902,0.04225133308897388,resnet32,0.555,0.5556,1.8882228832014583,1.845393138683655,0.042829745758684694,resnet32,0.6268,0.633,1.8841318642212586,1.841802241788669,0.042329619553956116,resnet32,0.5997,0.6008,1.8844674912027337,1.8426702887835829,0.04179720227363181,resnet32,0.6462,0.6558,1.8843375720422377,1.8425440662963823,0.04179350726983764,resnet32,0.6327,0.6386,1.8812842242081056,1.838433425026861,0.04285079628144475,resnet32,0.6508,0.656,1.8852924658832224,1.8440637984736399,0.041228666695215826,450000.0,5000.0,1810000.0,90500000.0,724000000.0
resnet32x8_cifar10_K8_mwmd1_noise40_seed0004_d017,d017,resnet32:8,cifar10,8,matched,mwmd1,peers,0,0,1.0,p2p,4,200,64,0.1,0.9,0.0005,True,0,60,0.1,1.0,1,,disagreement,1.0,1,0.0,0.5,weight,complete,0.4,0.396156,42,0,45000,5000,10000,3713232,50,0.1,1,1.0,121.58,0.6093249999999999,0.04563761469446011,0.5467,0.6591,0.6592,0.049875000000000114,0.607225,0.6602,0.3258928571428571,0.5469025614748454,0.32513928571428574,0.5497465752768999,0.6093249999999999,resnet32,0.6521,0.6536,1.8825031375004486,1.8410972275517203,0.041405908898344605,resnet32,0.6086,0.6066,1.8904484337703749,1.846539276398041,0.04390915772157975,resnet32,0.6403,0.6318,1.8888451423157344,1.8478095037016002,0.04103563666153191,resnet32,0.5467,0.5424,1.8848729172552174,1.8437546415423804,0.04111827645895325,resnet32,0.5569,0.5574,1.8843325664373962,1.842882791026072,0.041449776146857235,resnet32,0.6539,0.6564,1.882177364419807,1.8426523672586137,0.039524997632146223,resnet32,0.557,0.5472,1.8789318247952245,1.8394018144092776,0.03953001076165079,resnet32,0.6591,0.6624,1.889082450250333,1.8452002387493849,0.0438822105193553,450000.0,5000.0,1810000.0,92310000.0,738480000.0
