run_id,run_tag,epoch,layer,i,j,arch_i,arch_j,weight,penalized_weight,weight_mode,solver,k
resnet32x8_cifar10_K8_rand1_noise40_seed0005_d017,d017,0,0,0,4,resnet32,resnet32,0.408030,0.408030,random,exact,1
resnet32x8_cifar10_K8_rand1_noise40_seed0005_d017,d017,0,0,1,7,resnet32,resnet32,0.933345,0.933345,random,exact,1
resnet32x8_cifar10_K8_rand1_noise40_seed0005_d017,d017,0,0,2,5,resnet32,resnet32,0.482846,0.482846,random,exact,1
resnet32x8_cifar10_K8_rand1_noise40_seed0005_d017,d017,0,0,3,6,resnet32,resnet32,0.883484,0.883484,random,exact,1
resnet32x8_cifar10_K8_rand1_noise40_seed0005_d017,d017,1,0,0,2,resnet32,resnet32,0.971471,0.971471,random,exact,1
resnet32x8_cifar10_K8_rand1_noise40_seed0005_d017,d017,1,0,1,7,resnet32,resnet32,0.676819,0.676819,random,exact,1
resnet32x8_cifar10_K8_rand1_noise40_seed0005_d017,d017,1,0,3,6,resnet32,resnet32,0.829522,0.829522,random,exact,1
resnet32x8_cifar10_K8_rand1_noise40_seed0005_d017,d017,1,0,4,5,resnet32,resnet32,0.875658,0.875658,random,exact,1
resnet32x8_cifar10_K8_rand1_noise40_seed0005_d017,d017,2,0,0,6,resnet32,resnet32,0.795602,0.795602,random,exact,1
resnet32x8_cifar10_K8_rand1_noise40_seed0005_d017,d017,2,0,1,4,resnet32,resnet32,0.848638,0.848638,random,exact,1
resnet32x8_cifar10_K8_rand1_noise40_seed0005_d017,d017,2,0,2,7,resnet32,resnet32,0.422847,0.422847,random,exact,1
resnet32x8_cifar10_K8_rand1_noise40_seed0005_d017,d017,2,0,3,5,resnet32,resnet32,0.883701,0.883701,random,exact,1
resnet32x8_cifar10_K8_rand1_noise40_seed0005_d017,d017,3,0,0,3,resnet32,resnet32,0.780844,0.780844,random,exact,1
resnet32x8_cifar10_K8_rand1_noise40_seed0005_d017,d017,3,0,1,7,resnet32,resnet32,0.740006,0.740006,random,exact,1
resnet32x8_cifar10_K8_rand1_noise40_seed0005_d017,d017,3,0,2,4,resnet32,resnet32,0.778340,0.778340,random,exact,1
resnet32x8_cifar10_K8_rand1_noise40_seed0005_d017,d017,3,0,5,6,resnet32,resnet32,0.741400,0.741400,random,exact,1
resnet32x8_cifar10_K8_rand1_noise40_seed0005_d017,d017,4,0,0,6,resnet32,resnet32,0.639399,0.639399,random,exact,1
resnet32x8_cifar10_K8_rand1_noise40_seed0005_d017,d017,4,0,1,3,resnet32,resnet32,0.738911,0.738911,random,exact,1
resnet32x8_cifar10_K8_rand1_noise40_seed0005_d017,d017,4,0,2,7,resnet32,resnet32,0.777625,0.777625,random,exact,1
resnet32x8_cifar10_K8_rand1_noise40_seed0005_d017,d017,4,0,4,5,resnet32,resnet32,0.658308,0.658308,random,exact,1
resnet32x8_cifar10_K8_rand1_noise40_seed0005_d017,d017,5,0,0,2,resnet32,resnet32,0.801863,0.801863,random,exact,1
resnet32x8_cifar10_K8_rand1_noise40_seed0005_d017,d017,5,0,1,5,resnet32,resnet32,0.864584,0.864584,random,exact,1
resnet32x8_cifar10_K8_rand1_noise40_seed0005_d017,d017,5,0,3,7,resnet32,resnet32,0.527155,0.527155,random,exact,1
resnet32x8_cifar10_K8_rand1_noise40_seed0005_d017,d017,5,0,4,6,resnet32,resnet32,0.633855,0.633855,random,exact,1
resnet32x8_cifar10_K8_rand1_noise40_seed0005_d017,d017,6,0,0,7,resnet32,resnet32,0.612654,0.612654,random,exact,1
resnet32x8_cifar10_K8_rand1_noise40_seed0005_d017,d017,6,0,1,6,resnet32,resnet32,0.919888,0.919888,random,exact,1
resnet32x8_cifar10_K8_rand1_noise40_seed0005_d017,d017,6,0,2,4,resnet32,resnet32,0.660120,0.660120,random,exact,1
resnet32x8_cifar10_K8_rand1_noise40_seed0005_d017,d017,6,0,3,5,resnet32,resnet32,0.737762,0.737762,random,exact,1
resnet32x8_cifar10_K8_rand1_noise40_seed0005_d017,d017,7,0,0,4,resnet32,resnet32,0.745607,0.745607,random,exact,1
resnet32x8_cifar10_K8_rand1_noise40_seed0005_d017,d017,7,0,1,5,resnet32,resnet32,0.933426,0.933426,random,exact,1
resnet32x8_cifar10_K8_rand1_noise40_seed0005_d017,d017,7,0,2,7,resnet32,resnet32,0.646166,0.646166,random,exact,1
resnet32x8_cifar10_K8_rand1_noise40_seed0005_d017,d017,7,0,3,6,resnet32,resnet32,0.880580,0.880580,random,exact,1
resnet32x8_cifar10_K8_rand1_noise40_seed0005_d017,d017,8,0,0,7,resnet32,resnet32,0.834824,0.834824,random,exact,1
resnet32x8_cifar10_K8_rand1_noise40_seed0005_d017,d017,8,0,1,6,resnet32,resnet32,0.750466,0.750466,random,exact,1
resnet32x8_cifar10_K8_rand1_noise40_seed0005_d017,d017,8,0,2,4,resnet32,resnet32,0.663340,0.663340,random,exact,1
resnet32x8_cifar10_K8_rand1_noise40_seed0005_d017,d017,8,0,3,5,resnet32,resnet32,0.709888,0.709888,random,exact,1
resnet32x8_cifar10_K8_rand1_noise40_seed0005_d017,d017,9,0,0,7,resnet32,resnet32,0.766574,0.766574,random,exact,1
resnet32x8_cifar10_K8_rand1_noise40_seed0005_d017,d017,9,0,1,4,resnet32,resnet32,0.683099,0.683099,random,exact,1
resnet32x8_cifar10_K8_rand1_noise40_seed0005_d017,d017,9,0,2,5,resnet32,resnet32,0.715531,0.715531,random,exact,1
resnet32x8_cifar10_K8_rand1_noise40_seed0005_d017,d017,9,0,3,6,resnet32,resnet32,0.551201,0.551201,random,exact,1
resnet32x8_cifar10_K8_rand1_noise40_seed0005_d017,d017,10,0,0,1,resnet32,resnet32,0.667650,0.667650,random,exact,1
resnet32x8_cifar10_K8_rand1_noise40_seed0005_d017,d017,10,0,2,6,resnet32,resnet32,0.545024,0.545024,random,exact,1
resnet32x8_cifar10_K8_rand1_noise40_seed0005_d017,d017,10,0,3,7,resnet32,resnet32,0.751372,0.751372,random,exact,1
resnet32x8_cifar10_K8_rand1_noise40_seed0005_d017,d017,10,0,4,5,resnet32,resnet32,0.568437,0.568437,random,exact,1
resnet32x8_cifar10_K8_rand1_noise40_seed0005_d017,d017,11,0,0,6,resnet32,resnet32,0.820222,0.820222,random,exact,1
resnet32x8_cifar10_K8_rand1_noise40_seed0005_d017,d017,11,0,1,3,resnet32,resnet32,0.657012,0.657012,random,exact,1
resnet32x8_cifar10_K8_rand1_noise40_seed0005_d017,d017,11,0,2,4,resnet32,resnet32,0.935614,0.935614,random,exact,1
resnet32x8_cifar10_K8_rand1_noise40_seed0005_d017,d017,11,0,5,7,resnet32,resnet32,0.483188,0.483188,random,exact,1
resnet32x8_cifar10_K8_rand1_noise40_seed0005_d017,d017,12,0,0,6,resnet32,resnet32,0.754827,0.754827,random,exact,1
resnet32x8_cifar10_K8_rand1_noise40_seed0005_d017,d017,12,0,1,2,resnet32,resnet32,0.912901,0.912901,random,exact,1
resnet32x8_cifar10_K8_rand1_noise40_seed0005_d017,d017,12,0,3,7,resnet32,resnet32,0.563578,0.563578,random,exact,1
resnet32x8_cifar10_K8_rand1_noise40_seed0005_d017,d017,12,0,4,5,resnet32,resnet32,0.505358,0.505358,random,exact,1
resnet32x8_cifar10_K8_rand1_noise40_seed0005_d017,d017,13,0,0,7,resnet32,resnet32,0.894916,0.894916,random,exact,1
resnet32x8_cifar10_K8_rand1_noise40_seed0005_d017,d017,13,0,1,2,resnet32,resnet32,0.820284,0.820284,random,exact,1
resnet32x8_cifar10_K8_rand1_noise40_seed0005_d017,d017,13,0,3,4,resnet32,resnet32,0.720052,0.720052,random,exact,1
resnet32x8_cifar10_K8_rand1_noise40_seed0005_d017,d017,13,0,5,6,resnet32,resnet32,0.899709,0.899709,random,exact,1
resnet32x8_cifar10_K8_rand1_noise40_seed0005_d017,d017,14,0,0,5,resnet32,resnet32,0.698835,0.698835,random,exact,1
resnet32x8_cifar10_K8_rand1_noise40_seed0005_d017,d017,14,0,1,4,resnet32,resnet32,0.719216,0.719216,random,exact,1
resnet32x8_cifar10_K8_rand1_noise40_seed0005_d017,d017,14,0,2,7,resnet32,resnet32,0.703426,0.703426,random,exact,1
resnet32x8_cifar10_K8_rand1_noise40_seed0005_d017,d017,14,0,3,6,resnet32,resnet32,0.668644,0.668644,random,exact,1
resnet32x8_cifar10_K8_rand1_noise40_seed0005_d017,d017,15,0,0,7,resnet32,resnet32,0.658704,0.658704,random,exact,1
resnet32x8_cifar10_K8_rand1_noise40_seed0005_d017,d017,15,0,1,3,resnet32,resnet32,0.814469,0.814469,random,exact,1
resnet32x8_cifar10_K8_rand1_noise40_seed0005_d017,d017,15,0,2,4,resnet32,resnet32,0.514891,0.514891,random,exact,1
resnet32x8_cifar10_K8_rand1_noise40_seed0005_d017,d017,15,0,5,6,resnet32,resnet32,0.578579,0.578579,random,exact,1
resnet32x8_cifar10_K8_rand1_noise40_seed0005_d017,d017,16,0,0,5,resnet32,resnet32,0.611936,0.611936,random,exact,1
resnet32x8_cifar10_K8_rand1_noise40_seed0005_d017,d017,16,0,1,6,resnet32,resnet32,0.903844,0.903844,random,exact,1
resnet32x8_cifar10_K8_rand1_noise40_seed0005_d017,d017,16,0,2,7,resnet32,resnet32,0.520325,0.520325,random,exact,1
resnet32x8_cifar10_K8_rand1_noise40_seed0005_d017,d017,16,0,3,4,resnet32,resnet32,0.815943,0.815943,random,exact,1
resnet32x8_cifar10_K8_rand1_noise40_seed0005_d017,d017,17,0,0,5,resnet32,resnet32,0.741347,0.741347,random,exact,1
resnet32x8_cifar10_K8_rand1_noise40_seed0005_d017,d017,17,0,1,7,resnet32,resnet32,0.712243,0.712243,random,exact,1
resnet32x8_cifar10_K8_rand1_noise40_seed0005_d017,d017,17,0,2,3,resnet32,resnet32,0.945174,0.945174,random,exact,1
resnet32x8_cifar10_K8_rand1_noise40_seed0005_d017,d017,17,0,4,6,resnet32,resnet32,0.603516,0.603516,random,exact,1
resnet32x8_cifar10_K8_rand1_noise40_seed0005_d017,d017,18,0,0,4,resnet32,resnet32,0.884582,0.884582,random,exact,1
resnet32x8_cifar10_K8_rand1_noise40_seed0005_d017,d017,18,0,1,3,resnet32,resnet32,0.782733,0.782733,random,exact,1
resnet32x8_cifar10_K8_rand1_noise40_seed0005_d017,d017,18,0,2,7,resnet32,resnet32,0.694383,0.694383,random,exact,1
resnet32x8_cifar10_K8_rand1_noise40_seed0005_d017,d017,18,0,5,6,resnet32,resnet32,0.703923,0.703923,random,exact,1
resnet32x8_cifar10_K8_rand1_noise40_seed0005_d017,d017,19,0,0,2,resnet32,resnet32,0.868975,0.868975,random,exact,1
resnet32x8_cifar10_K8_rand1_noise40_seed0005_d017,d017,19,0,1,3,resnet32,resnet32,0.328952,0.328952,random,exact,1
resnet32x8_cifar10_K8_rand1_noise40_seed0005_d017,d017,19,0,4,5,resnet32,resnet32,0.719187,0.719187,random,exact,1
resnet32x8_cifar10_K8_rand1_noise40_seed0005_d017,d017,19,0,6,7,resnet32,resnet32,0.709933,0.709933,random,exact,1
resnet32x8_cifar10_K8_rand1_noise40_seed0005_d017,d017,20,0,0,3,resnet32,resnet32,0.773807,0.773807,random,exact,1
resnet32x8_cifar10_K8_rand1_noise40_seed0005_d017,d017,20,0,1,2,resnet32,resnet32,0.680632,0.680632,random,exact,1
resnet32x8_cifar10_K8_rand1_noise40_seed0005_d017,d017,20,0,4,7,resnet32,resnet32,0.913393,0.913393,random,exact,1
resnet32x8_cifar10_K8_rand1_noise40_seed0005_d017,d017,20,0,5,6,resnet32,resnet32,0.931807,0.931807,random,exact,1
resnet32x8_cifar10_K8_rand1_noise40_seed0005_d017,d017,21,0,0,3,resnet32,resnet32,0.319649,0.319649,random,exact,1
resnet32x8_cifar10_K8_rand1_noise40_seed0005_d017,d017,21,0,1,5,resnet32,resnet32,0.743760,0.743760,random,exact,1
resnet32x8_cifar10_K8_rand1_noise40_seed0005_d017,d017,21,0,2,7,resnet32,resnet32,0.688751,0.688751,random,exact,1
resnet32x8_cifar10_K8_rand1_noise40_seed0005_d017,d017,21,0,4,6,resnet32,resnet32,0.925069,0.925069,random,exact,1
resnet32x8_cifar10_K8_rand1_noise40_seed0005_d017,d017,22,0,0,3,resnet32,resnet32,0.594110,0.594110,random,exact,1
resnet32x8_cifar10_K8_rand1_noise40_seed0005_d017,d017,22,0,1,6,resnet32,resnet32,0.713615,0.713615,random,exact,1
resnet32x8_cifar10_K8_rand1_noise40_seed0005_d017,d017,22,0,2,4,resnet32,resnet32,0.647760,0.647760,random,exact,1
resnet32x8_cifar10_K8_rand1_noise40_seed0005_d017,d017,22,0,5,7,resnet32,resnet32,0.744438,0.744438,random,exact,1
resnet32x8_cifar10_K8_rand1_noise40_seed0005_d017,d017,23,0,0,7,resnet32,resnet32,0.779576,0.779576,random,exact,1
resnet32x8_cifar10_K8_rand1_noise40_seed0005_d017,d017,23,0,1,6,resnet32,resnet32,0.932200,0.932200,random,exact,1
resnet32x8_cifar10_K8_rand1_noise40_seed0005_d017,d017,23,0,2,5,resnet32,resnet32,0.417156,0.417156,random,exact,1
resnet32x8_cifar10_K8_rand1_noise40_seed0005_d017,d017,23,0,3,4,resnet32,resnet32,0.818484,0.818484,random,exact,1
resnet32x8_cifar10_K8_rand1_noise40_seed0005_d017,d017,24,0,0,5,resnet32,resnet32,0.939581,0.939581,random,exact,1
resnet32x8_cifar10_K8_rand1_noise40_seed0005_d017,d017,24,0,1,4,resnet32,resnet32,0.875127,0.875127,random,exact,1
resnet32x8_cifar10_K8_rand1_noise40_seed0005_d017,d017,24,0,2,7,resnet32,resnet32,0.676653,0.676653,random,exact,1
resnet32x8_cifar10_K8_rand1_noise40_seed0005_d017,d017,24,0,3,6,resnet32,resnet32,0.637494,0.637494,random,exact,1
resnet32x8_cifar10_K8_rand1_noise40_seed0005_d017,d017,25,0,0,5,resnet32,resnet32,0.610972,0.610972,random,exact,1
resnet32x8_cifar10_K8_rand1_noise40_seed0005_d017,d017,25,0,1,3,resnet32,resnet32,0.706628,0.706628,random,exact,1
resnet32x8_cifar10_K8_rand1_noise40_seed0005_d017,d017,25,0,2,7,resnet32,resnet32,0.739938,0.739938,random,exact,1
resnet32x8_cifar10_K8_rand1_noise40_seed0005_d017,d017,25,0,4,6,resnet32,resnet32,0.757554,0.757554,random,exact,1
resnet32x8_cifar10_K8_rand1_noise40_seed0005_d017,d017,26,0,0,7,resnet32,resnet32,0.753834,0.753834,random,exact,1
resnet32x8_cifar10_K8_rand1_noise40_seed0005_d017,d017,26,0,1,3,resnet32,resnet32,0.716720,0.716720,random,exact,1
resnet32x8_cifar10_K8_rand1_noise40_seed0005_d017,d017,26,0,2,4,resnet32,resnet32,0.894074,0.894074,random,exact,1
resnet32x8_cifar10_K8_rand1_noise40_seed0005_d017,d017,26,0,5,6,resnet32,resnet32,0.718456,0.718456,random,exact,1
resnet32x8_cifar10_K8_rand1_noise40_seed0005_d017,d017,27,0,0,7,resnet32,resnet32,0.468281,0.468281,random,exact,1
resnet32x8_cifar10_K8_rand1_noise40_seed0005_d017,d017,27,0,1,3,resnet32,resnet32,0.853150,0.853150,random,exact,1
resnet32x8_cifar10_K8_rand1_noise40_seed0005_d017,d017,27,0,2,6,resnet32,resnet32,0.778221,0.778221,random,exact,1
resnet32x8_cifar10_K8_rand1_noise40_seed0005_d017,d017,27,0,4,5,resnet32,resnet32,0.463902,0.463902,random,exact,1
resnet32x8_cifar10_K8_rand1_noise40_seed0005_d017,d017,28,0,0,6,resnet32,resnet32,0.752661,0.752661,random,exact,1
resnet32x8_cifar10_K8_rand1_noise40_seed0005_d017,d017,28,0,1,4,resnet32,resnet32,0.662065,0.662065,random,exact,1
resnet32x8_cifar10_K8_rand1_noise40_seed0005_d017,d017,28,0,2,3,resnet32,resnet32,0.918211,0.918211,random,exact,1
resnet32x8_cifar10_K8_rand1_noise40_seed0005_d017,d017,28,0,5,7,resnet32,resnet32,0.814120,0.814120,random,exact,1
resnet32x8_cifar10_K8_rand1_noise40_seed0005_d017,d017,29,0,0,1,resnet32,resnet32,0.645918,0.645918,random,exact,1
resnet32x8_cifar10_K8_rand1_noise40_seed0005_d017,d017,29,0,2,6,resnet32,resnet32,0.479514,0.479514,random,exact,1
resnet32x8_cifar10_K8_rand1_noise40_seed0005_d017,d017,29,0,3,5,resnet32,resnet32,0.638456,0.638456,random,exact,1
resnet32x8_cifar10_K8_rand1_noise40_seed0005_d017,d017,29,0,4,7,resnet32,resnet32,0.782903,0.782903,random,exact,1
resnet32x8_cifar10_K8_rand1_noise40_seed0005_d017,d017,30,0,0,3,resnet32,resnet32,0.870539,0.870539,random,exact,1
resnet32x8_cifar10_K8_rand1_noise40_seed0005_d017,d017,30,0,1,2,resnet32,resnet32,0.768222,0.768222,random,exact,1
resnet32x8_cifar10_K8_rand1_noise40_seed0005_d017,d017,30,0,4,6,resnet32,resnet32,0.880958,0.880958,random,exact,1
resnet32x8_cifar10_K8_rand1_noise40_seed0005_d017,d017,30,0,5,7,resnet32,resnet32,0.754001,0.754001,random,exact,1
resnet32x8_cifar10_K8_rand1_noise40_seed0005_d017,d017,31,0,0,4,resnet32,resnet32,0.736408,0.736408,random,exact,1
resnet32x8_cifar10_K8_rand1_noise40_seed0005_d017,d017,31,0,1,2,resnet32,resnet32,0.906598,0.906598,random,exact,1
resnet32x8_cifar10_K8_rand1_noise40_seed0005_d017,d017,31,0,3,6,resnet32,resnet32,0.667716,0.667716,random,exact,1
resnet32x8_cifar10_K8_rand1_noise40_seed0005_d017,d017,31,0,5,7,resnet32,resnet32,0.815714,0.815714,random,exact,1
resnet32x8_cifar10_K8_rand1_noise40_seed0005_d017,d017,32,0,0,5,resnet32,resnet32,0.679327,0.679327,random,exact,1
resnet32x8_cifar10_K8_rand1_noise40_seed0005_d017,d017,32,0,1,7,resnet32,resnet32,0.565335,0.565335,random,exact,1
resnet32x8_cifar10_K8_rand1_noise40_seed0005_d017,d017,32,0,2,4,resnet32,resnet32,0.887488,0.887488,random,exact,1
resnet32x8_cifar10_K8_rand1_noise40_seed0005_d017,d017,32,0,3,6,resnet32,resnet32,0.730085,0.730085,random,exact,1
resnet32x8_cifar10_K8_rand1_noise40_seed0005_d017,d017,33,0,0,5,resnet32,resnet32,0.723710,0.723710,random,exact,1
resnet32x8_cifar10_K8_rand1_noise40_seed0005_d017,d017,33,0,1,4,resnet32,resnet32,0.888160,0.888160,random,exact,1
resnet32x8_cifar10_K8_rand1_noise40_seed0005_d017,d017,33,0,2,3,resnet32,resnet32,0.641167,0.641167,random,exact,1
resnet32x8_cifar10_K8_rand1_noise40_seed0005_d017,d017,33,0,6,7,resnet32,resnet32,0.755108,0.755108,random,exact,1
resnet32x8_cifar10_K8_rand1_noise40_seed0005_d017,d017,34,0,0,5,resnet32,resnet32,0.524411,0.524411,random,exact,1
resnet32x8_cifar10_K8_rand1_noise40_seed0005_d017,d017,34,0,1,6,resnet32,resnet32,0.518588,0.518588,random,exact,1
resnet32x8_cifar10_K8_rand1_noise40_seed0005_d017,d017,34,0,2,3,resnet32,resnet32,0.982518,0.982518,random,exact,1
resnet32x8_cifar10_K8_rand1_noise40_seed0005_d017,d017,34,0,4,7,resnet32,resnet32,0.946309,0.946309,random,exact,1
resnet32x8_cifar10_K8_rand1_noise40_seed0005_d017,d017,35,0,0,5,resnet32,resnet32,0.576979,0.576979,random,exact,1
resnet32x8_cifar10_K8_rand1_noise40_seed0005_d017,d017,35,0,1,6,resnet32,resnet32,0.383956,0.383956,random,exact,1
resnet32x8_cifar10_K8_rand1_noise40_seed0005_d017,d017,35,0,2,4,resnet32,resnet32,0.805931,0.805931,random,exact,1
resnet32x8_cifar10_K8_rand1_noise40_seed0005_d017,d017,35,0,3,7,resnet32,resnet32,0.865840,0.865840,random,exact,1
resnet32x8_cifar10_K8_rand1_noise40_seed0005_d017,d017,36,0,0,7,resnet32,resnet32,0.848897,0.848897,random,exact,1
resnet32x8_cifar10_K8_rand1_noise40_seed0005_d017,d017,36,0,1,2,resnet32,resnet32,0.492760,0.492760,random,exact,1
resnet32x8_cifar10_K8_rand1_noise40_seed0005_d017,d017,36,0,3,4,resnet32,resnet32,0.920035,0.920035,random,exact,1
resnet32x8_cifar10_K8_rand1_noise40_seed0005_d017,d017,36,0,5,6,resnet32,resnet32,0.810901,0.810901,random,exact,1
resnet32x8_cifar10_K8_rand1_noise40_seed0005_d017,d017,37,0,0,5,resnet32,resnet32,0.653923,0.653923,random,exact,1
resnet32x8_cifar10_K8_rand1_noise40_seed0005_d017,d017,37,0,1,3,resnet32,resnet32,0.919802,0.919802,random,exact,1
resnet32x8_cifar10_K8_rand1_noise40_seed0005_d017,d017,37,0,2,6,resnet32,resnet32,0.862022,0.862022,random,exact,1
resnet32x8_cifar10_K8_rand1_noise40_seed0005_d017,d017,37,0,4,7,resnet32,resnet32,0.938923,0.938923,random,exact,1
resnet32x8_cifar10_K8_rand1_noise40_seed0005_d017,d017,38,0,0,4,resnet32,resnet32,0.500947,0.500947,random,exact,1
resnet32x8_cifar10_K8_rand1_noise40_seed0005_d017,d017,38,0,1,5,resnet32,resnet32,0.715719,0.715719,random,exact,1
resnet32x8_cifar10_K8_rand1_noise40_seed0005_d017,d017,38,0,2,6,resnet32,resnet32,0.881725,0.881725,random,exact,1
resnet32x8_cifar10_K8_rand1_noise40_seed0005_d017,d017,38,0,3,7,resnet32,resnet32,0.851656,0.851656,random,exact,1
resnet32x8_cifar10_K8_rand1_noise40_seed0005_d017,d017,39,0,0,5,resnet32,resnet32,0.883038,0.883038,random,exact,1
resnet32x8_cifar10_K8_rand1_noise40_seed0005_d017,d017,39,0,1,3,resnet32,resnet32,0.786650,0.786650,random,exact,1
resnet32x8_cifar10_K8_rand1_noise40_seed0005_d017,d017,39,0,2,4,resnet32,resnet32,0.743061,0.743061,random,exact,1
resnet32x8_cifar10_K8_rand1_noise40_seed0005_d017,d017,39,0,6,7,resnet32,resnet32,0.925724,0.925724,random,exact,1
resnet32x8_cifar10_K8_rand1_noise40_seed0005_d017,d017,40,0,0,3,resnet32,resnet32,0.789525,0.789525,random,exact,1
resnet32x8_cifar10_K8_rand1_noise40_seed0005_d017,d017,40,0,1,4,resnet32,resnet32,0.857029,0.857029,random,exact,1
resnet32x8_cifar10_K8_rand1_noise40_seed0005_d017,d017,40,0,2,6,resnet32,resnet32,0.806455,0.806455,random,exact,1
resnet32x8_cifar10_K8_rand1_noise40_seed0005_d017,d017,40,0,5,7,resnet32,resnet32,0.758473,0.758473,random,exact,1
resnet32x8_cifar10_K8_rand1_noise40_seed0005_d017,d017,41,0,0,3,resnet32,resnet32,0.713726,0.713726,random,exact,1
resnet32x8_cifar10_K8_rand1_noise40_seed0005_d017,d017,41,0,1,7,resnet32,resnet32,0.780614,0.780614,random,exact,1
resnet32x8_cifar10_K8_rand1_noise40_seed0005_d017,d017,41,0,2,6,resnet32,resnet32,0.879993,0.879993,random,exact,1
resnet32x8_cifar10_K8_rand1_noise40_seed0005_d017,d017,41,0,4,5,resnet32,resnet32,0.522029,0.522029,random,exact,1
resnet32x8_cifar10_K8_rand1_noise40_seed0005_d017,d017,42,0,0,5,resnet32,resnet32,0.655372,0.655372,random,exact,1
resnet32x8_cifar10_K8_rand1_noise40_seed0005_d017,d017,42,0,1,4,resnet32,resnet32,0.923617,0.923617,random,exact,1
resnet32x8_cifar10_K8_rand1_noise40_seed0005_d017,d017,42,0,2,6,resnet32,resnet32,0.755315,0.755315,random,exact,1
resnet32x8_cifar10_K8_rand1_noise40_seed0005_d017,d017,42,0,3,7,resnet32,resnet32,0.631329,0.631329,random,exact,1
resnet32x8_cifar10_K8_rand1_noise40_seed0005_d017,d017,43,0,0,3,resnet32,resnet32,0.665581,0.665581,random,exact,1
resnet32x8_cifar10_K8_rand1_noise40_seed0005_d017,d017,43,0,1,5,resnet32,resnet32,0.564028,0.564028,random,exact,1
resnet32x8_cifar10_K8_rand1_noise40_seed0005_d017,d017,43,0,2,6,resnet32,resnet32,0.810475,0.810475,random,exact,1
resnet32x8_cifar10_K8_rand1_noise40_seed0005_d017,d017,43,0,4,7,resnet32,resnet32,0.762537,0.762537,random,exact,1
resnet32x8_cifar10_K8_rand1_noise40_seed0005_d017,d017,44,0,0,5,resnet32,resnet32,0.784245,0.784245,random,exact,1
resnet32x8_cifar10_K8_rand1_noise40_seed0005_d017,d017,44,0,1,2,resnet32,resnet32,0.806342,0.806342,random,exact,1
resnet32x8_cifar10_K8_rand1_noise40_seed0005_d017,d017,44,0,3,7,resnet32,resnet32,0.828885,0.828885,random,exact,1
resnet32x8_cifar10_K8_rand1_noise40_seed0005_d017,d017,44,0,4,6,resnet32,resnet32,0.616810,0.616810,random,exact,1
resnet32x8_cifar10_K8_rand1_noise40_seed0005_d017,d017,45,0,0,5,resnet32,resnet32,0.583313,0.583313,random,exact,1
resnet32x8_cifar10_K8_rand1_noise40_seed0005_d017,d017,45,0,1,7,resnet32,resnet32,0.597077,0.597077,random,exact,1
resnet32x8_cifar10_K8_rand1_noise40_seed0005_d017,d017,45,0,2,6,resnet32,resnet32,0.498583,0.498583,random,exact,1
resnet32x8_cifar10_K8_rand1_noise40_seed0005_d017,d017,45,0,3,4,resnet32,resnet32,0.717161,0.717161,random,exact,1
resnet32x8_cifar10_K8_rand1_noise40_seed0005_d017,d017,46,0,0,4,resnet32,resnet32,0.386104,0.386104,random,exact,1
resnet32x8_cifar10_K8_rand1_noise40_seed0005_d017,d017,46,0,1,7,resnet32,resnet32,0.929755,0.929755,random,exact,1
resnet32x8_cifar10_K8_rand1_noise40_seed0005_d017,d017,46,0,2,3,resnet32,resnet32,0.808415,0.808415,random,exact,1
resnet32x8_cifar10_K8_rand1_noise40_seed0005_d017,d017,46,0,5,6,resnet32,resnet32,0.918094,0.918094,random,exact,1
resnet32x8_cifar10_K8_rand1_noise40_seed0005_d017,d017,47,0,0,1,resnet32,resnet32,0.822527,0.822527,random,exact,1
resnet32x8_cifar10_K8_rand1_noise40_seed0005_d017,d017,47,0,2,4,resnet32,resnet32,0.703714,0.703714,random,exact,1
resnet32x8_cifar10_K8_rand1_noise40_seed0005_d017,d017,47,0,3,5,resnet32,resnet32,0.600799,0.600799,random,exact,1
resnet32x8_cifar10_K8_rand1_noise40_seed0005_d017,d017,47,0,6,7,resnet32,resnet32,0.647708,0.647708,random,exact,1
resnet32x8_cifar10_K8_rand1_noise40_seed0005_d017,d017,48,0,0,3,resnet32,resnet32,0.908252,0.908252,random,exact,1
resnet32x8_cifar10_K8_rand1_noise40_seed0005_d017,d017,48,0,1,5,resnet32,resnet32,0.571779,0.571779,random,exact,1
resnet32x8_cifar10_K8_rand1_noise40_seed0005_d017,d017,48,0,2,6,resnet32,resnet32,0.396841,0.396841,random,exact,1
resnet32x8_cifar10_K8_rand1_noise40_seed0005_d017,d017,48,0,4,7,resnet32,resnet32,0.773999,0.773999,random,exact,1
resnet32x8_cifar10_K8_rand1_noise40_seed0005_d017,d017,49,0,0,3,resnet32,resnet32,0.827587,0.827587,random,exact,1
resnet32x8_cifar10_K8_rand1_noise40_seed0005_d017,d017,49,0,1,7,resnet32,resnet32,0.828273,0.828273,random,exact,1
resnet32x8_cifar10_K8_rand1_noise40_seed0005_d017,d017,49,0,2,6,resnet32,resnet32,0.878109,0.878109,random,exact,1
resnet32x8_cifar10_K8_rand1_noise40_seed0005_d017,d017,49,0,4,5,resnet32,resnet32,0.559188,0.559188,random,exact,1
resnet32x8_cifar10_K8_rand1_noise40_seed0005_d017,d017,50,0,0,5,resnet32,resnet32,0.744548,0.744548,random,exact,1
resnet32x8_cifar10_K8_rand1_noise40_seed0005_d017,d017,50,0,1,3,resnet32,resnet32,0.903530,0.903530,random,exact,1
resnet32x8_cifar10_K8_rand1_noise40_seed0005_d017,d017,50,0,2,4,resnet32,resnet32,0.614893,0.614893,random,exact,1
resnet32x8_cifar10_K8_rand1_noise40_seed0005_d017,d017,50,0,6,7,resnet32,resnet32,0.834528,0.834528,random,exact,1
resnet32x8_cifar10_K8_rand1_noise40_seed0005_d017,d017,51,0,0,6,resnet32,resnet32,0.892628,0.892628,random,exact,1
resnet32x8_cifar10_K8_rand1_noise40_seed0005_d017,d017,51,0,1,4,resnet32,resnet32,0.791575,0.791575,random,exact,1
resnet32x8_cifar10_K8_rand1_noise40_seed0005_d017,d017,51,0,2,5,resnet32,resnet32,0.721565,0.721565,random,exact,1
resnet32x8_cifar10_K8_rand1_noise40_seed0005_d017,d017,51,0,3,7,resnet32,resnet32,0.572868,0.572868,random,exact,1
resnet32x8_cifar10_K8_rand1_noise40_seed0005_d017,d017,52,0,0,4,resnet32,resnet32,0.893934,0.893934,random,exact,1
resnet32x8_cifar10_K8_rand1_noise40_seed0005_d017,d017,52,0,1,6,resnet32,resnet32,0.739718,0.739718,random,exact,1
resnet32x8_cifar10_K8_rand1_noise40_seed0005_d017,d017,52,0,2,3,resnet32,resnet32,0.772763,0.772763,random,exact,1
resnet32x8_cifar10_K8_rand1_noise40_seed0005_d017,d017,52,0,5,7,resnet32,resnet32,0.781581,0.781581,random,exact,1
resnet32x8_cifar10_K8_rand1_noise40_seed0005_d017,d017,53,0,0,2,resnet32,resnet32,0.465124,0.465124,random,exact,1
resnet32x8_cifar10_K8_rand1_noise40_seed0005_d017,d017,53,0,1,6,resnet32,resnet32,0.803204,0.803204,random,exact,1
resnet32x8_cifar10_K8_rand1_noise40_seed0005_d017,d017,53,0,3,7,resnet32,resnet32,0.901772,0.901772,random,exact,1
resnet32x8_cifar10_K8_rand1_noise40_seed0005_d017,d017,53,0,4,5,resnet32,resnet32,0.753864,0.753864,random,exact,1
resnet32x8_cifar10_K8_rand1_noise40_seed0005_d017,d017,54,0,0,2,resnet32,resnet32,0.766005,0.766005,random,exact,1
resnet32x8_cifar10_K8_rand1_noise40_seed0005_d017,d017,54,0,1,4,resnet32,resnet32,0.849099,0.849099,random,exact,1
resnet32x8_cifar10_K8_rand1_noise40_seed0005_d017,d017,54,0,3,7,resnet32,resnet32,0.689240,0.689240,random,exact,1
resnet32x8_cifar10_K8_rand1_noise40_seed0005_d017,d017,54,0,5,6,resnet32,resnet32,0.625109,0.625109,random,exact,1
resnet32x8_cifar10_K8_rand1_noise40_seed0005_d017,d017,55,0,0,3,resnet32,resnet32,0.955889,0.955889,random,exact,1
resnet32x8_cifar10_K8_rand1_noise40_seed0005_d017,d017,55,0,1,4,resnet32,resnet32,0.781025,0.781025,random,exact,1
resnet32x8_cifar10_K8_rand1_noise40_seed0005_d017,d017,55,0,2,7,resnet32,resnet32,0.885801,0.885801,random,exact,1
resnet32x8_cifar10_K8_rand1_noise40_seed0005_d017,d017,55,0,5,6,resnet32,resnet32,0.654210,0.654210,random,exact,1
resnet32x8_cifar10_K8_rand1_noise40_seed0005_d017,d017,56,0,0,4,resnet32,resnet32,0.685456,0.685456,random,exact,1
resnet32x8_cifar10_K8_rand1_noise40_seed0005_d017,d017,56,0,1,2,resnet32,resnet32,0.762478,0.762478,random,exact,1
resnet32x8_cifar10_K8_rand1_noise40_seed0005_d017,d017,56,0,3,7,resnet32,resnet32,0.941830,0.941830,random,exact,1
resnet32x8_cifar10_K8_rand1_noise40_seed0005_d017,d017,56,0,5,6,resnet32,resnet32,0.492032,0.492032,random,exact,1
resnet32x8_cifar10_K8_rand1_noise40_seed0005_d017,d017,57,0,0,1,resnet32,resnet32,0.616341,0.616341,random,exact,1
resnet32x8_cifar10_K8_rand1_noise40_seed0005_d017,d017,57,0,2,3,resnet32,resnet32,0.756440,0.756440,random,exact,1
resnet32x8_cifar10_K8_rand1_noise40_seed0005_d017,d017,57,0,4,6,resnet32,resnet32,0.579326,0.579326,random,exact,1
resnet32x8_cifar10_K8_rand1_noise40_seed0005_d017,d017,57,0,5,7,resnet32,resnet32,0.853760,0.853760,random,exact,1
resnet32x8_cifar10_K8_rand1_noise40_seed0005_d017,d017,58,0,0,6,resnet32,resnet32,0.813147,0.813147,random,exact,1
resnet32x8_cifar10_K8_rand1_noise40_seed0005_d017,d017,58,0,1,5,resnet32,resnet32,0.678518,0.678518,random,exact,1
resnet32x8_cifar10_K8_rand1_noise40_seed0005_d017,d017,58,0,2,7,resnet32,resnet32,0.902628,0.902628,random,exact,1
resnet32x8_cifar10_K8_rand1_noise40_seed0005_d017,d017,58,0,3,4,resnet32,resnet32,0.527645,0.527645,random,exact,1
resnet32x8_cifar10_K8_rand1_noise40_seed0005_d017,d017,59,0,0,2,resnet32,resnet32,0.894619,0.894619,random,exact,1
resnet32x8_cifar10_K8_rand1_noise40_seed0005_d017,d017,59,0,1,4,resnet32,resnet32,0.716298,0.716298,random,exact,1
resnet32x8_cifar10_K8_rand1_noise40_seed0005_d017,d017,59,0,3,5,resnet32,resnet32,0.571712,0.571712,random,exact,1
resnet32x8_cifar10_K8_rand1_noise40_seed0005_d017,d017,59,0,6,7,resnet32,resnet32,0.699906,0.699906,random,exact,1
resnet32x8_cifar10_K8_rand1_noise40_seed0005_d017,d017,60,0,0,3,resnet32,resnet32,0.805548,0.805548,random,exact,1
resnet32x8_cifar10_K8_rand1_noise40_seed0005_d017,d017,60,0,1,6,resnet32,resnet32,0.817940,0.817940,random,exact,1
resnet32x8_cifar10_K8_rand1_noise40_seed0005_d017,d017,60,0,2,7,resnet32,resnet32,0.895903,0.895903,random,exact,1
resnet32x8_cifar10_K8_rand1_noise40_seed0005_d017,d017,60,0,4,5,resnet32,resnet32,0.608329,0.608329,random,exact,1
resnet32x8_cifar10_K8_rand1_noise40_seed0005_d017,d017,61,0,0,3,resnet32,resnet32,0.501932,0.501932,random,exact,1
resnet32x8_cifar10_K8_rand1_noise40_seed0005_d017,d017,61,0,1,2,resnet32,resnet32,0.971897,0.971897,random,exact,1
resnet32x8_cifar10_K8_rand1_noise40_seed0005_d017,d017,61,0,4,7,resnet32,resnet32,0.804406,0.804406,random,exact,1
resnet32x8_cifar10_K8_rand1_noise40_seed0005_d017,d017,61,0,5,6,resnet32,resnet32,0.835477,0.835477,random,exact,1
resnet32x8_cifar10_K8_rand1_noise40_seed0005_d017,d017,62,0,0,1,resnet32,resnet32,0.665110,0.665110,random,exact,1
resnet32x8_cifar10_K8_rand1_noise40_seed0005_d017,d017,62,0,2,7,resnet32,resnet32,0.697363,0.697363,random,exact,1
resnet32x8_cifar10_K8_rand1_noise40_seed0005_d017,d017,62,0,3,6,resnet32,resnet32,0.787567,0.787567,random,exact,1
resnet32x8_cifar10_K8_rand1_noise40_seed0005_d017,d017,62,0,4,5,resnet32,resnet32,0.699417,0.699417,random,exact,1
resnet32x8_cifar10_K8_rand1_noise40_seed0005_d017,d017,63,0,0,3,resnet32,resnet32,0.667068,0.667068,random,exact,1
resnet32x8_cifar10_K8_rand1_noise40_seed0005_d017,d017,63,0,1,2,resnet32,resnet32,0.633314,0.633314,random,exact,1
resnet32x8_cifar10_K8_rand1_noise40_seed0005_d017,d017,63,0,4,7,resnet32,resnet32,0.893586,0.893586,random,exact,1
resnet32x8_cifar10_K8_rand1_noise40_seed0005_d017,d017,63,0,5,6,resnet32,resnet32,0.674989,0.674989,random,exact,1
resnet32x8_cifar10_K8_rand1_noise40_seed0005_d017,d017,64,0,0,3,resnet32,resnet32,0.568230,0.568230,random,exact,1
resnet32x8_cifar10_K8_rand1_noise40_seed0005_d017,d017,64,0,1,5,resnet32,resnet32,0.891806,0.891806,random,exact,1
resnet32x8_cifar10_K8_rand1_noise40_seed0005_d017,d017,64,0,2,6,resnet32,resnet32,0.561846,0.561846,random,exact,1
resnet32x8_cifar10_K8_rand1_noise40_seed0005_d017,d017,64,0,4,7,resnet32,resnet32,0.826939,0.826939,random,exact,1
resnet32x8_cifar10_K8_rand1_noise40_seed0005_d017,d017,65,0,0,3,resnet32,resnet32,0.938692,0.938692,random,exact,1
resnet32x8_cifar10_K8_rand1_noise40_seed0005_d017,d017,65,0,1,6,resnet32,resnet32,0.494896,0.494896,random,exact,1
resnet32x8_cifar10_K8_rand1_noise40_seed0005_d017,d017,65,0,2,7,resnet32,resnet32,0.927105,0.927105,random,exact,1
resnet32x8_cifar10_K8_rand1_noise40_seed0005_d017,d017,65,0,4,5,resnet32,resnet32,0.830970,0.830970,random,exact,1
resnet32x8_cifar10_K8_rand1_noise40_seed0005_d017,d017,66,0,0,4,resnet32,resnet32,0.722993,0.722993,random,exact,1
resnet32x8_cifar10_K8_rand1_noise40_seed0005_d017,d017,66,0,1,5,resnet32,resnet32,0.627048,0.627048,random,exact,1
resnet32x8_cifar10_K8_rand1_noise40_seed0005_d017,d017,66,0,2,3,resnet32,resnet32,0.662333,0.662333,random,exact,1
resnet32x8_cifar10_K8_rand1_noise40_seed0005_d017,d017,66,0,6,7,resnet32,resnet32,0.870782,0.870782,random,exact,1
resnet32x8_cifar10_K8_rand1_noise40_seed0005_d017,d017,67,0,0,5,resnet32,resnet32,0.840648,0.840648,random,exact,1
resnet32x8_cifar10_K8_rand1_noise40_seed0005_d017,d017,67,0,1,2,resnet32,resnet32,0.763831,0.763831,random,exact,1
resnet32x8_cifar10_K8_rand1_noise40_seed0005_d017,d017,67,0,3,7,resnet32,resnet32,0.677805,0.677805,random,exact,1
resnet32x8_cifar10_K8_rand1_noise40_seed0005_d017,d017,67,0,4,6,resnet32,resnet32,0.868401,0.868401,random,exact,1
resnet32x8_cifar10_K8_rand1_noise40_seed0005_d017,d017,68,0,0,4,resnet32,resnet32,0.518923,0.518923,random,exact,1
resnet32x8_cifar10_K8_rand1_noise40_seed0005_d017,d017,68,0,1,7,resnet32,resnet32,0.902982,0.902982,random,exact,1
resnet32x8_cifar10_K8_rand1_noise40_seed0005_d017,d017,68,0,2,3,resnet32,resnet32,0.603088,0.603088,random,exact,1
resnet32x8_cifar10_K8_rand1_noise40_seed0005_d017,d017,68,0,5,6,resnet32,resnet32,0.620641,0.620641,random,exact,1
resnet32x8_cifar10_K8_rand1_noise40_seed0005_d017,d017,69,0,0,6,resnet32,resnet32,0.807270,0.807270,random,exact,1
resnet32x8_cifar10_K8_rand1_noise40_seed0005_d017,d017,69,0,1,2,resnet32,resnet32,0.708355,0.708355,random,exact,1
resnet32x8_cifar10_K8_rand1_noise40_seed0005_d017,d017,69,0,3,5,resnet32,resnet32,0.813293,0.813293,random,exact,1
resnet32x8_cifar10_K8_rand1_noise40_seed0005_d017,d017,69,0,4,7,resnet32,resnet32,0.628033,0.628033,random,exact,1
resnet32x8_cifar10_K8_rand1_noise40_seed0005_d017,d017,70,0,0,1,resnet32,resnet32,0.715096,0.715096,random,exact,1
resnet32x8_cifar10_K8_rand1_noise40_seed0005_d017,d017,70,0,2,5,resnet32,resnet32,0.842058,0.842058,random,exact,1
resnet32x8_cifar10_K8_rand1_noise40_seed0005_d017,d017,70,0,3,6,resnet32,resnet32,0.682590,0.682590,random,exact,1
resnet32x8_cifar10_K8_rand1_noise40_seed0005_d017,d017,70,0,4,7,resnet32,resnet32,0.334207,0.334207,random,exact,1
resnet32x8_cifar10_K8_rand1_noise40_seed0005_d017,d017,71,0,0,6,resnet32,resnet32,0.737129,0.737129,random,exact,1
resnet32x8_cifar10_K8_rand1_noise40_seed0005_d017,d017,71,0,1,7,resnet32,resnet32,0.856869,0.856869,random,exact,1
resnet32x8_cifar10_K8_rand1_noise40_seed0005_d017,d017,71,0,2,4,resnet32,resnet32,0.812274,0.812274,random,exact,1
resnet32x8_cifar10_K8_rand1_noise40_seed0005_d017,d017,71,0,3,5,resnet32,resnet32,0.587962,0.587962,random,exact,1
resnet32x8_cifar10_K8_rand1_noise40_seed0005_d017,d017,72,0,0,3,resnet32,resnet32,0.751686,0.751686,random,exact,1
resnet32x8_cifar10_K8_rand1_noise40_seed0005_d017,d017,72,0,1,7,resnet32,resnet32,0.536111,0.536111,random,exact,1
resnet32x8_cifar10_K8_rand1_noise40_seed0005_d017,d017,72,0,2,5,resnet32,resnet32,0.789016,0.789016,random,exact,1
resnet32x8_cifar10_K8_rand1_noise40_seed0005_d017,d017,72,0,4,6,resnet32,resnet32,0.844480,0.844480,random,exact,1
resnet32x8_cifar10_K8_rand1_noise40_seed0005_d017,d017,73,0,0,5,resnet32,resnet32,0.959838,0.959838,random,exact,1
resnet32x8_cifar10_K8_rand1_noise40_seed0005_d017,d017,73,0,1,3,resnet32,resnet32,0.952013,0.952013,random,exact,1
resnet32x8_cifar10_K8_rand1_noise40_seed0005_d017,d017,73,0,2,7,resnet32,resnet32,0.697404,0.697404,random,exact,1
resnet32x8_cifar10_K8_rand1_noise40_seed0005_d017,d017,73,0,4,6,resnet32,resnet32,0.430558,0.430558,random,exact,1
resnet32x8_cifar10_K8_rand1_noise40_seed0005_d017,d017,74,0,0,4,resnet32,resnet32,0.622005,0.622005,random,exact,1
resnet32x8_cifar10_K8_rand1_noise40_seed0005_d017,d017,74,0,1,3,resnet32,resnet32,0.489155,0.489155,random,exact,1
resnet32x8_cifar10_K8_rand1_noise40_seed0005_d017,d017,74,0,2,5,resnet32,resnet32,0.910837,0.910837,random,exact,1
resnet32x8_cifar10_K8_rand1_noise40_seed0005_d017,d017,74,0,6,7,resnet32,resnet32,0.874669,0.874669,random,exact,1
resnet32x8_cifar10_K8_rand1_noise40_seed0005_d017,d017,75,0,0,2,resnet32,resnet32,0.729251,0.729251,random,exact,1
resnet32x8_cifar10_K8_rand1_noise40_seed0005_d017,d017,75,0,1,3,resnet32,resnet32,0.604386,0.604386,random,exact,1
resnet32x8_cifar10_K8_rand1_noise40_seed0005_d017,d017,75,0,4,7,resnet32,resnet32,0.862835,0.862835,random,exact,1
resnet32x8_cifar10_K8_rand1_noise40_seed0005_d017,d017,75,0,5,6,resnet32,resnet32,0.584094,0.584094,random,exact,1
resnet32x8_cifar10_K8_rand1_noise40_seed0005_d017,d017,76,0,0,4,resnet32,resnet32,0.654729,0.654729,random,exact,1
resnet32x8_cifar10_K8_rand1_noise40_seed0005_d017,d017,76,0,1,5,resnet32,resnet32,0.706118,0.706118,random,exact,1
resnet32x8_cifar10_K8_rand1_noise40_seed0005_d017,d017,76,0,2,7,resnet32,resnet32,0.745034,0.745034,random,exact,1
resnet32x8_cifar10_K8_rand1_noise40_seed0005_d017,d017,76,0,3,6,resnet32,resnet32,0.559223,0.559223,random,exact,1
resnet32x8_cifar10_K8_rand1_noise40_seed0005_d017,d017,77,0,0,7,resnet32,resnet32,0.958723,0.958723,random,exact,1
resnet32x8_cifar10_K8_rand1_noise40_seed0005_d017,d017,77,0,1,4,resnet32,resnet32,0.398336,0.398336,random,exact,1
resnet32x8_cifar10_K8_rand1_noise40_seed0005_d017,d017,77,0,2,6,resnet32,resnet32,0.957109,0.957109,random,exact,1
resnet32x8_cifar10_K8_rand1_noise40_seed0005_d017,d017,77,0,3,5,resnet32,resnet32,0.703170,0.703170,random,exact,1
resnet32x8_cifar10_K8_rand1_noise40_seed0005_d017,d017,78,0,0,7,resnet32,resnet32,0.792158,0.792158,random,exact,1
resnet32x8_cifar10_K8_rand1_noise40_seed0005_d017,d017,78,0,1,4,resnet32,resnet32,0.766714,0.766714,random,exact,1
resnet32x8_cifar10_K8_rand1_noise40_seed0005_d017,d017,78,0,2,3,resnet32,resnet32,0.508974,0.508974,random,exact,1
resnet32x8_cifar10_K8_rand1_noise40_seed0005_d017,d017,78,0,5,6,resnet32,resnet32,0.756708,0.756708,random,exact,1
resnet32x8_cifar10_K8_rand1_noise40_seed0005_d017,d017,79,0,0,5,resnet32,resnet32,0.643370,0.643370,random,exact,1
resnet32x8_cifar10_K8_rand1_noise40_seed0005_d017,d017,79,0,1,2,resnet32,resnet32,0.740310,0.740310,random,exact,1
resnet32x8_cifar10_K8_rand1_noise40_seed0005_d017,d017,79,0,3,7,resnet32,resnet32,0.688167,0.688167,random,exact,1
resnet32x8_cifar10_K8_rand1_noise40_seed0005_d017,d017,79,0,4,6,resnet32,resnet32,0.873247,0.873247,random,exact,1
resnet32x8_cifar10_K8_rand1_noise40_seed0005_d017,d017,80,0,0,1,resnet32,resnet32,0.660357,0.660357,random,exact,1
resnet32x8_cifar10_K8_rand1_noise40_seed0005_d017,d017,80,0,2,3,resnet32,resnet32,0.945664,0.945664,random,exact,1
resnet32x8_cifar10_K8_rand1_noise40_seed0005_d017,d017,80,0,4,7,resnet32,resnet32,0.339720,0.339720,random,exact,1
resnet32x8_cifar10_K8_rand1_noise40_seed0005_d017,d017,80,0,5,6,resnet32,resnet32,0.757467,0.757467,random,exact,1
resnet32x8_cifar10_K8_rand1_noise40_seed0005_d017,d017,81,0,0,1,resnet32,resnet32,0.755358,0.755358,random,exact,1
resnet32x8_cifar10_K8_rand1_noise40_seed0005_d017,d017,81,0,2,4,resnet32,resnet32,0.727450,0.727450,random,exact,1
resnet32x8_cifar10_K8_rand1_noise40_seed0005_d017,d017,81,0,3,7,resnet32,resnet32,0.820234,0.820234,random,exact,1
resnet32x8_cifar10_K8_rand1_noise40_seed0005_d017,d017,81,0,5,6,resnet32,resnet32,0.738795,0.738795,random,exact,1
resnet32x8_cifar10_K8_rand1_noise40_seed0005_d017,d017,82,0,0,2,resnet32,resnet32,0.954453,0.954453,random,exact,1
resnet32x8_cifar10_K8_rand1_noise40_seed0005_d017,d017,82,0,1,7,resnet32,resnet32,0.703356,0.703356,random,exact,1
resnet32x8_cifar10_K8_rand1_noise40_seed0005_d017,d017,82,0,3,4,resnet32,resnet32,0.929666,0.929666,random,exact,1
resnet32x8_cifar10_K8_rand1_noise40_seed0005_d017,d017,82,0,5,6,resnet32,resnet32,0.658779,0.658779,random,exact,1
resnet32x8_cifar10_K8_rand1_noise40_seed0005_d017,d017,83,0,0,2,resnet32,resnet32,0.915651,0.915651,random,exact,1
resnet32x8_cifar10_K8_rand1_noise40_seed0005_d017,d017,83,0,1,5,resnet32,resnet32,0.753319,0.753319,random,exact,1
resnet32x8_cifar10_K8_rand1_noise40_seed0005_d017,d017,83,0,3,7,resnet32,resnet32,0.583801,0.583801,random,exact,1
resnet32x8_cifar10_K8_rand1_noise40_seed0005_d017,d017,83,0,4,6,resnet32,resnet32,0.824157,0.824157,random,exact,1
resnet32x8_cifar10_K8_rand1_noise40_seed0005_d017,d017,84,0,0,3,resnet32,resnet32,0.942430,0.942430,random,exact,1
resnet32x8_cifar10_K8_rand1_noise40_seed0005_d017,d017,84,0,1,2,resnet32,resnet32,0.907274,0.907274,random,exact,1
resnet32x8_cifar10_K8_rand1_noise40_seed0005_d017,d017,84,0,4,5,resnet32,resnet32,0.723796,0.723796,random,exact,1
resnet32x8_cifar10_K8_rand1_noise40_seed0005_d017,d017,84,0,6,7,resnet32,resnet32,0.812745,0.812745,random,exact,1
resnet32x8_cifar10_K8_rand1_noise40_seed0005_d017,d017,85,0,0,3,resnet32,resnet32,0.755430,0.755430,random,exact,1
resnet32x8_cifar10_K8_rand1_noise40_seed0005_d017,d017,85,0,1,5,resnet32,resnet32,0.718284,0.718284,random,exact,1
resnet32x8_cifar10_K8_rand1_noise40_seed0005_d017,d017,85,0,2,4,resnet32,resnet32,0.829495,0.829495,random,exact,1
resnet32x8_cifar10_K8_rand1_noise40_seed0005_d017,d017,85,0,6,7,resnet32,resnet32,0.711873,0.711873,random,exact,1
resnet32x8_cifar10_K8_rand1_noise40_seed0005_d017,d017,86,0,0,7,resnet32,resnet32,0.908577,0.908577,random,exact,1
resnet32x8_cifar10_K8_rand1_noise40_seed0005_d017,d017,86,0,1,3,resnet32,resnet32,0.577843,0.577843,random,exact,1
resnet32x8_cifar10_K8_rand1_noise40_seed0005_d017,d017,86,0,2,5,resnet32,resnet32,0.897822,0.897822,random,exact,1
resnet32x8_cifar10_K8_rand1_noise40_seed0005_d017,d017,86,0,4,6,resnet32,resnet32,0.760079,0.760079,random,exact,1
resnet32x8_cifar10_K8_rand1_noise40_seed0005_d017,d017,87,0,0,3,resnet32,resnet32,0.781202,0.781202,random,exact,1
resnet32x8_cifar10_K8_rand1_noise40_seed0005_d017,d017,87,0,1,2,resnet32,resnet32,0.668432,0.668432,random,exact,1
resnet32x8_cifar10_K8_rand1_noise40_seed0005_d017,d017,87,0,4,6,resnet32,resnet32,0.649727,0.649727,random,exact,1
resnet32x8_cifar10_K8_rand1_noise40_seed0005_d017,d017,87,0,5,7,resnet32,resnet32,0.816127,0.816127,random,exact,1
resnet32x8_cifar10_K8_rand1_noise40_seed0005_d017,d017,88,0,0,3,resnet32,resnet32,0.541738,0.541738,random,exact,1
resnet32x8_cifar10_K8_rand1_noise40_seed0005_d017,d017,88,0,1,5,resnet32,resnet32,0.659893,0.659893,random,exact,1
resnet32x8_cifar10_K8_rand1_noise40_seed0005_d017,d017,88,0,2,6,resnet32,resnet32,0.645473,0.645473,random,exact,1
resnet32x8_cifar10_K8_rand1_noise40_seed0005_d017,d017,88,0,4,7,resnet32,resnet32,0.806015,0.806015,random,exact,1
resnet32x8_cifar10_K8_rand1_noise40_seed0005_d017,d017,89,0,0,2,resnet32,resnet32,0.604943,0.604943,random,exact,1
resnet32x8_cifar10_K8_rand1_noise40_seed0005_d017,d017,89,0,1,7,resnet32,resnet32,0.798147,0.798147,random,exact,1
resnet32x8_cifar10_K8_rand1_noise40_seed0005_d017,d017,89,0,3,6,resnet32,resnet32,0.674804,0.674804,random,exact,1
resnet32x8_cifar10_K8_rand1_noise40_seed0005_d017,d017,89,0,4,5,resnet32,resnet32,0.855542,0.855542,random,exact,1
resnet32x8_cifar10_K8_rand1_noise40_seed0005_d017,d017,90,0,0,2,resnet32,resnet32,0.694392,0.694392,random,exact,1
resnet32x8_cifar10_K8_rand1_noise40_seed0005_d017,d017,90,0,1,3,resnet32,resnet32,0.650727,0.650727,random,exact,1
resnet32x8_cifar10_K8_rand1_noise40_seed0005_d017,d017,90,0,4,5,resnet32,resnet32,0.719991,0.719991,random,exact,1
resnet32x8_cifar10_K8_rand1_noise40_seed0005_d017,d017,90,0,6,7,resnet32,resnet32,0.674652,0.674652,random,exact,1
resnet32x8_cifar10_K8_rand1_noise40_seed0005_d017,d017,91,0,0,7,resnet32,resnet32,0.680097,0.680097,random,exact,1
resnet32x8_cifar10_K8_rand1_noise40_seed0005_d017,d017,91,0,1,5,resnet32,resnet32,0.712623,0.712623,random,exact,1
resnet32x8_cifar10_K8_rand1_noise40_seed0005_d017,d017,91,0,2,3,resnet32,resnet32,0.720510,0.720510,random,exact,1
resnet32x8_cifar10_K8_rand1_noise40_seed0005_d017,d017,91,0,4,6,resnet32,resnet32,0.890605,0.890605,random,exact,1
resnet32x8_cifar10_K8_rand1_noise40_seed0005_d017,d017,92,0,0,7,resnet32,resnet32,0.698917,0.698917,random,exact,1
resnet32x8_cifar10_K8_rand1_noise40_seed0005_d017,d017,92,0,1,4,resnet32,resnet32,0.477442,0.477442,random,exact,1
resnet32x8_cifar10_K8_rand1_noise40_seed0005_d017,d017,92,0,2,5,resnet32,resnet32,0.957965,0.957965,random,exact,1
resnet32x8_cifar10_K8_rand1_noise40_seed0005_d017,d017,92,0,3,6,resnet32,resnet32,0.749502,0.749502,random,exact,1
resnet32x8_cifar10_K8_rand1_noise40_seed0005_d017,d017,93,0,0,1,resnet32,resnet32,0.745632,0.745632,random,exact,1
resnet32x8_cifar10_K8_rand1_noise40_seed0005_d017,d017,93,0,2,6,resnet32,resnet32,0.540097,0.540097,random,exact,1
resnet32x8_cifar10_K8_rand1_noise40_seed0005_d017,d017,93,0,3,5,resnet32,resnet32,0.834278,0.834278,random,exact,1
resnet32x8_cifar10_K8_rand1_noise40_seed0005_d017,d017,93,0,4,7,resnet32,resnet32,0.362512,0.362512,random,exact,1
resnet32x8_cifar10_K8_rand1_noise40_seed0005_d017,d017,94,0,0,2,resnet32,resnet32,0.794790,0.794790,random,exact,1
resnet32x8_cifar10_K8_rand1_noise40_seed0005_d017,d017,94,0,1,4,resnet32,resnet32,0.711833,0.711833,random,exact,1
resnet32x8_cifar10_K8_rand1_noise40_seed0005_d017,d017,94,0,3,5,resnet32,resnet32,0.859075,0.859075,random,exact,1
resnet32x8_cifar10_K8_rand1_noise40_seed0005_d017,d017,94,0,6,7,resnet32,resnet32,0.632591,0.632591,random,exact,1
resnet32x8_cifar10_K8_rand1_noise40_seed0005_d017,d017,95,0,0,1,resnet32,resnet32,0.534583,0.534583,random,exact,1
resnet32x8_cifar10_K8_rand1_noise40_seed0005_d017,d017,95,0,2,4,resnet32,resnet32,0.748266,0.748266,random,exact,1
resnet32x8_cifar10_K8_rand1_noise40_seed0005_d017,d017,95,0,3,7,resnet32,resnet32,0.674701,0.674701,random,exact,1
resnet32x8_cifar10_K8_rand1_noise40_seed0005_d017,d017,95,0,5,6,resnet32,resnet32,0.780162,0.780162,random,exact,1
resnet32x8_cifar10_K8_rand1_noise40_seed0005_d017,d017,96,0,0,5,resnet32,resnet32,0.848397,0.848397,random,exact,1
resnet32x8_cifar10_K8_rand1_noise40_seed0005_d017,d017,96,0,1,7,resnet32,resnet32,0.657537,0.657537,random,exact,1
resnet32x8_cifar10_K8_rand1_noise40_seed0005_d017,d017,96,0,2,6,resnet32,resnet32,0.509541,0.509541,random,exact,1
resnet32x8_cifar10_K8_rand1_noise40_seed0005_d017,d017,96,0,3,4,resnet32,resnet32,0.716355,0.716355,random,exact,1
resnet32x8_cifar10_K8_rand1_noise40_seed0005_d017,d017,97,0,0,4,resnet32,resnet32,0.715694,0.715694,random,exact,1
resnet32x8_cifar10_K8_rand1_noise40_seed0005_d017,d017,97,0,1,3,resnet32,resnet32,0.881759,0.881759,random,exact,1
resnet32x8_cifar10_K8_rand1_noise40_seed0005_d017,d017,97,0,2,6,resnet32,resnet32,0.582003,0.582003,random,exact,1
resnet32x8_cifar10_K8_rand1_noise40_seed0005_d017,d017,97,0,5,7,resnet32,resnet32,0.650674,0.650674,random,exact,1
resnet32x8_cifar10_K8_rand1_noise40_seed0005_d017,d017,98,0,0,6,resnet32,resnet32,0.659669,0.659669,random,exact,1
resnet32x8_cifar10_K8_rand1_noise40_seed0005_d017,d017,98,0,1,7,resnet32,resnet32,0.859411,0.859411,random,exact,1
resnet32x8_cifar10_K8_rand1_noise40_seed0005_d017,d017,98,0,2,3,resnet32,resnet32,0.928242,0.928242,random,exact,1
resnet32x8_cifar10_K8_rand1_noise40_seed0005_d017,d017,98,0,4,5,resnet32,resnet32,0.786130,0.786130,random,exact,1
resnet32x8_cifar10_K8_rand1_noise40_seed0005_d017,d017,99,0,0,3,resnet32,resnet32,0.688537,0.688537,random,exact,1
resnet32x8_cifar10_K8_rand1_noise40_seed0005_d017,d017,99,0,1,7,resnet32,resnet32,0.648079,0.648079,random,exact,1
resnet32x8_cifar10_K8_rand1_noise40_seed0005_d017,d017,99,0,2,5,resnet32,resnet32,0.853553,0.853553,random,exact,1
resnet32x8_cifar10_K8_rand1_noise40_seed0005_d017,d017,99,0,4,6,resnet32,resnet32,0.880382,0.880382,random,exact,1
resnet32x8_cifar10_K8_rand1_noise40_seed0005_d017,d017,100,0,0,5,resnet32,resnet32,0.863400,0.863400,random,exact,1
resnet32x8_cifar10_K8_rand1_noise40_seed0005_d017,d017,100,0,1,7,resnet32,resnet32,0.473478,0.473478,random,exact,1
resnet32x8_cifar10_K8_rand1_noise40_seed0005_d017,d017,100,0,2,6,resnet32,resnet32,0.635526,0.635526,random,exact,1
resnet32x8_cifar10_K8_rand1_noise40_seed0005_d017,d017,100,0,3,4,resnet32,resnet32,0.895751,0.895751,random,exact,1
resnet32x8_cifar10_K8_rand1_noise40_seed0005_d017,d017,101,0,0,4,resnet32,resnet32,0.434921,0.434921,random,exact,1
resnet32x8_cifar10_K8_rand1_noise40_seed0005_d017,d017,101,0,1,5,resnet32,resnet32,0.956624,0.956624,random,exact,1
resnet32x8_cifar10_K8_rand1_noise40_seed0005_d017,d017,101,0,2,3,resnet32,resnet32,0.781630,0.781630,random,exact,1
resnet32x8_cifar10_K8_rand1_noise40_seed0005_d017,d017,101,0,6,7,resnet32,resnet32,0.747518,0.747518,random,exact,1
resnet32x8_cifar10_K8_rand1_noise40_seed0005_d017,d017,102,0,0,5,resnet32,resnet32,0.695262,0.695262,random,exact,1
resnet32x8_cifar10_K8_rand1_noise40_seed0005_d017,d017,102,0,1,4,resnet32,resnet32,0.905871,0.905871,random,exact,1
resnet32x8_cifar10_K8_rand1_noise40_seed0005_d017,d017,102,0,2,3,resnet32,resnet32,0.831795,0.831795,random,exact,1
resnet32x8_cifar10_K8_rand1_noise40_seed0005_d017,d017,102,0,6,7,resnet32,resnet32,0.683347,0.683347,random,exact,1
resnet32x8_cifar10_K8_rand1_noise40_seed0005_d017,d017,103,0,0,4,resnet32,resnet32,0.717773,0.717773,random,exact,1
resnet32x8_cifar10_K8_rand1_noise40_seed0005_d017,d017,103,0,1,5,resnet32,resnet32,0.527973,0.527973,random,exact,1
resnet32x8_cifar10_K8_rand1_noise40_seed0005_d017,d017,103,0,2,7,resnet32,resnet32,0.797486,0.797486,random,exact,1
resnet32x8_cifar10_K8_rand1_noise40_seed0005_d017,d017,103,0,3,6,resnet32,resnet32,0.846060,0.846060,random,exact,1
resnet32x8_cifar10_K8_rand1_noise40_seed0005_d017,d017,104,0,0,5,resnet32,resnet32,0.452334,0.452334,random,exact,1
resnet32x8_cifar10_K8_rand1_noise40_seed0005_d017,d017,104,0,1,4,resnet32,resnet32,0.752394,0.752394,random,exact,1
resnet32x8_cifar10_K8_rand1_noise40_seed0005_d017,d017,104,0,2,7,resnet32,resnet32,0.847866,0.847866,random,exact,1
resnet32x8_cifar10_K8_rand1_noise40_seed0005_d017,d017,104,0,3,6,resnet32,resnet32,0.913040,0.913040,random,exact,1
resnet32x8_cifar10_K8_rand1_noise40_seed0005_d017,d017,105,0,0,3,resnet32,resnet32,0.576105,0.576105,random,exact,1
resnet32x8_cifar10_K8_rand1_noise40_seed0005_d017,d017,105,0,1,5,resnet32,resnet32,0.773788,0.773788,random,exact,1
resnet32x8_cifar10_K8_rand1_noise40_seed0005_d017,d017,105,0,2,4,resnet32,resnet32,0.594851,0.594851,random,exact,1
resnet32x8_cifar10_K8_rand1_noise40_seed0005_d017,d017,105,0,6,7,resnet32,resnet32,0.518743,0.518743,random,exact,1
resnet32x8_cifar10_K8_rand1_noise40_seed0005_d017,d017,106,0,0,6,resnet32,resnet32,0.737678,0.737678,random,exact,1
resnet32x8_cifar10_K8_rand1_noise40_seed0005_d017,d017,106,0,1,5,resnet32,resnet32,0.684803,0.684803,random,exact,1
resnet32x8_cifar10_K8_rand1_noise40_seed0005_d017,d017,106,0,2,4,resnet32,resnet32,0.636945,0.636945,random,exact,1
resnet32x8_cifar10_K8_rand1_noise40_seed0005_d017,d017,106,0,3,7,resnet32,resnet32,0.696150,0.696150,random,exact,1
resnet32x8_cifar10_K8_rand1_noise40_seed0005_d017,d017,107,0,0,7,resnet32,resnet32,0.888972,0.888972,random,exact,1
resnet32x8_cifar10_K8_rand1_noise40_seed0005_d017,d017,107,0,1,3,resnet32,resnet32,0.599319,0.599319,random,exact,1
resnet32x8_cifar10_K8_rand1_noise40_seed0005_d017,d017,107,0,2,5,resnet32,resnet32,0.789967,0.789967,random,exact,1
resnet32x8_cifar10_K8_rand1_noise40_seed0005_d017,d017,107,0,4,6,resnet32,resnet32,0.641189,0.641189,random,exact,1
resnet32x8_cifar10_K8_rand1_noise40_seed0005_d017,d017,108,0,0,3,resnet32,resnet32,0.653782,0.653782,random,exact,1
resnet32x8_cifar10_K8_rand1_noise40_seed0005_d017,d017,108,0,1,5,resnet32,resnet32,0.682212,0.682212,random,exact,1
resnet32x8_cifar10_K8_rand1_noise40_seed0005_d017,d017,108,0,2,7,resnet32,resnet32,0.518752,0.518752,random,exact,1
resnet32x8_cifar10_K8_rand1_noise40_seed0005_d017,d017,108,0,4,6,resnet32,resnet32,0.752745,0.752745,random,exact,1
resnet32x8_cifar10_K8_rand1_noise40_seed0005_d017,d017,109,0,0,4,resnet32,resnet32,0.704652,0.704652,random,exact,1
resnet32x8_cifar10_K8_rand1_noise40_seed0005_d017,d017,109,0,1,3,resnet32,resnet32,0.436347,0.436347,random,exact,1
resnet32x8_cifar10_K8_rand1_noise40_seed0005_d017,d017,109,0,2,6,resnet32,resnet32,0.749029,0.749029,random,exact,1
resnet32x8_cifar10_K8_rand1_noise40_seed0005_d017,d017,109,0,5,7,resnet32,resnet32,0.688604,0.688604,random,exact,1
resnet32x8_cifar10_K8_rand1_noise40_seed0005_d017,d017,110,0,0,1,resnet32,resnet32,0.895627,0.895627,random,exact,1
resnet32x8_cifar10_K8_rand1_noise40_seed0005_d017,d017,110,0,2,5,resnet32,resnet32,0.616390,0.616390,random,exact,1
resnet32x8_cifar10_K8_rand1_noise40_seed0005_d017,d017,110,0,3,6,resnet32,resnet32,0.679122,0.679122,random,exact,1
resnet32x8_cifar10_K8_rand1_noise40_seed0005_d017,d017,110,0,4,7,resnet32,resnet32,0.863902,0.863902,random,exact,1
resnet32x8_cifar10_K8_rand1_noise40_seed0005_d017,d017,111,0,0,6,resnet32,resnet32,0.834887,0.834887,random,exact,1
resnet32x8_cifar10_K8_rand1_noise40_seed0005_d017,d017,111,0,1,5,resnet32,resnet32,0.693201,0.693201,random,exact,1
resnet32x8_cifar10_K8_rand1_noise40_seed0005_d017,d017,111,0,2,4,resnet32,resnet32,0.513707,0.513707,random,exact,1
resnet32x8_cifar10_K8_rand1_noise40_seed0005_d017,d017,111,0,3,7,resnet32,resnet32,0.777067,0.777067,random,exact,1
resnet32x8_cifar10_K8_rand1_noise40_seed0005_d017,d017,112,0,0,4,resnet32,resnet32,0.759374,0.759374,random,exact,1
resnet32x8_cifar10_K8_rand1_noise40_seed0005_d017,d017,112,0,1,7,resnet32,resnet32,0.668357,0.668357,random,exact,1
resnet32x8_cifar10_K8_rand1_noise40_seed0005_d017,d017,112,0,2,3,resnet32,resnet32,0.566259,0.566259,random,exact,1
resnet32x8_cifar10_K8_rand1_noise40_seed0005_d017,d017,112,0,5,6,resnet32,resnet32,0.816988,0.816988,random,exact,1
resnet32x8_cifar10_K8_rand1_noise40_seed0005_d017,d017,113,0,0,6,resnet32,resnet32,0.740360,0.740360,random,exact,1
resnet32x8_cifar10_K8_rand1_noise40_seed0005_d017,d017,113,0,1,2,resnet32,resnet32,0.723274,0.723274,random,exact,1
resnet32x8_cifar10_K8_rand1_noise40_seed0005_d017,d017,113,0,3,5,resnet32,resnet32,0.331880,0.331880,random,exact,1
resnet32x8_cifar10_K8_rand1_noise40_seed0005_d017,d017,113,0,4,7,resnet32,resnet32,0.653599,0.653599,random,exact,1
resnet32x8_cifar10_K8_rand1_noise40_seed0005_d017,d017,114,0,0,6,resnet32,resnet32,0.760837,0.760837,random,exact,1
resnet32x8_cifar10_K8_rand1_noise40_seed0005_d017,d017,114,0,1,7,resnet32,resnet32,0.585456,0.585456,random,exact,1
resnet32x8_cifar10_K8_rand1_noise40_seed0005_d017,d017,114,0,2,5,resnet32,resnet32,0.619047,0.619047,random,exact,1
resnet32x8_cifar10_K8_rand1_noise40_seed0005_d017,d017,114,0,3,4,resnet32,resnet32,0.769176,0.769176,random,exact,1
resnet32x8_cifar10_K8_rand1_noise40_seed0005_d017,d017,115,0,0,1,resnet32,resnet32,0.432599,0.432599,random,exact,1
resnet32x8_cifar10_K8_rand1_noise40_seed0005_d017,d017,115,0,2,7,resnet32,resnet32,0.677261,0.677261,random,exact,1
resnet32x8_cifar10_K8_rand1_noise40_seed0005_d017,d017,115,0,3,4,resnet32,resnet32,0.728647,0.728647,random,exact,1
resnet32x8_cifar10_K8_rand1_noise40_seed0005_d017,d017,115,0,5,6,resnet32,resnet32,0.849472,0.849472,random,exact,1
resnet32x8_cifar10_K8_rand1_noise40_seed0005_d017,d017,116,0,0,7,resnet32,resnet32,0.719028,0.719028,random,exact,1
resnet32x8_cifar10_K8_rand1_noise40_seed0005_d017,d017,116,0,1,6,resnet32,resnet32,0.744879,0.744879,random,exact,1
resnet32x8_cifar10_K8_rand1_noise40_seed0005_d017,d017,116,0,2,3,resnet32,resnet32,0.576693,0.576693,random,exact,1
resnet32x8_cifar10_K8_rand1_noise40_seed0005_d017,d017,116,0,4,5,resnet32,resnet32,0.754282,0.754282,random,exact,1
resnet32x8_cifar10_K8_rand1_noise40_seed0005_d017,d017,117,0,0,6,resnet32,resnet32,0.480565,0.480565,random,exact,1
resnet32x8_cifar10_K8_rand1_noise40_seed0005_d017,d017,117,0,1,4,resnet32,resnet32,0.759779,0.759779,random,exact,1
resnet32x8_cifar10_K8_rand1_noise40_seed0005_d017,d017,117,0,2,7,resnet32,resnet32,0.845828,0.845828,random,exact,1
resnet32x8_cifar10_K8_rand1_noise40_seed0005_d017,d017,117,0,3,5,resnet32,resnet32,0.940944,0.940944,random,exact,1
resnet32x8_cifar10_K8_rand1_noise40_seed0005_d017,d017,118,0,0,4,resnet32,resnet32,0.702889,0.702889,random,exact,1
resnet32x8_cifar10_K8_rand1_noise40_seed0005_d017,d017,118,0,1,6,resnet32,resnet32,0.769447,0.769447,random,exact,1
resnet32x8_cifar10_K8_rand1_noise40_seed0005_d017,d017,118,0,2,5,resnet32,resnet32,0.745471,0.745471,random,exact,1
resnet32x8_cifar10_K8_rand1_noise40_seed0005_d017,d017,118,0,3,7,resnet32,resnet32,0.765212,0.765212,random,exact,1
resnet32x8_cifar10_K8_rand1_noise40_seed0005_d017,d017,119,0,0,4,resnet32,resnet32,0.688791,0.688791,random,exact,1
resnet32x8_cifar10_K8_rand1_noise40_seed0005_d017,d017,119,0,1,3,resnet32,resnet32,0.780330,0.780330,random,exact,1
resnet32x8_cifar10_K8_rand1_noise40_seed0005_d017,d017,119,0,2,6,resnet32,resnet32,0.636891,0.636891,random,exact,1
resnet32x8_cifar10_K8_rand1_noise40_seed0005_d017,d017,119,0,5,7,resnet32,resnet32,0.422206,0.422206,random,exact,1
resnet32x8_cifar10_K8_rand1_noise40_seed0005_d017,d017,120,0,0,7,resnet32,resnet32,0.841559,0.841559,random,exact,1
resnet32x8_cifar10_K8_rand1_noise40_seed0005_d017,d017,120,0,1,2,resnet32,resnet32,0.407773,0.407773,random,exact,1
resnet32x8_cifar10_K8_rand1_noise40_seed0005_d017,d017,120,0,3,6,resnet32,resnet32,0.897734,0.897734,random,exact,1
resnet32x8_cifar10_K8_rand1_noise40_seed0005_d017,d017,120,0,4,5,resnet32,resnet32,0.862431,0.862431,random,exact,1
resnet32x8_cifar10_K8_rand1_noise40_seed0005_d017,d017,121,0,0,4,resnet32,resnet32,0.566949,0.566949,random,exact,1
resnet32x8_cifar10_K8_rand1_noise40_seed0005_d017,d017,121,0,1,3,resnet32,resnet32,0.847161,0.847161,random,exact,1
resnet32x8_cifar10_K8_rand1_noise40_seed0005_d017,d017,121,0,2,7,resnet32,resnet32,0.802431,0.802431,random,exact,1
resnet32x8_cifar10_K8_rand1_noise40_seed0005_d017,d017,121,0,5,6,resnet32,resnet32,0.762493,0.762493,random,exact,1
resnet32x8_cifar10_K8_rand1_noise40_seed0005_d017,d017,122,0,0,6,resnet32,resnet32,0.730022,0.730022,random,exact,1
resnet32x8_cifar10_K8_rand1_noise40_seed0005_d017,d017,122,0,1,7,resnet32,resnet32,0.443424,0.443424,random,exact,1
resnet32x8_cifar10_K8_rand1_noise40_seed0005_d017,d017,122,0,2,4,resnet32,resnet32,0.794325,0.794325,random,exact,1
resnet32x8_cifar10_K8_rand1_noise40_seed0005_d017,d017,122,0,3,5,resnet32,resnet32,0.893098,0.893098,random,exact,1
resnet32x8_cifar10_K8_rand1_noise40_seed0005_d017,d017,123,0,0,1,resnet32,resnet32,0.828400,0.828400,random,exact,1
resnet32x8_cifar10_K8_rand1_noise40_seed0005_d017,d017,123,0,2,4,resnet32,resnet32,0.425858,0.425858,random,exact,1
resnet32x8_cifar10_K8_rand1_noise40_seed0005_d017,d017,123,0,3,5,resnet32,resnet32,0.686473,0.686473,random,exact,1
resnet32x8_cifar10_K8_rand1_noise40_seed0005_d017,d017,123,0,6,7,resnet32,resnet32,0.589385,0.589385,random,exact,1
resnet32x8_cifar10_K8_rand1_noise40_seed0005_d017,d017,124,0,0,1,resnet32,resnet32,0.730950,0.730950,random,exact,1
resnet32x8_cifar10_K8_rand1_noise40_seed0005_d017,d017,124,0,2,3,resnet32,resnet32,0.746013,0.746013,random,exact,1
resnet32x8_cifar10_K8_rand1_noise40_seed0005_d017,d017,124,0,4,5,resnet32,resnet32,0.742447,0.742447,random,exact,1
resnet32x8_cifar10_K8_rand1_noise40_seed0005_d017,d017,124,0,6,7,resnet32,resnet32,0.772333,0.772333,random,exact,1
resnet32x8_cifar10_K8_rand1_noise40_seed0005_d017,d017,125,0,0,6,resnet32,resnet32,0.726036,0.726036,random,exact,1
resnet32x8_cifar10_K8_rand1_noise40_seed0005_d017,d017,125,0,1,7,resnet32,resnet32,0.915404,0.915404,random,exact,1
resnet32x8_cifar10_K8_rand1_noise40_seed0005_d017,d017,125,0,2,5,resnet32,resnet32,0.595553,0.595553,random,exact,1
resnet32x8_cifar10_K8_rand1_noise40_seed0005_d017,d017,125,0,3,4,resnet32,resnet32,0.780418,0.780418,random,exact,1
resnet32x8_cifar10_K8_rand1_noise40_seed0005_d017,d017,126,0,0,2,resnet32,resnet32,0.612768,0.612768,random,exact,1
resnet32x8_cifar10_K8_rand1_noise40_seed0005_d017,d017,126,0,1,3,resnet32,resnet32,0.907335,0.907335,random,exact,1
resnet32x8_cifar10_K8_rand1_noise40_seed0005_d017,d017,126,0,4,5,resnet32,resnet32,0.689795,0.689795,random,exact,1
resnet32x8_cifar10_K8_rand1_noise40_seed0005_d017,d017,126,0,6,7,resnet32,resnet32,0.612327,0.612327,random,exact,1
resnet32x8_cifar10_K8_rand1_noise40_seed0005_d017,d017,127,0,0,1,resnet32,resnet32,0.649115,0.649115,random,exact,1
resnet32x8_cifar10_K8_rand1_noise40_seed0005_d017,d017,127,0,2,5,resnet32,resnet32,0.753328,0.753328,random,exact,1
resnet32x8_cifar10_K8_rand1_noise40_seed0005_d017,d017,127,0,3,4,resnet32,resnet32,0.880811,0.880811,random,exact,1
resnet32x8_cifar10_K8_rand1_noise40_seed0005_d017,d017,127,0,6,7,resnet32,resnet32,0.559431,0.559431,random,exact,1
resnet32x8_cifar10_K8_rand1_noise40_seed0005_d017,d017,128,0,0,3,resnet32,resnet32,0.693396,0.693396,random,exact,1
resnet32x8_cifar10_K8_rand1_noise40_seed0005_d017,d017,128,0,1,5,resnet32,resnet32,0.862452,0.862452,random,exact,1
resnet32x8_cifar10_K8_rand1_noise40_seed0005_d017,d017,128,0,2,4,resnet32,resnet32,0.639226,0.639226,random,exact,1
resnet32x8_cifar10_K8_rand1_noise40_seed0005_d017,d017,128,0,6,7,resnet32,resnet32,0.680239,0.680239,random,exact,1
resnet32x8_cifar10_K8_rand1_noise40_seed0005_d017,d017,129,0,0,4,resnet32,resnet32,0.850944,0.850944,random,exact,1
resnet32x8_cifar10_K8_rand1_noise40_seed0005_d017,d017,129,0,1,6,resnet32,resnet32,0.768895,0.768895,random,exact,1
resnet32x8_cifar10_K8_rand1_noise40_seed0005_d017,d017,129,0,2,3,resnet32,resnet32,0.822004,0.822004,random,exact,1
resnet32x8_cifar10_K8_rand1_noise40_seed0005_d017,d017,129,0,5,7,resnet32,resnet32,0.683293,0.683293,random,exact,1
resnet32x8_cifar10_K8_rand1_noise40_seed0005_d017,d017,130,0,0,5,resnet32,resnet32,0.892979,0.892979,random,exact,1
resnet32x8_cifar10_K8_rand1_noise40_seed0005_d017,d017,130,0,1,7,resnet32,resnet32,0.795198,0.795198,random,exact,1
resnet32x8_cifar10_K8_rand1_noise40_seed0005_d017,d017,130,0,2,4,resnet32,resnet32,0.829700,0.829700,random,exact,1
resnet32x8_cifar10_K8_rand1_noise40_seed0005_d017,d017,130,0,3,6,resnet32,resnet32,0.724028,0.724028,random,exact,1
resnet32x8_cifar10_K8_rand1_noise40_seed0005_d017,d017,131,0,0,3,resnet32,resnet32,0.930403,0.930403,random,exact,1
resnet32x8_cifar10_K8_rand1_noise40_seed0005_d017,d017,131,0,1,4,resnet32,resnet32,0.776914,0.776914,random,exact,1
resnet32x8_cifar10_K8_rand1_noise40_seed0005_d017,d017,131,0,2,7,resnet32,resnet32,0.713206,0.713206,random,exact,1
resnet32x8_cifar10_K8_rand1_noise40_seed0005_d017,d017,131,0,5,6,resnet32,resnet32,0.680537,0.680537,random,exact,1
resnet32x8_cifar10_K8_rand1_noise40_seed0005_d017,d017,132,0,0,3,resnet32,resnet32,0.737565,0.737565,random,exact,1
resnet32x8_cifar10_K8_rand1_noise40_seed0005_d017,d017,132,0,1,6,resnet32,resnet32,0.927777,0.927777,random,exact,1
resnet32x8_cifar10_K8_rand1_noise40_seed0005_d017,d017,132,0,2,7,resnet32,resnet32,0.596526,0.596526,random,exact,1
resnet32x8_cifar10_K8_rand1_noise40_seed0005_d017,d017,132,0,4,5,resnet32,resnet32,0.758585,0.758585,random,exact,1
resnet32x8_cifar10_K8_rand1_noise40_seed0005_d017,d017,133,0,0,2,resnet32,resnet32,0.853744,0.853744,random,exact,1
resnet32x8_cifar10_K8_rand1_noise40_seed0005_d017,d017,133,0,1,3,resnet32,resnet32,0.686461,0.686461,random,exact,1
resnet32x8_cifar10_K8_rand1_noise40_seed0005_d017,d017,133,0,4,5,resnet32,resnet32,0.745246,0.745246,random,exact,1
resnet32x8_cifar10_K8_rand1_noise40_seed0005_d017,d017,133,0,6,7,resnet32,resnet32,0.670022,0.670022,random,exact,1
resnet32x8_cifar10_K8_rand1_noise40_seed0005_d017,d017,134,0,0,6,resnet32,resnet32,0.740301,0.740301,random,exact,1
resnet32x8_cifar10_K8_rand1_noise40_seed0005_d017,d017,134,0,1,4,resnet32,resnet32,0.832444,0.832444,random,exact,1
resnet32x8_cifar10_K8_rand1_noise40_seed0005_d017,d017,134,0,2,7,resnet32,resnet32,0.906709,0.906709,random,exact,1
resnet32x8_cifar10_K8_rand1_noise40_seed0005_d017,d017,134,0,3,5,resnet32,resnet32,0.490891,0.490891,random,exact,1
resnet32x8_cifar10_K8_rand1_noise40_seed0005_d017,d017,135,0,0,6,resnet32,resnet32,0.806087,0.806087,random,exact,1
resnet32x8_cifar10_K8_rand1_noise40_seed0005_d017,d017,135,0,1,3,resnet32,resnet32,0.802797,0.802797,random,exact,1
resnet32x8_cifar10_K8_rand1_noise40_seed0005_d017,d017,135,0,2,7,resnet32,resnet32,0.456998,0.456998,random,exact,1
resnet32x8_cifar10_K8_rand1_noise40_seed0005_d017,d017,135,0,4,5,resnet32,resnet32,0.933510,0.933510,random,exact,1
resnet32x8_cifar10_K8_rand1_noise40_seed0005_d017,d017,136,0,0,3,resnet32,resnet32,0.639768,0.639768,random,exact,1
resnet32x8_cifar10_K8_rand1_noise40_seed0005_d017,d017,136,0,1,7,resnet32,resnet32,0.698258,0.698258,random,exact,1
resnet32x8_cifar10_K8_rand1_noise40_seed0005_d017,d017,136,0,2,6,resnet32,resnet32,0.872215,0.872215,random,exact,1
resnet32x8_cifar10_K8_rand1_noise40_seed0005_d017,d017,136,0,4,5,resnet32,resnet32,0.503565,0.503565,random,exact,1
resnet32x8_cifar10_K8_rand1_noise40_seed0005_d017,d017,137,0,0,4,resnet32,resnet32,0.683591,0.683591,random,exact,1
resnet32x8_cifar10_K8_rand1_noise40_seed0005_d017,d017,137,0,1,2,resnet32,resnet32,0.773144,0.773144,random,exact,1
resnet32x8_cifar10_K8_rand1_noise40_seed0005_d017,d017,137,0,3,6,resnet32,resnet32,0.831651,0.831651,random,exact,1
resnet32x8_cifar10_K8_rand1_noise40_seed0005_d017,d017,137,0,5,7,resnet32,resnet32,0.612092,0.612092,random,exact,1
resnet32x8_cifar10_K8_rand1_noise40_seed0005_d017,d017,138,0,0,3,resnet32,resnet32,0.897692,0.897692,random,exact,1
resnet32x8_cifar10_K8_rand1_noise40_seed0005_d017,d017,138,0,1,5,resnet32,resnet32,0.961651,0.961651,random,exact,1
resnet32x8_cifar10_K8_rand1_noise40_seed0005_d017,d017,138,0,2,7,resnet32,resnet32,0.532181,0.532181,random,exact,1
resnet32x8_cifar10_K8_rand1_noise40_seed0005_d017,d017,138,0,4,6,resnet32,resnet32,0.717735,0.717735,random,exact,1
resnet32x8_cifar10_K8_rand1_noise40_seed0005_d017,d017,139,0,0,1,resnet32,resnet32,0.626858,0.626858,random,exact,1
resnet32x8_cifar10_K8_rand1_noise40_seed0005_d017,d017,139,0,2,7,resnet32,resnet32,0.870757,0.870757,random,exact,1
resnet32x8_cifar10_K8_rand1_noise40_seed0005_d017,d017,139,0,3,4,resnet32,resnet32,0.828783,0.828783,random,exact,1
resnet32x8_cifar10_K8_rand1_noise40_seed0005_d017,d017,139,0,5,6,resnet32,resnet32,0.665434,0.665434,random,exact,1
resnet32x8_cifar10_K8_rand1_noise40_seed0005_d017,d017,140,0,0,1,resnet32,resnet32,0.647902,0.647902,random,exact,1
resnet32x8_cifar10_K8_rand1_noise40_seed0005_d017,d017,140,0,2,4,resnet32,resnet32,0.968302,0.968302,random,exact,1
resnet32x8_cifar10_K8_rand1_noise40_seed0005_d017,d017,140,0,3,5,resnet32,resnet32,0.581887,0.581887,random,exact,1
resnet32x8_cifar10_K8_rand1_noise40_seed0005_d017,d017,140,0,6,7,resnet32,resnet32,0.538130,0.538130,random,exact,1
resnet32x8_cifar10_K8_rand1_noise40_seed0005_d017,d017,141,0,0,5,resnet32,resnet32,0.675988,0.675988,random,exact,1
resnet32x8_cifar10_K8_rand1_noise40_seed0005_d017,d017,141,0,1,4,resnet32,resnet32,0.806481,0.806481,random,exact,1
resnet32x8_cifar10_K8_rand1_noise40_seed0005_d017,d017,141,0,2,7,resnet32,resnet32,0.936704,0.936704,random,exact,1
resnet32x8_cifar10_K8_rand1_noise40_seed0005_d017,d017,141,0,3,6,resnet32,resnet32,0.584464,0.584464,random,exact,1
resnet32x8_cifar10_K8_rand1_noise40_seed0005_d017,d017,142,0,0,1,resnet32,resnet32,0.717224,0.717224,random,exact,1
resnet32x8_cifar10_K8_rand1_noise40_seed0005_d017,d017,142,0,2,4,resnet32,resnet32,0.532570,0.532570,random,exact,1
resnet32x8_cifar10_K8_rand1_noise40_seed0005_d017,d017,142,0,3,5,resnet32,resnet32,0.785868,0.785868,random,exact,1
resnet32x8_cifar10_K8_rand1_noise40_seed0005_d017,d017,142,0,6,7,resnet32,resnet32,0.648322,0.648322,random,exact,1
resnet32x8_cifar10_K8_rand1_noise40_seed0005_d017,d017,143,0,0,3,resnet32,resnet32,0.834724,0.834724,random,exact,1
resnet32x8_cifar10_K8_rand1_noise40_seed0005_d017,d017,143,0,1,7,resnet32,resnet32,0.804287,0.804287,random,exact,1
resnet32x8_cifar10_K8_rand1_noise40_seed0005_d017,d017,143,0,2,6,resnet32,resnet32,0.827399,0.827399,random,exact,1
resnet32x8_cifar10_K8_rand1_noise40_seed0005_d017,d017,143,0,4,5,resnet32,resnet32,0.729989,0.729989,random,exact,1
resnet32x8_cifar10_K8_rand1_noise40_seed0005_d017,d017,144,0,0,4,resnet32,resnet32,0.618607,0.618607,random,exact,1
resnet32x8_cifar10_K8_rand1_noise40_seed0005_d017,d017,144,0,1,2,resnet32,resnet32,0.626130,0.626130,random,exact,1
resnet32x8_cifar10_K8_rand1_noise40_seed0005_d017,d017,144,0,3,6,resnet32,resnet32,0.451491,0.451491,random,exact,1
resnet32x8_cifar10_K8_rand1_noise40_seed0005_d017,d017,144,0,5,7,resnet32,resnet32,0.649596,0.649596,random,exact,1
resnet32x8_cifar10_K8_rand1_noise40_seed0005_d017,d017,145,0,0,7,resnet32,resnet32,0.662990,0.662990,random,exact,1
resnet32x8_cifar10_K8_rand1_noise40_seed0005_d017,d017,145,0,1,3,resnet32,resnet32,0.843436,0.843436,random,exact,1
resnet32x8_cifar10_K8_rand1_noise40_seed0005_d017,d017,145,0,2,5,resnet32,resnet32,0.605998,0.605998,random,exact,1
resnet32x8_cifar10_K8_rand1_noise40_seed0005_d017,d017,145,0,4,6,resnet32,resnet32,0.726671,0.726671,random,exact,1
resnet32x8_cifar10_K8_rand1_noise40_seed0005_d017,d017,146,0,0,2,resnet32,resnet32,0.704556,0.704556,random,exact,1
resnet32x8_cifar10_K8_rand1_noise40_seed0005_d017,d017,146,0,1,6,resnet32,resnet32,0.739988,0.739988,random,exact,1
resnet32x8_cifar10_K8_rand1_noise40_seed0005_d017,d017,146,0,3,5,resnet32,resnet32,0.555381,0.555381,random,exact,1
resnet32x8_cifar10_K8_rand1_noise40_seed0005_d017,d017,146,0,4,7,resnet32,resnet32,0.633019,0.633019,random,exact,1
resnet32x8_cifar10_K8_rand1_noise40_seed0005_d017,d017,147,0,0,5,resnet32,resnet32,0.704184,0.704184,random,exact,1
resnet32x8_cifar10_K8_rand1_noise40_seed0005_d017,d017,147,0,1,3,resnet32,resnet32,0.773078,0.773078,random,exact,1
resnet32x8_cifar10_K8_rand1_noise40_seed0005_d017,d017,147,0,2,4,resnet32,resnet32,0.749080,0.749080,random,exact,1
resnet32x8_cifar10_K8_rand1_noise40_seed0005_d017,d017,147,0,6,7,resnet32,resnet32,0.834155,0.834155,random,exact,1
resnet32x8_cifar10_K8_rand1_noise40_seed0005_d017,d017,148,0,0,2,resnet32,resnet32,0.817862,0.817862,random,exact,1
resnet32x8_cifar10_K8_rand1_noise40_seed0005_d017,d017,148,0,1,7,resnet32,resnet32,0.748158,0.748158,random,exact,1
resnet32x8_cifar10_K8_rand1_noise40_seed0005_d017,d017,148,0,3,4,resnet32,resnet32,0.706635,0.706635,random,exact,1
resnet32x8_cifar10_K8_rand1_noise40_seed0005_d017,d017,148,0,5,6,resnet32,resnet32,0.748562,0.748562,random,exact,1
resnet32x8_cifar10_K8_rand1_noise40_seed0005_d017,d017,149,0,0,4,resnet32,resnet32,0.847394,0.847394,random,exact,1
resnet32x8_cifar10_K8_rand1_noise40_seed0005_d017,d017,149,0,1,7,resnet32,resnet32,0.543259,0.543259,random,exact,1
resnet32x8_cifar10_K8_rand1_noise40_seed0005_d017,d017,149,0,2,5,resnet32,resnet32,0.823475,0.823475,random,exact,1
resnet32x8_cifar10_K8_rand1_noise40_seed0005_d017,d017,149,0,3,6,resnet32,resnet32,0.873424,0.873424,random,exact,1
resnet32x8_cifar10_K8_rand1_noise40_seed0005_d017,d017,150,0,0,4,resnet32,resnet32,0.821003,0.821003,random,exact,1
resnet32x8_cifar10_K8_rand1_noise40_seed0005_d017,d017,150,0,1,3,resnet32,resnet32,0.718625,0.718625,random,exact,1
resnet32x8_cifar10_K8_rand1_noise40_seed0005_d017,d017,150,0,2,5,resnet32,resnet32,0.808433,0.808433,random,exact,1
resnet32x8_cifar10_K8_rand1_noise40_seed0005_d017,d017,150,0,6,7,resnet32,resnet32,0.888163,0.888163,random,exact,1
resnet32x8_cifar10_K8_rand1_noise40_seed0005_d017,d017,151,0,0,2,resnet32,resnet32,0.807262,0.807262,random,exact,1
resnet32x8_cifar10_K8_rand1_noise40_seed0005_d017,d017,151,0,1,6,resnet32,resnet32,0.575028,0.575028,random,exact,1
resnet32x8_cifar10_K8_rand1_noise40_seed0005_d017,d017,151,0,3,4,resnet32,resnet32,0.695964,0.695964,random,exact,1
resnet32x8_cifar10_K8_rand1_noise40_seed0005_d017,d017,151,0,5,7,resnet32,resnet32,0.941676,0.941676,random,exact,1
resnet32x8_cifar10_K8_rand1_noise40_seed0005_d017,d017,152,0,0,2,resnet32,resnet32,0.589098,0.589098,random,exact,1
resnet32x8_cifar10_K8_rand1_noise40_seed0005_d017,d017,152,0,1,4,resnet32,resnet32,0.667073,0.667073,random,exact,1
resnet32x8_cifar10_K8_rand1_noise40_seed0005_d017,d017,152,0,3,5,resnet32,resnet32,0.943338,0.943338,random,exact,1
resnet32x8_cifar10_K8_rand1_noise40_seed0005_d017,d017,152,0,6,7,resnet32,resnet32,0.789750,0.789750,random,exact,1
resnet32x8_cifar10_K8_rand1_noise40_seed0005_d017,d017,153,0,0,3,resnet32,resnet32,0.771590,0.771590,random,exact,1
resnet32x8_cifar10_K8_rand1_noise40_seed0005_d017,d017,153,0,1,4,resnet32,resnet32,0.922861,0.922861,random,exact,1
resnet32x8_cifar10_K8_rand1_noise40_seed0005_d017,d017,153,0,2,7,resnet32,resnet32,0.346958,0.346958,random,exact,1
resnet32x8_cifar10_K8_rand1_noise40_seed0005_d017,d017,153,0,5,6,resnet32,resnet32,0.712837,0.712837,random,exact,1
resnet32x8_cifar10_K8_rand1_noise40_seed0005_d017,d017,154,0,0,2,resnet32,resnet32,0.930902,0.930902,random,exact,1
resnet32x8_cifar10_K8_rand1_noise40_seed0005_d017,d017,154,0,1,4,resnet32,resnet32,0.831106,0.831106,random,exact,1
resnet32x8_cifar10_K8_rand1_noise40_seed0005_d017,d017,154,0,3,6,resnet32,resnet32,0.421736,0.421736,random,exact,1
resnet32x8_cifar10_K8_rand1_noise40_seed0005_d017,d017,154,0,5,7,resnet32,resnet32,0.854940,0.854940,random,exact,1
resnet32x8_cifar10_K8_rand1_noise40_seed0005_d017,d017,155,0,0,6,resnet32,resnet32,0.918604,0.918604,random,exact,1
resnet32x8_cifar10_K8_rand1_noise40_seed0005_d017,d017,155,0,1,5,resnet32,resnet32,0.696317,0.696317,random,exact,1
resnet32x8_cifar10_K8_rand1_noise40_seed0005_d017,d017,155,0,2,4,resnet32,resnet32,0.500943,0.500943,random,exact,1
resnet32x8_cifar10_K8_rand1_noise40_seed0005_d017,d017,155,0,3,7,resnet32,resnet32,0.779063,0.779063,random,exact,1
resnet32x8_cifar10_K8_rand1_noise40_seed0005_d017,d017,156,0,0,7,resnet32,resnet32,0.626550,0.626550,random,exact,1
resnet32x8_cifar10_K8_rand1_noise40_seed0005_d017,d017,156,0,1,4,resnet32,resnet32,0.868153,0.868153,random,exact,1
resnet32x8_cifar10_K8_rand1_noise40_seed0005_d017,d017,156,0,2,3,resnet32,resnet32,0.825466,0.825466,random,exact,1
resnet32x8_cifar10_K8_rand1_noise40_seed0005_d017,d017,156,0,5,6,resnet32,resnet32,0.619837,0.619837,random,exact,1
resnet32x8_cifar10_K8_rand1_noise40_seed0005_d017,d017,157,0,0,6,resnet32,resnet32,0.797346,0.797346,random,exact,1
resnet32x8_cifar10_K8_rand1_noise40_seed0005_d017,d017,157,0,1,3,resnet32,resnet32,0.943548,0.943548,random,exact,1
resnet32x8_cifar10_K8_rand1_noise40_seed0005_d017,d017,157,0,2,7,resnet32,resnet32,0.808220,0.808220,random,exact,1
resnet32x8_cifar10_K8_rand1_noise40_seed0005_d017,d017,157,0,4,5,resnet32,resnet32,0.939545,0.939545,random,exact,1
resnet32x8_cifar10_K8_rand1_noise40_seed0005_d017,d017,158,0,0,5,resnet32,resnet32,0.811079,0.811079,random,exact,1
resnet32x8_cifar10_K8_rand1_noise40_seed0005_d017,d017,158,0,1,4,resnet32,resnet32,0.712538,0.712538,random,exact,1
resnet32x8_cifar10_K8_rand1_noise40_seed0005_d017,d017,158,0,2,7,resnet32,resnet32,0.503758,0.503758,random,exact,1
resnet32x8_cifar10_K8_rand1_noise40_seed0005_d017,d017,158,0,3,6,resnet32,resnet32,0.560033,0.560033,random,exact,1
resnet32x8_cifar10_K8_rand1_noise40_seed0005_d017,d017,159,0,0,1,resnet32,resnet32,0.740422,0.740422,random,exact,1
resnet32x8_cifar10_K8_rand1_noise40_seed0005_d017,d017,159,0,2,3,resnet32,resnet32,0.842630,0.842630,random,exact,1
resnet32x8_cifar10_K8_rand1_noise40_seed0005_d017,d017,159,0,4,6,resnet32,resnet32,0.652857,0.652857,random,exact,1
resnet32x8_cifar10_K8_rand1_noise40_seed0005_d017,d017,159,0,5,7,resnet32,resnet32,0.866643,0.866643,random,exact,1
resnet32x8_cifar10_K8_rand1_noise40_seed0005_d017,d017,160,0,0,3,resnet32,resnet32,0.897565,0.897565,random,exact,1
resnet32x8_cifar10_K8_rand1_noise40_seed0005_d017,d017,160,0,1,6,resnet32,resnet32,0.631258,0.631258,random,exact,1
resnet32x8_cifar10_K8_rand1_noise40_seed0005_d017,d017,160,0,2,5,resnet32,resnet32,0.895179,0.895179,random,exact,1
resnet32x8_cifar10_K8_rand1_noise40_seed0005_d017,d017,160,0,4,7,resnet32,resnet32,0.438808,0.438808,random,exact,1
resnet32x8_cifar10_K8_rand1_noise40_seed0005_d017,d017,161,0,0,4,resnet32,resnet32,0.831726,0.831726,random,exact,1
resnet32x8_cifar10_K8_rand1_noise40_seed0005_d017,d017,161,0,1,2,resnet32,resnet32,0.646266,0.646266,random,exact,1
resnet32x8_cifar10_K8_rand1_noise40_seed0005_d017,d017,161,0,3,6,resnet32,resnet32,0.790857,0.790857,random,exact,1
resnet32x8_cifar10_K8_rand1_noise40_seed0005_d017,d017,161,0,5,7,resnet32,resnet32,0.620723,0.620723,random,exact,1
resnet32x8_cifar10_K8_rand1_noise40_seed0005_d017,d017,162,0,0,4,resnet32,resnet32,0.522302,0.522302,random,exact,1
resnet32x8_cifar10_K8_rand1_noise40_seed0005_d017,d017,162,0,1,3,resnet32,resnet32,0.608428,0.608428,random,exact,1
resnet32x8_cifar10_K8_rand1_noise40_seed0005_d017,d017,162,0,2,5,resnet32,resnet32,0.639149,0.639149,random,exact,1
resnet32x8_cifar10_K8_rand1_noise40_seed0005_d017,d017,162,0,6,7,resnet32,resnet32,0.880540,0.880540,random,exact,1
resnet32x8_cifar10_K8_rand1_noise40_seed0005_d017,d017,163,0,0,5,resnet32,resnet32,0.586888,0.586888,random,exact,1
resnet32x8_cifar10_K8_rand1_noise40_seed0005_d017,d017,163,0,1,7,resnet32,resnet32,0.614547,0.614547,random,exact,1
resnet32x8_cifar10_K8_rand1_noise40_seed0005_d017,d017,163,0,2,4,resnet32,resnet32,0.707339,0.707339,random,exact,1
resnet32x8_cifar10_K8_rand1_noise40_seed0005_d017,d017,163,0,3,6,resnet32,resnet32,0.796695,0.796695,random,exact,1
resnet32x8_cifar10_K8_rand1_noise40_seed0005_d017,d017,164,0,0,7,resnet32,resnet32,0.894365,0.894365,random,exact,1
resnet32x8_cifar10_K8_rand1_noise40_seed0005_d017,d017,164,0,1,3,resnet32,resnet32,0.494764,0.494764,random,exact,1
resnet32x8_cifar10_K8_rand1_noise40_seed0005_d017,d017,164,0,2,6,resnet32,resnet32,0.672924,0.672924,random,exact,1
resnet32x8_cifar10_K8_rand1_noise40_seed0005_d017,d017,164,0,4,5,resnet32,resnet32,0.864284,0.864284,random,exact,1
resnet32x8_cifar10_K8_rand1_noise40_seed0005_d017,d017,165,0,0,3,resnet32,resnet32,0.520320,0.520320,random,exact,1
resnet32x8_cifar10_K8_rand1_noise40_seed0005_d017,d017,165,0,1,2,resnet32,resnet32,0.898278,0.898278,random,exact,1
resnet32x8_cifar10_K8_rand1_noise40_seed0005_d017,d017,165,0,4,6,resnet32,resnet32,0.661116,0.661116,random,exact,1
resnet32x8_cifar10_K8_rand1_noise40_seed0005_d017,d017,165,0,5,7,resnet32,resnet32,0.972247,0.972247,random,exact,1
resnet32x8_cifar10_K8_rand1_noise40_seed0005_d017,d017,166,0,0,6,resnet32,resnet32,0.666250,0.666250,random,exact,1
resnet32x8_cifar10_K8_rand1_noise40_seed0005_d017,d017,166,0,1,3,resnet32,resnet32,0.617390,0.617390,random,exact,1
resnet32x8_cifar10_K8_rand1_noise40_seed0005_d017,d017,166,0,2,7,resnet32,resnet32,0.478584,0.478584,random,exact,1
resnet32x8_cifar10_K8_rand1_noise40_seed0005_d017,d017,166,0,4,5,resnet32,resnet32,0.729683,0.729683,random,exact,1
resnet32x8_cifar10_K8_rand1_noise40_seed0005_d017,d017,167,0,0,5,resnet32,resnet32,0.745716,0.745716,random,exact,1
resnet32x8_cifar10_K8_rand1_noise40_seed0005_d017,d017,167,0,1,7,resnet32,resnet32,0.917192,0.917192,random,exact,1
resnet32x8_cifar10_K8_rand1_noise40_seed0005_d017,d017,167,0,2,6,resnet32,resnet32,0.761734,0.761734,random,exact,1
resnet32x8_cifar10_K8_rand1_noise40_seed0005_d017,d017,167,0,3,4,resnet32,resnet32,0.609206,0.609206,random,exact,1
resnet32x8_cifar10_K8_rand1_noise40_seed0005_d017,d017,168,0,0,3,resnet32,resnet32,0.517618,0.517618,random,exact,1
resnet32x8_cifar10_K8_rand1_noise40_seed0005_d017,d017,168,0,1,7,resnet32,resnet32,0.924550,0.924550,random,exact,1
resnet32x8_cifar10_K8_rand1_noise40_seed0005_d017,d017,168,0,2,4,resnet32,resnet32,0.765635,0.765635,random,exact,1
resnet32x8_cifar10_K8_rand1_noise40_seed0005_d017,d017,168,0,5,6,resnet32,resnet32,0.715429,0.715429,random,exact,1
resnet32x8_cifar10_K8_rand1_noise40_seed0005_d017,d017,169,0,0,6,resnet32,resnet32,0.462842,0.462842,random,exact,1
resnet32x8_cifar10_K8_rand1_noise40_seed0005_d017,d017,169,0,1,5,resnet32,resnet32,0.787586,0.787586,random,exact,1
resnet32x8_cifar10_K8_rand1_noise40_seed0005_d017,d017,169,0,2,3,resnet32,resnet32,0.627306,0.627306,random,exact,1
resnet32x8_cifar10_K8_rand1_noise40_seed0005_d017,d017,169,0,4,7,resnet32,resnet32,0.986286,0.986286,random,exact,1
resnet32x8_cifar10_K8_rand1_noise40_seed0005_d017,d017,170,0,0,2,resnet32,resnet32,0.730457,0.730457,random,exact,1
resnet32x8_cifar10_K8_rand1_noise40_seed0005_d017,d017,170,0,1,5,resnet32,resnet32,0.766842,0.766842,random,exact,1
resnet32x8_cifar10_K8_rand1_noise40_seed0005_d017,d017,170,0,3,6,resnet32,resnet32,0.788363,0.788363,random,exact,1
resnet32x8_cifar10_K8_rand1_noise40_seed0005_d017,d017,170,0,4,7,resnet32,resnet32,0.744541,0.744541,random,exact,1
resnet32x8_cifar10_K8_rand1_noise40_seed0005_d017,d017,171,0,0,7,resnet32,resnet32,0.870382,0.870382,random,exact,1
resnet32x8_cifar10_K8_rand1_noise40_seed0005_d017,d017,171,0,1,5,resnet32,resnet32,0.747065,0.747065,random,exact,1
resnet32x8_cifar10_K8_rand1_noise40_seed0005_d017,d017,171,0,2,4,resnet32,resnet32,0.715299,0.715299,random,exact,1
resnet32x8_cifar10_K8_rand1_noise40_seed0005_d017,d017,171,0,3,6,resnet32,resnet32,0.592130,0.592130,random,exact,1
resnet32x8_cifar10_K8_rand1_noise40_seed0005_d017,d017,172,0,0,7,resnet32,resnet32,0.798928,0.798928,random,exact,1
resnet32x8_cifar10_K8_rand1_noise40_seed0005_d017,d017,172,0,1,6,resnet32,resnet32,0.399343,0.399343,random,exact,1
resnet32x8_cifar10_K8_rand1_noise40_seed0005_d017,d017,172,0,2,3,resnet32,resnet32,0.820417,0.820417,random,exact,1
resnet32x8_cifar10_K8_rand1_noise40_seed0005_d017,d017,172,0,4,5,resnet32,resnet32,0.776357,0.776357,random,exact,1
resnet32x8_cifar10_K8_rand1_noise40_seed0005_d017,d017,173,0,0,4,resnet32,resnet32,0.719642,0.719642,random,exact,1
resnet32x8_cifar10_K8_rand1_noise40_seed0005_d017,d017,173,0,1,2,resnet32,resnet32,0.602121,0.602121,random,exact,1
resnet32x8_cifar10_K8_rand1_noise40_seed0005_d017,d017,173,0,3,7,resnet32,resnet32,0.635800,0.635800,random,exact,1
resnet32x8_cifar10_K8_rand1_noise40_seed0005_d017,d017,173,0,5,6,resnet32,resnet32,0.797879,0.797879,random,exact,1
resnet32x8_cifar10_K8_rand1_noise40_seed0005_d017,d017,174,0,0,3,resnet32,resnet32,0.627447,0.627447,random,exact,1
resnet32x8_cifar10_K8_rand1_noise40_seed0005_d017,d017,174,0,1,2,resnet32,resnet32,0.632388,0.632388,random,exact,1
resnet32x8_cifar10_K8_rand1_noise40_seed0005_d017,d017,174,0,4,5,resnet32,resnet32,0.765909,0.765909,random,exact,1
resnet32x8_cifar10_K8_rand1_noise40_seed0005_d017,d017,174,0,6,7,resnet32,resnet32,0.807381,0.807381,random,exact,1
resnet32x8_cifar10_K8_rand1_noise40_seed0005_d017,d017,175,0,0,6,resnet32,resnet32,0.723226,0.723226,random,exact,1
resnet32x8_cifar10_K8_rand1_noise40_seed0005_d017,d017,175,0,1,2,resnet32,resnet32,0.929242,0.929242,random,exact,1
resnet32x8_cifar10_K8_rand1_noise40_seed0005_d017,d017,175,0,3,7,resnet32,resnet32,0.802120,0.802120,random,exact,1
resnet32x8_cifar10_K8_rand1_noise40_seed0005_d017,d017,175,0,4,5,resnet32,resnet32,0.896921,0.896921,random,exact,1
resnet32x8_cifar10_K8_rand1_noise40_seed0005_d017,d017,176,0,0,6,resnet32,resnet32,0.959301,0.959301,random,exact,1
resnet32x8_cifar10_K8_rand1_noise40_seed0005_d017,d017,176,0,1,3,resnet32,resnet32,0.747512,0.747512,random,exact,1
resnet32x8_cifar10_K8_rand1_noise40_seed0005_d017,d017,176,0,2,5,resnet32,resnet32,0.908586,0.908586,random,exact,1
resnet32x8_cifar10_K8_rand1_noise40_seed0005_d017,d017,176,0,4,7,resnet32,resnet32,0.536234,0.536234,random,exact,1
resnet32x8_cifar10_K8_rand1_noise40_seed0005_d017,d017,177,0,0,2,resnet32,resnet32,0.916223,0.916223,random,exact,1
resnet32x8_cifar10_K8_rand1_noise40_seed0005_d017,d017,177,0,1,6,resnet32,resnet32,0.922814,0.922814,random,exact,1
resnet32x8_cifar10_K8_rand1_noise40_seed0005_d017,d017,177,0,3,4,resnet32,resnet32,0.745327,0.745327,random,exact,1
resnet32x8_cifar10_K8_rand1_noise40_seed0005_d017,d017,177,0,5,7,resnet32,resnet32,0.539709,0.539709,random,exact,1
resnet32x8_cifar10_K8_rand1_noise40_seed0005_d017,d017,178,0,0,2,resnet32,resnet32,0.929218,0.929218,random,exact,1
resnet32x8_cifar10_K8_rand1_noise40_seed0005_d017,d017,178,0,1,4,resnet32,resnet32,0.761827,0.761827,random,exact,1
resnet32x8_cifar10_K8_rand1_noise40_seed0005_d017,d017,178,0,3,6,resnet32,resnet32,0.783141,0.783141,random,exact,1
resnet32x8_cifar10_K8_rand1_noise40_seed0005_d017,d017,178,0,5,7,resnet32,resnet32,0.905539,0.905539,random,exact,1
resnet32x8_cifar10_K8_rand1_noise40_seed0005_d017,d017,179,0,0,6,resnet32,resnet32,0.642759,0.642759,random,exact,1
resnet32x8_cifar10_K8_rand1_noise40_seed0005_d017,d017,179,0,1,7,resnet32,resnet32,0.554119,0.554119,random,exact,1
resnet32x8_cifar10_K8_rand1_noise40_seed0005_d017,d017,179,0,2,3,resnet32,resnet32,0.720382,0.720382,random,exact,1
resnet32x8_cifar10_K8_rand1_noise40_seed0005_d017,d017,179,0,4,5,resnet32,resnet32,0.838817,0.838817,random,exact,1
resnet32x8_cifar10_K8_rand1_noise40_seed0005_d017,d017,180,0,0,6,resnet32,resnet32,0.796261,0.796261,random,exact,1
resnet32x8_cifar10_K8_rand1_noise40_seed0005_d017,d017,180,0,1,2,resnet32,resnet32,0.740989,0.740989,random,exact,1
resnet32x8_cifar10_K8_rand1_noise40_seed0005_d017,d017,180,0,3,5,resnet32,resnet32,0.596888,0.596888,random,exact,1
resnet32x8_cifar10_K8_rand1_noise40_seed0005_d017,d017,180,0,4,7,resnet32,resnet32,0.566610,0.566610,random,exact,1
resnet32x8_cifar10_K8_rand1_noise40_seed0005_d017,d017,181,0,0,6,resnet32,resnet32,0.727905,0.727905,random,exact,1
resnet32x8_cifar10_K8_rand1_noise40_seed0005_d017,d017,181,0,1,3,resnet32,resnet32,0.497842,0.497842,random,exact,1
resnet32x8_cifar10_K8_rand1_noise40_seed0005_d017,d017,181,0,2,5,resnet32,resnet32,0.653320,0.653320,random,exact,1
resnet32x8_cifar10_K8_rand1_noise40_seed0005_d017,d017,181,0,4,7,resnet32,resnet32,0.648249,0.648249,random,exact,1
resnet32x8_cifar10_K8_rand1_noise40_seed0005_d017,d017,182,0,0,2,resnet32,resnet32,0.580545,0.580545,random,exact,1
resnet32x8_cifar10_K8_rand1_noise40_seed0005_d017,d017,182,0,1,7,resnet32,resnet32,0.671776,0.671776,random,exact,1
resnet32x8_cifar10_K8_rand1_noise40_seed0005_d017,d017,182,0,3,6,resnet32,resnet32,0.790991,0.790991,random,exact,1
resnet32x8_cifar10_K8_rand1_noise40_seed0005_d017,d017,182,0,4,5,resnet32,resnet32,0.721951,0.721951,random,exact,1
resnet32x8_cifar10_K8_rand1_noise40_seed0005_d017,d017,183,0,0,1,resnet32,resnet32,0.726249,0.726249,random,exact,1
resnet32x8_cifar10_K8_rand1_noise40_seed0005_d017,d017,183,0,2,3,resnet32,resnet32,0.636484,0.636484,random,exact,1
resnet32x8_cifar10_K8_rand1_noise40_seed0005_d017,d017,183,0,4,6,resnet32,resnet32,0.750754,0.750754,random,exact,1
resnet32x8_cifar10_K8_rand1_noise40_seed0005_d017,d017,183,0,5,7,resnet32,resnet32,0.845455,0.845455,random,exact,1
resnet32x8_cifar10_K8_rand1_noise40_seed0005_d017,d017,184,0,0,5,resnet32,resnet32,0.342305,0.342305,random,exact,1
resnet32x8_cifar10_K8_rand1_noise40_seed0005_d017,d017,184,0,1,7,resnet32,resnet32,0.792614,0.792614,random,exact,1
resnet32x8_cifar10_K8_rand1_noise40_seed0005_d017,d017,184,0,2,4,resnet32,resnet32,0.857577,0.857577,random,exact,1
resnet32x8_cifar10_K8_rand1_noise40_seed0005_d017,d017,184,0,3,6,resnet32,resnet32,0.803122,0.803122,random,exact,1
resnet32x8_cifar10_K8_rand1_noise40_seed0005_d017,d017,185,0,0,5,resnet32,resnet32,0.585283,0.585283,random,exact,1
resnet32x8_cifar10_K8_rand1_noise40_seed0005_d017,d017,185,0,1,6,resnet32,resnet32,0.703143,0.703143,random,exact,1
resnet32x8_cifar10_K8_rand1_noise40_seed0005_d017,d017,185,0,2,4,resnet32,resnet32,0.688506,0.688506,random,exact,1
resnet32x8_cifar10_K8_rand1_noise40_seed0005_d017,d017,185,0,3,7,resnet32,resnet32,0.769900,0.769900,random,exact,1
resnet32x8_cifar10_K8_rand1_noise40_seed0005_d017,d017,186,0,0,3,resnet32,resnet32,0.656675,0.656675,random,exact,1
resnet32x8_cifar10_K8_rand1_noise40_seed0005_d017,d017,186,0,1,5,resnet32,resnet32,0.982501,0.982501,random,exact,1
resnet32x8_cifar10_K8_rand1_noise40_seed0005_d017,d017,186,0,2,7,resnet32,resnet32,0.659112,0.659112,random,exact,1
resnet32x8_cifar10_K8_rand1_noise40_seed0005_d017,d017,186,0,4,6,resnet32,resnet32,0.528307,0.528307,random,exact,1
resnet32x8_cifar10_K8_rand1_noise40_seed0005_d017,d017,187,0,0,3,resnet32,resnet32,0.740339,0.740339,random,exact,1
resnet32x8_cifar10_K8_rand1_noise40_seed0005_d017,d017,187,0,1,5,resnet32,resnet32,0.848517,0.848517,random,exact,1
resnet32x8_cifar10_K8_rand1_noise40_seed0005_d017,d017,187,0,2,7,resnet32,resnet32,0.803745,0.803745,random,exact,1
resnet32x8_cifar10_K8_rand1_noise40_seed0005_d017,d017,187,0,4,6,resnet32,resnet32,0.921190,0.921190,random,exact,1
resnet32x8_cifar10_K8_rand1_noise40_seed0005_d017,d017,188,0,0,2,resnet32,resnet32,0.597787,0.597787,random,exact,1
resnet32x8_cifar10_K8_rand1_noise40_seed0005_d017,d017,188,0,1,7,resnet32,resnet32,0.774202,0.774202,random,exact,1
resnet32x8_cifar10_K8_rand1_noise40_seed0005_d017,d017,188,0,3,6,resnet32,resnet32,0.842285,0.842285,random,exact,1
resnet32x8_cifar10_K8_rand1_noise40_seed0005_d017,d017,188,0,4,5,resnet32,resnet32,0.774497,0.774497,random,exact,1
resnet32x8_cifar10_K8_rand1_noise40_seed0005_d017,d017,189,0,0,7,resnet32,resnet32,0.922406,0.922406,random,exact,1
resnet32x8_cifar10_K8_rand1_noise40_seed0005_d017,d017,189,0,1,3,resnet32,resnet32,0.926063,0.926063,random,exact,1
resnet32x8_cifar10_K8_rand1_noise40_seed0005_d017,d017,189,0,2,5,resnet32,resnet32,0.811851,0.811851,random,exact,1
resnet32x8_cifar10_K8_rand1_noise40_seed0005_d017,d017,189,0,4,6,resnet32,resnet32,0.731332,0.731332,random,exact,1
resnet32x8_cifar10_K8_rand1_noise40_seed0005_d017,d017,190,0,0,3,resnet32,resnet32,0.840303,0.840303,random,exact,1
resnet32x8_cifar10_K8_rand1_noise40_seed0005_d017,d017,190,0,1,6,resnet32,resnet32,0.861003,0.861003,random,exact,1
resnet32x8_cifar10_K8_rand1_noise40_seed0005_d017,d017,190,0,2,5,resnet32,resnet32,0.826698,0.826698,random,exact,1
resnet32x8_cifar10_K8_rand1_noise40_seed0005_d017,d017,190,0,4,7,resnet32,resnet32,0.613807,0.613807,random,exact,1
resnet32x8_cifar10_K8_rand1_noise40_seed0005_d017,d017,191,0,0,4,resnet32,resnet32,0.684121,0.684121,random,exact,1
resnet32x8_cifar10_K8_rand1_noise40_seed0005_d017,d017,191,0,1,6,resnet32,resnet32,0.577423,0.577423,random,exact,1
resnet32x8_cifar10_K8_rand1_noise40_seed0005_d017,d017,191,0,2,5,resnet32,resnet32,0.669758,0.669758,random,exact,1
resnet32x8_cifar10_K8_rand1_noise40_seed0005_d017,d017,191,0,3,7,resnet32,resnet32,0.521157,0.521157,random,exact,1
resnet32x8_cifar10_K8_rand1_noise40_seed0005_d017,d017,192,0,0,3,resnet32,resnet32,0.749588,0.749588,random,exact,1
resnet32x8_cifar10_K8_rand1_noise40_seed0005_d017,d017,192,0,1,2,resnet32,resnet32,0.439305,0.439305,random,exact,1
resnet32x8_cifar10_K8_rand1_noise40_seed0005_d017,d017,192,0,4,5,resnet32,resnet32,0.741634,0.741634,random,exact,1
resnet32x8_cifar10_K8_rand1_noise40_seed0005_d017,d017,192,0,6,7,resnet32,resnet32,0.725518,0.725518,random,exact,1
resnet32x8_cifar10_K8_rand1_noise40_seed0005_d017,d017,193,0,0,6,resnet32,resnet32,0.806716,0.806716,random,exact,1
resnet32x8_cifar10_K8_rand1_noise40_seed0005_d017,d017,193,0,1,4,resnet32,resnet32,0.512900,0.512900,random,exact,1
resnet32x8_cifar10_K8_rand1_noise40_seed0005_d017,d017,193,0,2,5,resnet32,resnet32,0.813466,0.813466,random,exact,1
resnet32x8_cifar10_K8_rand1_noise40_seed0005_d017,d017,193,0,3,7,resnet32,resnet32,0.747949,0.747949,random,exact,1
resnet32x8_cifar10_K8_rand1_noise40_seed0005_d017,d017,194,0,0,5,resnet32,resnet32,0.883969,0.883969,random,exact,1
resnet32x8_cifar10_K8_rand1_noise40_seed0005_d017,d017,194,0,1,3,resnet32,resnet32,0.766951,0.766951,random,exact,1
resnet32x8_cifar10_K8_rand1_noise40_seed0005_d017,d017,194,0,2,6,resnet32,resnet32,0.604610,0.604610,random,exact,1
resnet32x8_cifar10_K8_rand1_noise40_seed0005_d017,d017,194,0,4,7,resnet32,resnet32,0.618958,0.618958,random,exact,1
resnet32x8_cifar10_K8_rand1_noise40_seed0005_d017,d017,195,0,0,2,resnet32,resnet32,0.900791,0.900791,random,exact,1
resnet32x8_cifar10_K8_rand1_noise40_seed0005_d017,d017,195,0,1,7,resnet32,resnet32,0.762881,0.762881,random,exact,1
resnet32x8_cifar10_K8_rand1_noise40_seed0005_d017,d017,195,0,3,6,resnet32,resnet32,0.771511,0.771511,random,exact,1
resnet32x8_cifar10_K8_rand1_noise40_seed0005_d017,d017,195,0,4,5,resnet32,resnet32,0.745628,0.745628,random,exact,1
resnet32x8_cifar10_K8_rand1_noise40_seed0005_d017,d017,196,0,0,2,resnet32,resnet32,0.751338,0.751338,random,exact,1
resnet32x8_cifar10_K8_rand1_noise40_seed0005_d017,d017,196,0,1,4,resnet32,resnet32,0.412692,0.412692,random,exact,1
resnet32x8_cifar10_K8_rand1_noise40_seed0005_d017,d017,196,0,3,5,resnet32,resnet32,0.851493,0.851493,random,exact,1
resnet32x8_cifar10_K8_rand1_noise40_seed0005_d017,d017,196,0,6,7,resnet32,resnet32,0.793358,0.793358,random,exact,1
resnet32x8_cifar10_K8_rand1_noise40_seed0005_d017,d017,197,0,0,5,resnet32,resnet32,0.703763,0.703763,random,exact,1
resnet32x8_cifar10_K8_rand1_noise40_seed0005_d017,d017,197,0,1,4,resnet32,resnet32,0.892847,0.892847,random,exact,1
resnet32x8_cifar10_K8_rand1_noise40_seed0005_d017,d017,197,0,2,7,resnet32,resnet32,0.581507,0.581507,random,exact,1
resnet32x8_cifar10_K8_rand1_noise40_seed0005_d017,d017,197,0,3,6,resnet32,resnet32,0.568360,0.568360,random,exact,1
resnet32x8_cifar10_K8_rand1_noise40_seed0005_d017,d017,198,0,0,6,resnet32,resnet32,0.841072,0.841072,random,exact,1
resnet32x8_cifar10_K8_rand1_noise40_seed0005_d017,d017,198,0,1,2,resnet32,resnet32,0.823879,0.823879,random,exact,1
resnet32x8_cifar10_K8_rand1_noise40_seed0005_d017,d017,198,0,3,7,resnet32,resnet32,0.498482,0.498482,random,exact,1
resnet32x8_cifar10_K8_rand1_noise40_seed0005_d017,d017,198,0,4,5,resnet32,resnet32,0.853941,0.853941,random,exact,1
resnet32x8_cifar10_K8_rand1_noise40_seed0005_d017,d017,199,0,0,5,resnet32,resnet32,0.455802,0.455802,random,exact,1
resnet32x8_cifar10_K8_rand1_noise40_seed0005_d017,d017,199,0,1,2,resnet32,resnet32,0.987441,0.987441,random,exact,1
resnet32x8_cifar10_K8_rand1_noise40_seed0005_d017,d017,199,0,3,7,resnet32,resnet32,0.466125,0.466125,random,exact,1
resnet32x8_cifar10_K8_rand1_noise40_seed0005_d017,d017,199,0,4,6,resnet32,resnet32,0.743508,0.743508,random,exact,1
