run_id,run_tag,cohort,dataset,K,arm,arm_label,target,seed,epochs,batch_size,base_lr,momentum,weight_decay,nesterov,graph_seed,lr_step,lr_gamma,kd_T,k_matchings,k_anneal,match_weight,kappa,rematch_every_epochs,recency_lambda,recency_gamma,peel_weighting,graph,label_noise_rate,actual_noise_rate,noise_seed,split_seed,n_train,n_valid,n_test,cohort_params,epoch,lr,k_current,epoch_seconds,avg_test_acc,std_test_acc,min_test_acc,max_test_acc,ensemble_test_acc,ens_minus_avg_test,avg_val_acc,ensemble_val_acc,disagreement_val,rho_val,disagreement_test,rho_test,avg_test_acc_mobilenet,model_00_arch,model_00_test_acc,model_00_val_acc,model_00_train_loss,model_00_ce_loss,model_00_kd_loss,model_01_arch,model_01_test_acc,model_01_val_acc,model_01_train_loss,model_01_ce_loss,model_01_kd_loss,comm_logit_floats_epoch,comm_matcher_ints_epoch,comm_bytes_epoch,comm_bytes_cum,comm_bytes_cum_cohort
mobilenetx2_cifar100_K2_indep_seed0002_d001,d001,mobilenet:2,cifar100,2,indep,indep,peers,2,200,64,0.1,0.9,0.0005,True,0,60,0.1,1.0,1,,disagreement,1.0,1,0.0,0.5,weight,complete,0.0,0.0,42,0,45000,5000,10000,6618952,0,0.1,0,16.11,0.10405,0.01355,0.0905,0.1176,0.1169,0.01285,0.1021,0.1092,0.7434,0.40344420847391693,0.7396,0.3717540522014924,0.10405,mobilenet,0.0905,0.09,3.99086215516383,3.99086215516383,0.0,mobilenet,0.1176,0.1142,4.025389081713828,4.025389081713828,0.0,0.0,0.0,0.0,0.0,0.0
mobilenetx2_cifar100_K2_indep_seed0002_d001,d001,mobilenet:2,cifar100,2,indep,indep,peers,2,200,64,0.1,0.9,0.0005,True,0,60,0.1,1.0,1,,disagreement,1.0,1,0.0,0.5,weight,complete,0.0,0.0,42,0,45000,5000,10000,6618952,1,0.1,0,14.17,0.1615,0.003799999999999998,0.1577,0.1653,0.1753,0.013800000000000007,0.1619,0.1778,0.7048,0.4864129416557676,0.7122,0.47593978752191735,0.1615,mobilenet,0.1653,0.1642,3.5772267735817214,3.5772267735817214,0.0,mobilenet,0.1577,0.1596,3.538834189826792,3.538834189826792,0.0,0.0,0.0,0.0,0.0,0.0
mobilenetx2_cifar100_K2_indep_seed0002_d001,d001,mobilenet:2,cifar100,2,indep,indep,peers,2,200,64,0.1,0.9,0.0005,True,0,60,0.1,1.0,1,,disagreement,1.0,1,0.0,0.5,weight,complete,0.0,0.0,42,0,45000,5000,10000,6618952,2,0.1,0,13.41,0.18175,0.002950000000000008,0.1788,0.1847,0.2023,0.020550000000000013,0.1846,0.2032,0.6996,0.46320935192284235,0.7016,0.4712666165226051,0.18175,mobilenet,0.1847,0.184,3.311418132348494,3.311418132348494,0.0,mobilenet,0.1788,0.1852,3.240639999170195,3.240639999170195,0.0,0.0,0.0,0.0,0.0,0.0
mobilenetx2_cifar100_K2_indep_seed0002_d001,d001,mobilenet:2,cifar100,2,indep,indep,peers,2,200,64,0.1,0.9,0.0005,True,0,60,0.1,1.0,1,,disagreement,1.0,1,0.0,0.5,weight,complete,0.0,0.0,42,0,45000,5000,10000,6618952,3,0.1,0,13.45,0.2254,0.0068000000000000005,0.2186,0.2322,0.2521,0.0267,0.2156,0.2384,0.6758,0.47778224225170446,0.6845,0.4747104676930968,0.2254,mobilenet,0.2186,0.209,3.068270931867036,3.068270931867036,0.0,mobilenet,0.2322,0.2222,2.997632435099645,2.997632435099645,0.0,0.0,0.0,0.0,0.0,0.0
mobilenetx2_cifar100_K2_indep_seed0002_d001,d001,mobilenet:2,cifar100,2,indep,indep,peers,2,200,64,0.1,0.9,0.0005,True,0,60,0.1,1.0,1,,disagreement,1.0,1,0.0,0.5,weight,complete,0.0,0.0,42,0,45000,5000,10000,6618952,4,0.1,0,13.3,0.20635,0.016949999999999993,0.1894,0.2233,0.2331,0.026749999999999996,0.2038,0.233,0.6886,0.4217437295821212,0.6965,0.43943751596610203,0.20635,mobilenet,0.1894,0.1864,2.889179912819104,2.889179912819104,0.0,mobilenet,0.2233,0.2212,2.8385566564446147,2.8385566564446147,0.0,0.0,0.0,0.0,0.0,0.0
mobilenetx2_cifar100_K2_indep_seed0002_d001,d001,mobilenet:2,cifar100,2,indep,indep,peers,2,200,64,0.1,0.9,0.0005,True,0,60,0.1,1.0,1,,disagreement,1.0,1,0.0,0.5,weight,complete,0.0,0.0,42,0,45000,5000,10000,6618952,5,0.1,0,14.29,0.24405,0.014049999999999993,0.23,0.2581,0.2709,0.026849999999999985,0.2399,0.2674,0.724,0.42531872076700966,0.736,0.4259366455837462,0.24405,mobilenet,0.2581,0.2532,2.7853233465416865,2.7853233465416865,0.0,mobilenet,0.23,0.2266,2.72886638444933,2.72886638444933,0.0,0.0,0.0,0.0,0.0,0.0
mobilenetx2_cifar100_K2_indep_seed0002_d001,d001,mobilenet:2,cifar100,2,indep,indep,peers,2,200,64,0.1,0.9,0.0005,True,0,60,0.1,1.0,1,,disagreement,1.0,1,0.0,0.5,weight,complete,0.0,0.0,42,0,45000,5000,10000,6618952,6,0.1,0,13.3,0.2694,0.0024999999999999745,0.2669,0.2719,0.2974,0.028000000000000025,0.2632,0.2958,0.6718,0.44142778875197797,0.6662,0.46099303983787704,0.2694,mobilenet,0.2669,0.2564,2.7073898166418076,2.7073898166418076,0.0,mobilenet,0.2719,0.27,2.665962523018772,2.665962523018772,0.0,0.0,0.0,0.0,0.0,0.0
mobilenetx2_cifar100_K2_indep_seed0002_d001,d001,mobilenet:2,cifar100,2,indep,indep,peers,2,200,64,0.1,0.9,0.0005,True,0,60,0.1,1.0,1,,disagreement,1.0,1,0.0,0.5,weight,complete,0.0,0.0,42,0,45000,5000,10000,6618952,7,0.1,0,14.56,0.27985000000000004,0.01075000000000001,0.2691,0.2906,0.3152,0.03534999999999994,0.2725,0.315,0.6512,0.4430461693398052,0.65,0.46234728136236636,0.27985000000000004,mobilenet,0.2906,0.2856,2.647164358334108,2.647164358334108,0.0,mobilenet,0.2691,0.2594,2.600298694927584,2.600298694927584,0.0,0.0,0.0,0.0,0.0,0.0
mobilenetx2_cifar100_K2_indep_seed0002_d001,d001,mobilenet:2,cifar100,2,indep,indep,peers,2,200,64,0.1,0.9,0.0005,True,0,60,0.1,1.0,1,,disagreement,1.0,1,0.0,0.5,weight,complete,0.0,0.0,42,0,45000,5000,10000,6618952,8,0.1,0,14.65,0.3024,0.01319999999999999,0.2892,0.3156,0.3411,0.03870000000000001,0.30000000000000004,0.3372,0.6488,0.4668687519132882,0.6544,0.4500310071962562,0.3024,mobilenet,0.2892,0.2836,2.596976427700032,2.596976427700032,0.0,mobilenet,0.3156,0.3164,2.559533867138353,2.559533867138353,0.0,0.0,0.0,0.0,0.0,0.0
mobilenetx2_cifar100_K2_indep_seed0002_d001,d001,mobilenet:2,cifar100,2,indep,indep,peers,2,200,64,0.1,0.9,0.0005,True,0,60,0.1,1.0,1,,disagreement,1.0,1,0.0,0.5,weight,complete,0.0,0.0,42,0,45000,5000,10000,6618952,9,0.1,0,13.35,0.28700000000000003,0.03419999999999998,0.2528,0.3212,0.3265,0.03949999999999998,0.2904,0.3222,0.694,0.42572024047342794,0.7016,0.42081912964193047,0.28700000000000003,mobilenet,0.2528,0.2564,2.562276102602482,2.562276102602482,0.0,mobilenet,0.3212,0.3244,2.5222008499232205,2.5222008499232205,0.0,0.0,0.0,0.0,0.0,0.0
mobilenetx2_cifar100_K2_indep_seed0002_d001,d001,mobilenet:2,cifar100,2,indep,indep,peers,2,200,64,0.1,0.9,0.0005,True,0,60,0.1,1.0,1,,disagreement,1.0,1,0.0,0.5,weight,complete,0.0,0.0,42,0,45000,5000,10000,6618952,10,0.1,0,13.21,0.25125,0.0026500000000000135,0.2486,0.2539,0.2869,0.035650000000000015,0.2474,0.2816,0.682,0.44467650497043715,0.675,0.4522866837023076,0.25125,mobilenet,0.2539,0.2462,2.522582197223197,2.522582197223197,0.0,mobilenet,0.2486,0.2486,2.496675790033557,2.496675790033557,0.0,0.0,0.0,0.0,0.0,0.0
mobilenetx2_cifar100_K2_indep_seed0002_d001,d001,mobilenet:2,cifar100,2,indep,indep,peers,2,200,64,0.1,0.9,0.0005,True,0,60,0.1,1.0,1,,disagreement,1.0,1,0.0,0.5,weight,complete,0.0,0.0,42,0,45000,5000,10000,6618952,11,0.1,0,13.61,0.30455,0.01285,0.2917,0.3174,0.3369,0.03234999999999999,0.2972,0.3356,0.6382,0.4609626149651082,0.6251,0.4930385858129999,0.30455,mobilenet,0.2917,0.2814,2.4974943284283984,2.4974943284283984,0.0,mobilenet,0.3174,0.313,2.4800161499191415,2.4800161499191415,0.0,0.0,0.0,0.0,0.0,0.0
mobilenetx2_cifar100_K2_indep_seed0002_d001,d001,mobilenet:2,cifar100,2,indep,indep,peers,2,200,64,0.1,0.9,0.0005,True,0,60,0.1,1.0,1,,disagreement,1.0,1,0.0,0.5,weight,complete,0.0,0.0,42,0,45000,5000,10000,6618952,12,0.1,0,15.03,0.2529,0.04219999999999999,0.2107,0.2951,0.2883,0.03539999999999999,0.25129999999999997,0.281,0.7552,0.33354299148156563,0.7535,0.3426025961831531,0.2529,mobilenet,0.2951,0.2974,2.479478008875793,2.479478008875793,0.0,mobilenet,0.2107,0.2052,2.450320430099964,2.450320430099964,0.0,0.0,0.0,0.0,0.0,0.0
mobilenetx2_cifar100_K2_indep_seed0002_d001,d001,mobilenet:2,cifar100,2,indep,indep,peers,2,200,64,0.1,0.9,0.0005,True,0,60,0.1,1.0,1,,disagreement,1.0,1,0.0,0.5,weight,complete,0.0,0.0,42,0,45000,5000,10000,6618952,13,0.1,0,16.62,0.25479999999999997,0.012999999999999998,0.2418,0.2678,0.2918,0.03700000000000003,0.2519,0.2924,0.7664,0.3767603742515896,0.775,0.34570506433545795,0.25479999999999997,mobilenet,0.2418,0.2352,2.4629273008216512,2.4629273008216512,0.0,mobilenet,0.2678,0.2686,2.442826511169022,2.442826511169022,0.0,0.0,0.0,0.0,0.0,0.0
mobilenetx2_cifar100_K2_indep_seed0002_d001,d001,mobilenet:2,cifar100,2,indep,indep,peers,2,200,64,0.1,0.9,0.0005,True,0,60,0.1,1.0,1,,disagreement,1.0,1,0.0,0.5,weight,complete,0.0,0.0,42,0,45000,5000,10000,6618952,14,0.1,0,16.68,0.2787,0.01629999999999998,0.2624,0.295,0.3249,0.04620000000000002,0.2797,0.3176,0.729,0.376932245996591,0.7372,0.3628154028360574,0.2787,mobilenet,0.295,0.2902,2.4484314356337893,2.4484314356337893,0.0,mobilenet,0.2624,0.2692,2.4330176677216184,2.4330176677216184,0.0,0.0,0.0,0.0,0.0,0.0
mobilenetx2_cifar100_K2_indep_seed0002_d001,d001,mobilenet:2,cifar100,2,indep,indep,peers,2,200,64,0.1,0.9,0.0005,True,0,60,0.1,1.0,1,,disagreement,1.0,1,0.0,0.5,weight,complete,0.0,0.0,42,0,45000,5000,10000,6618952,15,0.1,0,16.42,0.3187,0.0032999999999999974,0.3154,0.322,0.3593,0.040600000000000025,0.3134,0.353,0.6468,0.44300795780718316,0.6374,0.4437312107490755,0.3187,mobilenet,0.3154,0.3038,2.430463124405254,2.430463124405254,0.0,mobilenet,0.322,0.323,2.407511820339344,2.407511820339344,0.0,0.0,0.0,0.0,0.0,0.0
mobilenetx2_cifar100_K2_indep_seed0002_d001,d001,mobilenet:2,cifar100,2,indep,indep,peers,2,200,64,0.1,0.9,0.0005,True,0,60,0.1,1.0,1,,disagreement,1.0,1,0.0,0.5,weight,complete,0.0,0.0,42,0,45000,5000,10000,6618952,16,0.1,0,16.51,0.30989999999999995,0.009399999999999992,0.3005,0.3193,0.3449,0.03500000000000003,0.3137,0.3486,0.6342,0.44971005815766035,0.6374,0.4662140916583453,0.30989999999999995,mobilenet,0.3193,0.3178,2.4206689150834624,2.4206689150834624,0.0,mobilenet,0.3005,0.3096,2.4060427488928493,2.4060427488928493,0.0,0.0,0.0,0.0,0.0,0.0
mobilenetx2_cifar100_K2_indep_seed0002_d001,d001,mobilenet:2,cifar100,2,indep,indep,peers,2,200,64,0.1,0.9,0.0005,True,0,60,0.1,1.0,1,,disagreement,1.0,1,0.0,0.5,weight,complete,0.0,0.0,42,0,45000,5000,10000,6618952,17,0.1,0,16.52,0.31675,0.021350000000000008,0.2954,0.3381,0.3562,0.03945000000000004,0.30900000000000005,0.3482,0.6438,0.45995288336657925,0.6458,0.4708757542579684,0.31675,mobilenet,0.3381,0.3264,2.422357078472322,2.422357078472322,0.0,mobilenet,0.2954,0.2916,2.403784643350677,2.403784643350677,0.0,0.0,0.0,0.0,0.0,0.0
mobilenetx2_cifar100_K2_indep_seed0002_d001,d001,mobilenet:2,cifar100,2,indep,indep,peers,2,200,64,0.1,0.9,0.0005,True,0,60,0.1,1.0,1,,disagreement,1.0,1,0.0,0.5,weight,complete,0.0,0.0,42,0,45000,5000,10000,6618952,18,0.1,0,16.5,0.3315,0.010000000000000009,0.3215,0.3415,0.3785,0.046999999999999986,0.327,0.3808,0.6638,0.4086311172509873,0.6684,0.43122105291503776,0.3315,mobilenet,0.3215,0.314,2.408883847634901,2.408883847634901,0.0,mobilenet,0.3415,0.34,2.3888738494027746,2.3888738494027746,0.0,0.0,0.0,0.0,0.0,0.0
mobilenetx2_cifar100_K2_indep_seed0002_d001,d001,mobilenet:2,cifar100,2,indep,indep,peers,2,200,64,0.1,0.9,0.0005,True,0,60,0.1,1.0,1,,disagreement,1.0,1,0.0,0.5,weight,complete,0.0,0.0,42,0,45000,5000,10000,6618952,19,0.1,0,16.71,0.28735,0.010749999999999982,0.2766,0.2981,0.3322,0.04485,0.2786,0.324,0.7468,0.3413563392604312,0.7364,0.3794744719964427,0.28735,mobilenet,0.2981,0.2908,2.397727442905307,2.397727442905307,0.0,mobilenet,0.2766,0.2664,2.3854862951080906,2.3854862951080906,0.0,0.0,0.0,0.0,0.0,0.0
mobilenetx2_cifar100_K2_indep_seed0002_d001,d001,mobilenet:2,cifar100,2,indep,indep,peers,2,200,64,0.1,0.9,0.0005,True,0,60,0.1,1.0,1,,disagreement,1.0,1,0.0,0.5,weight,complete,0.0,0.0,42,0,45000,5000,10000,6618952,20,0.1,0,15.74,0.2619,0.03609999999999999,0.2258,0.298,0.2994,0.03749999999999998,0.25939999999999996,0.2964,0.7274,0.3877973424703885,0.7247,0.4063690375167016,0.2619,mobilenet,0.2258,0.2244,2.395735553719781,2.395735553719781,0.0,mobilenet,0.298,0.2944,2.3747305961495098,2.3747305961495098,0.0,0.0,0.0,0.0,0.0,0.0
mobilenetx2_cifar100_K2_indep_seed0002_d001,d001,mobilenet:2,cifar100,2,indep,indep,peers,2,200,64,0.1,0.9,0.0005,True,0,60,0.1,1.0,1,,disagreement,1.0,1,0.0,0.5,weight,complete,0.0,0.0,42,0,45000,5000,10000,6618952,21,0.1,0,15.82,0.315,0.012199999999999989,0.3028,0.3272,0.3512,0.03620000000000001,0.3086,0.344,0.6294,0.4683452244814106,0.6268,0.46629719901447003,0.315,mobilenet,0.3028,0.2986,2.3974761199206114,2.3974761199206114,0.0,mobilenet,0.3272,0.3186,2.379712351851843,2.379712351851843,0.0,0.0,0.0,0.0,0.0,0.0
mobilenetx2_cifar100_K2_indep_seed0002_d001,d001,mobilenet:2,cifar100,2,indep,indep,peers,2,200,64,0.1,0.9,0.0005,True,0,60,0.1,1.0,1,,disagreement,1.0,1,0.0,0.5,weight,complete,0.0,0.0,42,0,45000,5000,10000,6618952,22,0.1,0,16.59,0.3194,0.003700000000000009,0.3157,0.3231,0.3589,0.03949999999999998,0.31589999999999996,0.3546,0.6754,0.41706063488074646,0.6759,0.42829788396383456,0.3194,mobilenet,0.3157,0.307,2.393529303202575,2.393529303202575,0.0,mobilenet,0.3231,0.3248,2.387563382190737,2.387563382190737,0.0,0.0,0.0,0.0,0.0,0.0
mobilenetx2_cifar100_K2_indep_seed0002_d001,d001,mobilenet:2,cifar100,2,indep,indep,peers,2,200,64,0.1,0.9,0.0005,True,0,60,0.1,1.0,1,,disagreement,1.0,1,0.0,0.5,weight,complete,0.0,0.0,42,0,45000,5000,10000,6618952,23,0.1,0,16.41,0.3126,0.02510000000000001,0.2875,0.3377,0.3505,0.03789999999999999,0.3073,0.3408,0.6292,0.47738491716727766,0.63,0.4976124238743254,0.3126,mobilenet,0.3377,0.3326,2.3792872433973984,2.3792872433973984,0.0,mobilenet,0.2875,0.282,2.3679198255254463,2.3679198255254463,0.0,0.0,0.0,0.0,0.0,0.0
mobilenetx2_cifar100_K2_indep_seed0002_d001,d001,mobilenet:2,cifar100,2,indep,indep,peers,2,200,64,0.1,0.9,0.0005,True,0,60,0.1,1.0,1,,disagreement,1.0,1,0.0,0.5,weight,complete,0.0,0.0,42,0,45000,5000,10000,6618952,24,0.1,0,16.48,0.31235,0.02595,0.2864,0.3383,0.3543,0.04194999999999999,0.30979999999999996,0.3412,0.6326,0.4611406738387115,0.6276,0.4731858043253543,0.31235,mobilenet,0.2864,0.2852,2.3731708873740653,2.3731708873740653,0.0,mobilenet,0.3383,0.3344,2.3618269002234396,2.3618269002234396,0.0,0.0,0.0,0.0,0.0,0.0
mobilenetx2_cifar100_K2_indep_seed0002_d001,d001,mobilenet:2,cifar100,2,indep,indep,peers,2,200,64,0.1,0.9,0.0005,True,0,60,0.1,1.0,1,,disagreement,1.0,1,0.0,0.5,weight,complete,0.0,0.0,42,0,45000,5000,10000,6618952,25,0.1,0,16.65,0.33005,0.010649999999999993,0.3194,0.3407,0.369,0.038949999999999985,0.3271,0.3626,0.6644,0.44452489654465405,0.6645,0.44476025527470037,0.33005,mobilenet,0.3407,0.3394,2.37717847593806,2.37717847593806,0.0,mobilenet,0.3194,0.3148,2.349345132031224,2.349345132031224,0.0,0.0,0.0,0.0,0.0,0.0
mobilenetx2_cifar100_K2_indep_seed0002_d001,d001,mobilenet:2,cifar100,2,indep,indep,peers,2,200,64,0.1,0.9,0.0005,True,0,60,0.1,1.0,1,,disagreement,1.0,1,0.0,0.5,weight,complete,0.0,0.0,42,0,45000,5000,10000,6618952,26,0.1,0,16.27,0.30705,0.029849999999999988,0.2772,0.3369,0.3443,0.037250000000000005,0.3034,0.342,0.706,0.37458584248824367,0.7039,0.41647218663664476,0.30705,mobilenet,0.2772,0.275,2.3762729420241984,2.3762729420241984,0.0,mobilenet,0.3369,0.3318,2.357484817504883,2.357484817504883,0.0,0.0,0.0,0.0,0.0,0.0
mobilenetx2_cifar100_K2_indep_seed0002_d001,d001,mobilenet:2,cifar100,2,indep,indep,peers,2,200,64,0.1,0.9,0.0005,True,0,60,0.1,1.0,1,,disagreement,1.0,1,0.0,0.5,weight,complete,0.0,0.0,42,0,45000,5000,10000,6618952,27,0.1,0,16.44,0.32904999999999995,0.0038499999999999923,0.3252,0.3329,0.3683,0.03925000000000006,0.3215,0.3556,0.6474,0.4505667262959819,0.65,0.4436587036546628,0.32904999999999995,mobilenet,0.3329,0.316,2.3590622693300247,2.3590622693300247,0.0,mobilenet,0.3252,0.327,2.357856511223045,2.357856511223045,0.0,0.0,0.0,0.0,0.0,0.0
mobilenetx2_cifar100_K2_indep_seed0002_d001,d001,mobilenet:2,cifar100,2,indep,indep,peers,2,200,64,0.1,0.9,0.0005,True,0,60,0.1,1.0,1,,disagreement,1.0,1,0.0,0.5,weight,complete,0.0,0.0,42,0,45000,5000,10000,6618952,28,0.1,0,15.55,0.2933,0.034399999999999986,0.2589,0.3277,0.3386,0.04530000000000001,0.28990000000000005,0.3348,0.7156,0.3820172871992638,0.7241,0.36847411717707956,0.2933,mobilenet,0.3277,0.3138,2.3678274508565664,2.3678274508565664,0.0,mobilenet,0.2589,0.266,2.3507656482133,2.3507656482133,0.0,0.0,0.0,0.0,0.0,0.0
mobilenetx2_cifar100_K2_indep_seed0002_d001,d001,mobilenet:2,cifar100,2,indep,indep,peers,2,200,64,0.1,0.9,0.0005,True,0,60,0.1,1.0,1,,disagreement,1.0,1,0.0,0.5,weight,complete,0.0,0.0,42,0,45000,5000,10000,6618952,29,0.1,0,16.37,0.2899,0.005500000000000005,0.2844,0.2954,0.3389,0.04899999999999999,0.2878,0.322,0.7278,0.3668165153313931,0.7313,0.36920694251048625,0.2899,mobilenet,0.2954,0.291,2.3675925641913307,2.3675925641913307,0.0,mobilenet,0.2844,0.2846,2.3574712080034343,2.3574712080034343,0.0,0.0,0.0,0.0,0.0,0.0
mobilenetx2_cifar100_K2_indep_seed0002_d001,d001,mobilenet:2,cifar100,2,indep,indep,peers,2,200,64,0.1,0.9,0.0005,True,0,60,0.1,1.0,1,,disagreement,1.0,1,0.0,0.5,weight,complete,0.0,0.0,42,0,45000,5000,10000,6618952,30,0.1,0,16.48,0.28664999999999996,0.03605,0.2506,0.3227,0.3252,0.03855000000000003,0.2803,0.3226,0.7192,0.3816210364957127,0.7216,0.3812030763953218,0.28664999999999996,mobilenet,0.2506,0.2488,2.3633815266869287,2.3633815266869287,0.0,mobilenet,0.3227,0.3118,2.353219371797009,2.353219371797009,0.0,0.0,0.0,0.0,0.0,0.0
mobilenetx2_cifar100_K2_indep_seed0002_d001,d001,mobilenet:2,cifar100,2,indep,indep,peers,2,200,64,0.1,0.9,0.0005,True,0,60,0.1,1.0,1,,disagreement,1.0,1,0.0,0.5,weight,complete,0.0,0.0,42,0,45000,5000,10000,6618952,31,0.1,0,16.57,0.28845,0.007750000000000007,0.2807,0.2962,0.3223,0.03384999999999999,0.2843,0.3228,0.7026,0.43904605347225817,0.708,0.41848567334033293,0.28845,mobilenet,0.2807,0.2744,2.369931548833847,2.369931548833847,0.0,mobilenet,0.2962,0.2942,2.3591666020114315,2.3591666020114315,0.0,0.0,0.0,0.0,0.0,0.0
mobilenetx2_cifar100_K2_indep_seed0002_d001,d001,mobilenet:2,cifar100,2,indep,indep,peers,2,200,64,0.1,0.9,0.0005,True,0,60,0.1,1.0,1,,disagreement,1.0,1,0.0,0.5,weight,complete,0.0,0.0,42,0,45000,5000,10000,6618952,32,0.1,0,15.13,0.3281,0.006199999999999983,0.3219,0.3343,0.3684,0.0403,0.32110000000000005,0.3652,0.651,0.43201887659754085,0.6622,0.4327954582481705,0.3281,mobilenet,0.3343,0.3284,2.355138857086951,2.355138857086951,0.0,mobilenet,0.3219,0.3138,2.347167043692686,2.347167043692686,0.0,0.0,0.0,0.0,0.0,0.0
mobilenetx2_cifar100_K2_indep_seed0002_d001,d001,mobilenet:2,cifar100,2,indep,indep,peers,2,200,64,0.1,0.9,0.0005,True,0,60,0.1,1.0,1,,disagreement,1.0,1,0.0,0.5,weight,complete,0.0,0.0,42,0,45000,5000,10000,6618952,33,0.1,0,16.58,0.27905,0.007449999999999984,0.2716,0.2865,0.3301,0.051049999999999984,0.2768,0.3246,0.7378,0.32791618172656545,0.7393,0.34006493975889135,0.27905,mobilenet,0.2865,0.2832,2.362966455349868,2.362966455349868,0.0,mobilenet,0.2716,0.2704,2.349947162480517,2.349947162480517,0.0,0.0,0.0,0.0,0.0,0.0
mobilenetx2_cifar100_K2_indep_seed0002_d001,d001,mobilenet:2,cifar100,2,indep,indep,peers,2,200,64,0.1,0.9,0.0005,True,0,60,0.1,1.0,1,,disagreement,1.0,1,0.0,0.5,weight,complete,0.0,0.0,42,0,45000,5000,10000,6618952,34,0.1,0,16.22,0.2996,0.024300000000000016,0.2753,0.3239,0.3483,0.04870000000000002,0.29910000000000003,0.3518,0.689,0.38505375223444155,0.6936,0.3957961617879197,0.2996,mobilenet,0.3239,0.3186,2.369566601616415,2.369566601616415,0.0,mobilenet,0.2753,0.2796,2.3486953206699,2.3486953206699,0.0,0.0,0.0,0.0,0.0,0.0
mobilenetx2_cifar100_K2_indep_seed0002_d001,d001,mobilenet:2,cifar100,2,indep,indep,peers,2,200,64,0.1,0.9,0.0005,True,0,60,0.1,1.0,1,,disagreement,1.0,1,0.0,0.5,weight,complete,0.0,0.0,42,0,45000,5000,10000,6618952,35,0.1,0,16.62,0.33165,0.014550000000000007,0.3171,0.3462,0.3806,0.048949999999999994,0.32330000000000003,0.381,0.6782,0.41844481252346283,0.6665,0.41699709978162197,0.33165,mobilenet,0.3171,0.3166,2.375509534708478,2.375509534708478,0.0,mobilenet,0.3462,0.33,2.3462268329140814,2.3462268329140814,0.0,0.0,0.0,0.0,0.0,0.0
mobilenetx2_cifar100_K2_indep_seed0002_d001,d001,mobilenet:2,cifar100,2,indep,indep,peers,2,200,64,0.1,0.9,0.0005,True,0,60,0.1,1.0,1,,disagreement,1.0,1,0.0,0.5,weight,complete,0.0,0.0,42,0,45000,5000,10000,6618952,36,0.1,0,16.56,0.34440000000000004,0.0058,0.3386,0.3502,0.392,0.047599999999999976,0.34540000000000004,0.3798,0.6134,0.4613198842119173,0.6278,0.4457287600156491,0.34440000000000004,mobilenet,0.3502,0.3472,2.3701881410723384,2.3701881410723384,0.0,mobilenet,0.3386,0.3436,2.3413144775073635,2.3413144775073635,0.0,0.0,0.0,0.0,0.0,0.0
mobilenetx2_cifar100_K2_indep_seed0002_d001,d001,mobilenet:2,cifar100,2,indep,indep,peers,2,200,64,0.1,0.9,0.0005,True,0,60,0.1,1.0,1,,disagreement,1.0,1,0.0,0.5,weight,complete,0.0,0.0,42,0,45000,5000,10000,6618952,37,0.1,0,16.63,0.29000000000000004,0.03459999999999999,0.2554,0.3246,0.3256,0.035599999999999965,0.2953,0.3272,0.6942,0.4257977572593582,0.702,0.40353898261450466,0.29000000000000004,mobilenet,0.3246,0.325,2.3697461641647597,2.3697461641647597,0.0,mobilenet,0.2554,0.2656,2.3335226728496226,2.3335226728496226,0.0,0.0,0.0,0.0,0.0,0.0
mobilenetx2_cifar100_K2_indep_seed0002_d001,d001,mobilenet:2,cifar100,2,indep,indep,peers,2,200,64,0.1,0.9,0.0005,True,0,60,0.1,1.0,1,,disagreement,1.0,1,0.0,0.5,weight,complete,0.0,0.0,42,0,45000,5000,10000,6618952,38,0.1,0,16.53,0.32184999999999997,0.008650000000000019,0.3132,0.3305,0.3621,0.04025000000000001,0.32130000000000003,0.364,0.6614,0.44500828033611767,0.6623,0.4537251728001966,0.32184999999999997,mobilenet,0.3132,0.3144,2.3665312482890757,2.3665312482890757,0.0,mobilenet,0.3305,0.3282,2.3390403601594945,2.3390403601594945,0.0,0.0,0.0,0.0,0.0,0.0
mobilenetx2_cifar100_K2_indep_seed0002_d001,d001,mobilenet:2,cifar100,2,indep,indep,peers,2,200,64,0.1,0.9,0.0005,True,0,60,0.1,1.0,1,,disagreement,1.0,1,0.0,0.5,weight,complete,0.0,0.0,42,0,45000,5000,10000,6618952,39,0.1,0,16.49,0.26744999999999997,0.01404999999999998,0.2534,0.2815,0.3053,0.03785000000000005,0.2676,0.3034,0.699,0.4208338613887554,0.7059,0.42465216981930204,0.26744999999999997,mobilenet,0.2534,0.2504,2.3580009810287845,2.3580009810287845,0.0,mobilenet,0.2815,0.2848,2.3384578658098523,2.3384578658098523,0.0,0.0,0.0,0.0,0.0,0.0
mobilenetx2_cifar100_K2_indep_seed0002_d001,d001,mobilenet:2,cifar100,2,indep,indep,peers,2,200,64,0.1,0.9,0.0005,True,0,60,0.1,1.0,1,,disagreement,1.0,1,0.0,0.5,weight,complete,0.0,0.0,42,0,45000,5000,10000,6618952,40,0.1,0,16.33,0.30820000000000003,0.02049999999999999,0.2877,0.3287,0.3498,0.04159999999999997,0.29269999999999996,0.3292,0.6886,0.40606231582528246,0.6917,0.3810679226480343,0.30820000000000003,mobilenet,0.2877,0.2742,2.363990617577325,2.363990617577325,0.0,mobilenet,0.3287,0.3112,2.335853332314979,2.335853332314979,0.0,0.0,0.0,0.0,0.0,0.0
mobilenetx2_cifar100_K2_indep_seed0002_d001,d001,mobilenet:2,cifar100,2,indep,indep,peers,2,200,64,0.1,0.9,0.0005,True,0,60,0.1,1.0,1,,disagreement,1.0,1,0.0,0.5,weight,complete,0.0,0.0,42,0,45000,5000,10000,6618952,41,0.1,0,16.45,0.32275,0.026150000000000007,0.2966,0.3489,0.363,0.04025000000000001,0.30810000000000004,0.3474,0.655,0.45555787092657885,0.6533,0.44977336045712085,0.32275,mobilenet,0.3489,0.328,2.3560597823763434,2.3560597823763434,0.0,mobilenet,0.2966,0.2882,2.3414325160397724,2.3414325160397724,0.0,0.0,0.0,0.0,0.0,0.0
mobilenetx2_cifar100_K2_indep_seed0002_d001,d001,mobilenet:2,cifar100,2,indep,indep,peers,2,200,64,0.1,0.9,0.0005,True,0,60,0.1,1.0,1,,disagreement,1.0,1,0.0,0.5,weight,complete,0.0,0.0,42,0,45000,5000,10000,6618952,42,0.1,0,16.15,0.29500000000000004,0.021999999999999992,0.273,0.317,0.3198,0.024799999999999933,0.2844,0.3106,0.678,0.41880816830991274,0.6716,0.4431320901905175,0.29500000000000004,mobilenet,0.273,0.2558,2.3630746956914663,2.3630746956914663,0.0,mobilenet,0.317,0.313,2.3426279036158864,2.3426279036158864,0.0,0.0,0.0,0.0,0.0,0.0
mobilenetx2_cifar100_K2_indep_seed0002_d001,d001,mobilenet:2,cifar100,2,indep,indep,peers,2,200,64,0.1,0.9,0.0005,True,0,60,0.1,1.0,1,,disagreement,1.0,1,0.0,0.5,weight,complete,0.0,0.0,42,0,45000,5000,10000,6618952,43,0.1,0,16.55,0.30505,0.014550000000000007,0.2905,0.3196,0.3434,0.038349999999999995,0.2922,0.3266,0.64,0.4366987422143058,0.6298,0.45230573780120775,0.30505,mobilenet,0.2905,0.2844,2.3596775604581293,2.3596775604581293,0.0,mobilenet,0.3196,0.3,2.3359520751982927,2.3359520751982927,0.0,0.0,0.0,0.0,0.0,0.0
mobilenetx2_cifar100_K2_indep_seed0002_d001,d001,mobilenet:2,cifar100,2,indep,indep,peers,2,200,64,0.1,0.9,0.0005,True,0,60,0.1,1.0,1,,disagreement,1.0,1,0.0,0.5,weight,complete,0.0,0.0,42,0,45000,5000,10000,6618952,44,0.1,0,16.54,0.28735,0.015350000000000003,0.272,0.3027,0.3333,0.04594999999999999,0.28969999999999996,0.3302,0.6878,0.4274410520733451,0.7021,0.40630767088159414,0.28735,mobilenet,0.3027,0.307,2.350970807231285,2.350970807231285,0.0,mobilenet,0.272,0.2724,2.3265260248021646,2.3265260248021646,0.0,0.0,0.0,0.0,0.0,0.0
mobilenetx2_cifar100_K2_indep_seed0002_d001,d001,mobilenet:2,cifar100,2,indep,indep,peers,2,200,64,0.1,0.9,0.0005,True,0,60,0.1,1.0,1,,disagreement,1.0,1,0.0,0.5,weight,complete,0.0,0.0,42,0,45000,5000,10000,6618952,45,0.1,0,16.67,0.2905,0.026999999999999996,0.2635,0.3175,0.3316,0.041100000000000025,0.2976,0.3336,0.6996,0.4210319171038139,0.6994,0.43711520506112894,0.2905,mobilenet,0.2635,0.2728,2.369500416923653,2.369500416923653,0.0,mobilenet,0.3175,0.3224,2.3395683631639588,2.3395683631639588,0.0,0.0,0.0,0.0,0.0,0.0
mobilenetx2_cifar100_K2_indep_seed0002_d001,d001,mobilenet:2,cifar100,2,indep,indep,peers,2,200,64,0.1,0.9,0.0005,True,0,60,0.1,1.0,1,,disagreement,1.0,1,0.0,0.5,weight,complete,0.0,0.0,42,0,45000,5000,10000,6618952,46,0.1,0,16.16,0.31405,0.01695000000000002,0.2971,0.331,0.3444,0.030349999999999988,0.30820000000000003,0.3402,0.6042,0.5118565628183763,0.6136,0.4932033978846187,0.31405,mobilenet,0.331,0.322,2.3686999278989704,2.3686999278989704,0.0,mobilenet,0.2971,0.2944,2.322090830823237,2.322090830823237,0.0,0.0,0.0,0.0,0.0,0.0
mobilenetx2_cifar100_K2_indep_seed0002_d001,d001,mobilenet:2,cifar100,2,indep,indep,peers,2,200,64,0.1,0.9,0.0005,True,0,60,0.1,1.0,1,,disagreement,1.0,1,0.0,0.5,weight,complete,0.0,0.0,42,0,45000,5000,10000,6618952,47,0.1,0,16.71,0.303,0.017100000000000004,0.2859,0.3201,0.3383,0.0353,0.2986,0.33,0.6448,0.4408275151573318,0.6385,0.4430143324136931,0.303,mobilenet,0.2859,0.2812,2.3559748232364655,2.3559748232364655,0.0,mobilenet,0.3201,0.316,2.3326684797013346,2.3326684797013346,0.0,0.0,0.0,0.0,0.0,0.0
mobilenetx2_cifar100_K2_indep_seed0002_d001,d001,mobilenet:2,cifar100,2,indep,indep,peers,2,200,64,0.1,0.9,0.0005,True,0,60,0.1,1.0,1,,disagreement,1.0,1,0.0,0.5,weight,complete,0.0,0.0,42,0,45000,5000,10000,6618952,48,0.1,0,16.1,0.2669,0.022700000000000012,0.2442,0.2896,0.325,0.058099999999999985,0.27349999999999997,0.325,0.7998,0.31505291805228786,0.8051,0.292923693102043,0.2669,mobilenet,0.2896,0.2968,2.352480688555674,2.352480688555674,0.0,mobilenet,0.2442,0.2502,2.330441279167479,2.330441279167479,0.0,0.0,0.0,0.0,0.0,0.0
mobilenetx2_cifar100_K2_indep_seed0002_d001,d001,mobilenet:2,cifar100,2,indep,indep,peers,2,200,64,0.1,0.9,0.0005,True,0,60,0.1,1.0,1,,disagreement,1.0,1,0.0,0.5,weight,complete,0.0,0.0,42,0,45000,5000,10000,6618952,49,0.1,0,16.17,0.3096,0.027100000000000013,0.2825,0.3367,0.3545,0.044899999999999995,0.3002,0.3414,0.6406,0.48087621288264515,0.6395,0.4750924892892732,0.3096,mobilenet,0.3367,0.3286,2.3565527502108705,2.3565527502108705,0.0,mobilenet,0.2825,0.2718,2.3326709148558704,2.3326709148558704,0.0,0.0,0.0,0.0,0.0,0.0
mobilenetx2_cifar100_K2_indep_seed0002_d001,d001,mobilenet:2,cifar100,2,indep,indep,peers,2,200,64,0.1,0.9,0.0005,True,0,60,0.1,1.0,1,,disagreement,1.0,1,0.0,0.5,weight,complete,0.0,0.0,42,0,45000,5000,10000,6618952,50,0.1,0,16.58,0.29305,0.003049999999999997,0.29,0.2961,0.3317,0.03865000000000002,0.2817,0.324,0.7214,0.4105337938773619,0.7157,0.4259104950930138,0.29305,mobilenet,0.29,0.2778,2.355726920406927,2.355726920406927,0.0,mobilenet,0.2961,0.2856,2.3292583376169205,2.3292583376169205,0.0,0.0,0.0,0.0,0.0,0.0
mobilenetx2_cifar100_K2_indep_seed0002_d001,d001,mobilenet:2,cifar100,2,indep,indep,peers,2,200,64,0.1,0.9,0.0005,True,0,60,0.1,1.0,1,,disagreement,1.0,1,0.0,0.5,weight,complete,0.0,0.0,42,0,45000,5000,10000,6618952,51,0.1,0,15.8,0.34025000000000005,0.021949999999999997,0.3183,0.3622,0.3804,0.040149999999999963,0.33209999999999995,0.37,0.626,0.48666701804578766,0.6224,0.469929551318923,0.34025000000000005,mobilenet,0.3183,0.3122,2.3496060251173647,2.3496060251173647,0.0,mobilenet,0.3622,0.352,2.31826426461339,2.31826426461339,0.0,0.0,0.0,0.0,0.0,0.0
mobilenetx2_cifar100_K2_indep_seed0002_d001,d001,mobilenet:2,cifar100,2,indep,indep,peers,2,200,64,0.1,0.9,0.0005,True,0,60,0.1,1.0,1,,disagreement,1.0,1,0.0,0.5,weight,complete,0.0,0.0,42,0,45000,5000,10000,6618952,52,0.1,0,15.24,0.3186,0.008699999999999986,0.3099,0.3273,0.3653,0.04670000000000002,0.3134,0.3612,0.7074,0.3695395552092327,0.7009,0.39479975987012633,0.3186,mobilenet,0.3273,0.323,2.3537663863125173,2.3537663863125173,0.0,mobilenet,0.3099,0.3038,2.3251607504419307,2.3251607504419307,0.0,0.0,0.0,0.0,0.0,0.0
mobilenetx2_cifar100_K2_indep_seed0002_d001,d001,mobilenet:2,cifar100,2,indep,indep,peers,2,200,64,0.1,0.9,0.0005,True,0,60,0.1,1.0,1,,disagreement,1.0,1,0.0,0.5,weight,complete,0.0,0.0,42,0,45000,5000,10000,6618952,53,0.1,0,15.61,0.2751,0.0189,0.2562,0.294,0.3086,0.033499999999999974,0.2694,0.3056,0.7108,0.4060165382028883,0.7092,0.4242593713125451,0.2751,mobilenet,0.294,0.29,2.3493171740661967,2.3493171740661967,0.0,mobilenet,0.2562,0.2488,2.3271256747909566,2.3271256747909566,0.0,0.0,0.0,0.0,0.0,0.0
mobilenetx2_cifar100_K2_indep_seed0002_d001,d001,mobilenet:2,cifar100,2,indep,indep,peers,2,200,64,0.1,0.9,0.0005,True,0,60,0.1,1.0,1,,disagreement,1.0,1,0.0,0.5,weight,complete,0.0,0.0,42,0,45000,5000,10000,6618952,54,0.1,0,14.09,0.31085,0.0035499999999999976,0.3073,0.3144,0.3517,0.04085,0.3127,0.354,0.6742,0.43079279400682025,0.673,0.42475517572752985,0.31085,mobilenet,0.3073,0.3024,2.3506439707495947,2.3506439707495947,0.0,mobilenet,0.3144,0.323,2.325343698601831,2.325343698601831,0.0,0.0,0.0,0.0,0.0,0.0
mobilenetx2_cifar100_K2_indep_seed0002_d001,d001,mobilenet:2,cifar100,2,indep,indep,peers,2,200,64,0.1,0.9,0.0005,True,0,60,0.1,1.0,1,,disagreement,1.0,1,0.0,0.5,weight,complete,0.0,0.0,42,0,45000,5000,10000,6618952,55,0.1,0,14.67,0.28669999999999995,0.010300000000000004,0.2764,0.297,0.3248,0.03810000000000002,0.2816,0.3162,0.6876,0.44224367125588376,0.6881,0.4277430480314694,0.28669999999999995,mobilenet,0.297,0.2916,2.3446242319927975,2.3446242319927975,0.0,mobilenet,0.2764,0.2716,2.3262262427332727,2.3262262427332727,0.0,0.0,0.0,0.0,0.0,0.0
mobilenetx2_cifar100_K2_indep_seed0002_d001,d001,mobilenet:2,cifar100,2,indep,indep,peers,2,200,64,0.1,0.9,0.0005,True,0,60,0.1,1.0,1,,disagreement,1.0,1,0.0,0.5,weight,complete,0.0,0.0,42,0,45000,5000,10000,6618952,56,0.1,0,14.94,0.3043,0.009000000000000008,0.2953,0.3133,0.3402,0.03589999999999999,0.309,0.3374,0.6524,0.46746655010258964,0.6529,0.46260201172413234,0.3043,mobilenet,0.3133,0.3166,2.3397720659321006,2.3397720659321006,0.0,mobilenet,0.2953,0.3014,2.3249757164581255,2.3249757164581255,0.0,0.0,0.0,0.0,0.0,0.0
mobilenetx2_cifar100_K2_indep_seed0002_d001,d001,mobilenet:2,cifar100,2,indep,indep,peers,2,200,64,0.1,0.9,0.0005,True,0,60,0.1,1.0,1,,disagreement,1.0,1,0.0,0.5,weight,complete,0.0,0.0,42,0,45000,5000,10000,6618952,57,0.1,0,15.33,0.3056,0.0179,0.2877,0.3235,0.3537,0.04810000000000003,0.29969999999999997,0.3438,0.674,0.4335326170246636,0.6751,0.4392847633214012,0.3056,mobilenet,0.3235,0.3222,2.346693715080619,2.346693715080619,0.0,mobilenet,0.2877,0.2772,2.3153009096329864,2.3153009096329864,0.0,0.0,0.0,0.0,0.0,0.0
mobilenetx2_cifar100_K2_indep_seed0002_d001,d001,mobilenet:2,cifar100,2,indep,indep,peers,2,200,64,0.1,0.9,0.0005,True,0,60,0.1,1.0,1,,disagreement,1.0,1,0.0,0.5,weight,complete,0.0,0.0,42,0,45000,5000,10000,6618952,58,0.1,0,15.24,0.31479999999999997,0.0023999999999999855,0.3124,0.3172,0.3537,0.038900000000000046,0.3015,0.3286,0.655,0.45730006310371724,0.6523,0.4534526065876266,0.31479999999999997,mobilenet,0.3172,0.3038,2.3593152282251553,2.3593152282251553,0.0,mobilenet,0.3124,0.2992,2.3288367676802655,2.3288367676802655,0.0,0.0,0.0,0.0,0.0,0.0
mobilenetx2_cifar100_K2_indep_seed0002_d001,d001,mobilenet:2,cifar100,2,indep,indep,peers,2,200,64,0.1,0.9,0.0005,True,0,60,0.1,1.0,1,,disagreement,1.0,1,0.0,0.5,weight,complete,0.0,0.0,42,0,45000,5000,10000,6618952,59,0.1,0,14.96,0.31045,0.028849999999999987,0.2816,0.3393,0.3539,0.04344999999999999,0.3083,0.3458,0.6448,0.45340363179739557,0.6636,0.43272947049901356,0.31045,mobilenet,0.2816,0.2774,2.3504077573730187,2.3504077573730187,0.0,mobilenet,0.3393,0.3392,2.3233850606801836,2.3233850606801836,0.0,0.0,0.0,0.0,0.0,0.0
mobilenetx2_cifar100_K2_indep_seed0002_d001,d001,mobilenet:2,cifar100,2,indep,indep,peers,2,200,64,0.1,0.9,0.0005,True,0,60,0.1,1.0,1,,disagreement,1.0,1,0.0,0.5,weight,complete,0.0,0.0,42,0,45000,5000,10000,6618952,60,0.010000000000000002,0,14.0,0.5285,0.0041999999999999815,0.5243,0.5327,0.552,0.023500000000000076,0.5191,0.547,0.3532,0.6612566071250617,0.3511,0.6594108171182412,0.5285,mobilenet,0.5243,0.51,1.8647605597295545,1.8647605597295545,0.0,mobilenet,0.5327,0.5282,1.841672763567079,1.841672763567079,0.0,0.0,0.0,0.0,0.0,0.0
mobilenetx2_cifar100_K2_indep_seed0002_d001,d001,mobilenet:2,cifar100,2,indep,indep,peers,2,200,64,0.1,0.9,0.0005,True,0,60,0.1,1.0,1,,disagreement,1.0,1,0.0,0.5,weight,complete,0.0,0.0,42,0,45000,5000,10000,6618952,61,0.010000000000000002,0,14.08,0.54555,0.003049999999999997,0.5425,0.5486,0.5646,0.01905000000000001,0.5401,0.5644,0.3504,0.6461255196787443,0.3414,0.6618559211549991,0.54555,mobilenet,0.5425,0.5406,1.6832052269442515,1.6832052269442515,0.0,mobilenet,0.5486,0.5396,1.6762472333555871,1.6762472333555871,0.0,0.0,0.0,0.0,0.0,0.0
mobilenetx2_cifar100_K2_indep_seed0002_d001,d001,mobilenet:2,cifar100,2,indep,indep,peers,2,200,64,0.1,0.9,0.0005,True,0,60,0.1,1.0,1,,disagreement,1.0,1,0.0,0.5,weight,complete,0.0,0.0,42,0,45000,5000,10000,6618952,62,0.010000000000000002,0,14.54,0.5506,0.0010999999999999899,0.5495,0.5517,0.573,0.022399999999999975,0.5457,0.5694,0.3412,0.6519161335824323,0.3385,0.6641687252515984,0.5506,mobilenet,0.5517,0.5476,1.6229344064539128,1.6229344064539128,0.0,mobilenet,0.5495,0.5438,1.6026013049889694,1.6026013049889694,0.0,0.0,0.0,0.0,0.0,0.0
mobilenetx2_cifar100_K2_indep_seed0002_d001,d001,mobilenet:2,cifar100,2,indep,indep,peers,2,200,64,0.1,0.9,0.0005,True,0,60,0.1,1.0,1,,disagreement,1.0,1,0.0,0.5,weight,complete,0.0,0.0,42,0,45000,5000,10000,6618952,63,0.010000000000000002,0,15.11,0.5578,0.0030999999999999917,0.5547,0.5609,0.5793,0.021500000000000075,0.5511999999999999,0.5738,0.3488,0.6361861915078657,0.3464,0.6457296926130475,0.5578,mobilenet,0.5609,0.5508,1.587942816655744,1.587942816655744,0.0,mobilenet,0.5547,0.5516,1.5743645245040006,1.5743645245040006,0.0,0.0,0.0,0.0,0.0,0.0
mobilenetx2_cifar100_K2_indep_seed0002_d001,d001,mobilenet:2,cifar100,2,indep,indep,peers,2,200,64,0.1,0.9,0.0005,True,0,60,0.1,1.0,1,,disagreement,1.0,1,0.0,0.5,weight,complete,0.0,0.0,42,0,45000,5000,10000,6618952,64,0.010000000000000002,0,15.32,0.55345,0.00034999999999996145,0.5531,0.5538,0.5786,0.025150000000000006,0.5444,0.5684,0.3508,0.6341518964254351,0.351,0.6518219740862312,0.55345,mobilenet,0.5531,0.5384,1.5529533054002307,1.5529533054002307,0.0,mobilenet,0.5538,0.5504,1.5480612735687331,1.5480612735687331,0.0,0.0,0.0,0.0,0.0,0.0
mobilenetx2_cifar100_K2_indep_seed0002_d001,d001,mobilenet:2,cifar100,2,indep,indep,peers,2,200,64,0.1,0.9,0.0005,True,0,60,0.1,1.0,1,,disagreement,1.0,1,0.0,0.5,weight,complete,0.0,0.0,42,0,45000,5000,10000,6618952,65,0.010000000000000002,0,14.13,0.5574,0.0018000000000000238,0.5556,0.5592,0.5802,0.022800000000000042,0.5491,0.5712,0.343,0.6441927889693511,0.3423,0.6546705606618701,0.5574,mobilenet,0.5592,0.5472,1.5267785790969024,1.5267785790969024,0.0,mobilenet,0.5556,0.551,1.5177937539463693,1.5177937539463693,0.0,0.0,0.0,0.0,0.0,0.0
mobilenetx2_cifar100_K2_indep_seed0002_d001,d001,mobilenet:2,cifar100,2,indep,indep,peers,2,200,64,0.1,0.9,0.0005,True,0,60,0.1,1.0,1,,disagreement,1.0,1,0.0,0.5,weight,complete,0.0,0.0,42,0,45000,5000,10000,6618952,66,0.010000000000000002,0,15.26,0.5681499999999999,0.0033500000000000196,0.5648,0.5715,0.592,0.023850000000000038,0.5614,0.5812,0.3438,0.6482988043792075,0.3356,0.6513990377825511,0.5681499999999999,mobilenet,0.5715,0.562,1.50633036844771,1.50633036844771,0.0,mobilenet,0.5648,0.5608,1.5009926054626703,1.5009926054626703,0.0,0.0,0.0,0.0,0.0,0.0
mobilenetx2_cifar100_K2_indep_seed0002_d001,d001,mobilenet:2,cifar100,2,indep,indep,peers,2,200,64,0.1,0.9,0.0005,True,0,60,0.1,1.0,1,,disagreement,1.0,1,0.0,0.5,weight,complete,0.0,0.0,42,0,45000,5000,10000,6618952,67,0.010000000000000002,0,14.44,0.5600499999999999,0.005549999999999999,0.5545,0.5656,0.5844,0.024350000000000094,0.5576,0.5844,0.3414,0.63437418824374,0.3484,0.6396059960953633,0.5600499999999999,mobilenet,0.5545,0.5556,1.491574060087177,1.491574060087177,0.0,mobilenet,0.5656,0.5596,1.489062843674963,1.489062843674963,0.0,0.0,0.0,0.0,0.0,0.0
mobilenetx2_cifar100_K2_indep_seed0002_d001,d001,mobilenet:2,cifar100,2,indep,indep,peers,2,200,64,0.1,0.9,0.0005,True,0,60,0.1,1.0,1,,disagreement,1.0,1,0.0,0.5,weight,complete,0.0,0.0,42,0,45000,5000,10000,6618952,68,0.010000000000000002,0,14.22,0.5564,0.0029000000000000137,0.5535,0.5593,0.5833,0.026900000000000035,0.5559000000000001,0.5834,0.3636,0.6253981822885386,0.3623,0.6240719262647711,0.5564,mobilenet,0.5535,0.5524,1.4767491002143784,1.4767491002143784,0.0,mobilenet,0.5593,0.5594,1.4674132629721002,1.4674132629721002,0.0,0.0,0.0,0.0,0.0,0.0
mobilenetx2_cifar100_K2_indep_seed0002_d001,d001,mobilenet:2,cifar100,2,indep,indep,peers,2,200,64,0.1,0.9,0.0005,True,0,60,0.1,1.0,1,,disagreement,1.0,1,0.0,0.5,weight,complete,0.0,0.0,42,0,45000,5000,10000,6618952,69,0.010000000000000002,0,15.27,0.5571999999999999,0.0016999999999999793,0.5555,0.5589,0.5862,0.029000000000000137,0.5536,0.5808,0.3764,0.6156340431079396,0.3647,0.6238967650984653,0.5571999999999999,mobilenet,0.5555,0.5508,1.4692688478495588,1.4692688478495588,0.0,mobilenet,0.5589,0.5564,1.467559052631259,1.467559052631259,0.0,0.0,0.0,0.0,0.0,0.0
mobilenetx2_cifar100_K2_indep_seed0002_d001,d001,mobilenet:2,cifar100,2,indep,indep,peers,2,200,64,0.1,0.9,0.0005,True,0,60,0.1,1.0,1,,disagreement,1.0,1,0.0,0.5,weight,complete,0.0,0.0,42,0,45000,5000,10000,6618952,70,0.010000000000000002,0,14.84,0.56585,0.0042500000000000315,0.5616,0.5701,0.5984,0.03255000000000008,0.5619000000000001,0.5882,0.3674,0.6080400924083228,0.3676,0.6103596361177857,0.56585,mobilenet,0.5701,0.5646,1.4607915045185522,1.4607915045185522,0.0,mobilenet,0.5616,0.5592,1.4578262963755564,1.4578262963755564,0.0,0.0,0.0,0.0,0.0,0.0
mobilenetx2_cifar100_K2_indep_seed0002_d001,d001,mobilenet:2,cifar100,2,indep,indep,peers,2,200,64,0.1,0.9,0.0005,True,0,60,0.1,1.0,1,,disagreement,1.0,1,0.0,0.5,weight,complete,0.0,0.0,42,0,45000,5000,10000,6618952,71,0.010000000000000002,0,14.09,0.55145,0.008650000000000047,0.5428,0.5601,0.578,0.026549999999999963,0.552,0.5776,0.373,0.6114561016680921,0.3751,0.6105624127412969,0.55145,mobilenet,0.5601,0.5604,1.450436601584608,1.450436601584608,0.0,mobilenet,0.5428,0.5436,1.4426216373897411,1.4426216373897411,0.0,0.0,0.0,0.0,0.0,0.0
mobilenetx2_cifar100_K2_indep_seed0002_d001,d001,mobilenet:2,cifar100,2,indep,indep,peers,2,200,64,0.1,0.9,0.0005,True,0,60,0.1,1.0,1,,disagreement,1.0,1,0.0,0.5,weight,complete,0.0,0.0,42,0,45000,5000,10000,6618952,72,0.010000000000000002,0,14.01,0.5566,0.0037000000000000366,0.5529,0.5603,0.586,0.02939999999999998,0.5541,0.5886,0.3736,0.6136599691316431,0.3606,0.624883028092594,0.5566,mobilenet,0.5529,0.5488,1.4477986689148978,1.4477986689148978,0.0,mobilenet,0.5603,0.5594,1.4469458713111552,1.4469458713111552,0.0,0.0,0.0,0.0,0.0,0.0
mobilenetx2_cifar100_K2_indep_seed0002_d001,d001,mobilenet:2,cifar100,2,indep,indep,peers,2,200,64,0.1,0.9,0.0005,True,0,60,0.1,1.0,1,,disagreement,1.0,1,0.0,0.5,weight,complete,0.0,0.0,42,0,45000,5000,10000,6618952,73,0.010000000000000002,0,14.21,0.56555,0.003349999999999964,0.5622,0.5689,0.5943,0.028750000000000053,0.5581,0.5926,0.3654,0.6322396829164368,0.3564,0.6229941557706713,0.56555,mobilenet,0.5689,0.5572,1.4432604610073296,1.4432604610073296,0.0,mobilenet,0.5622,0.559,1.4409755050120028,1.4409755050120028,0.0,0.0,0.0,0.0,0.0,0.0
mobilenetx2_cifar100_K2_indep_seed0002_d001,d001,mobilenet:2,cifar100,2,indep,indep,peers,2,200,64,0.1,0.9,0.0005,True,0,60,0.1,1.0,1,,disagreement,1.0,1,0.0,0.5,weight,complete,0.0,0.0,42,0,45000,5000,10000,6618952,74,0.010000000000000002,0,14.55,0.56265,0.0018500000000000183,0.5608,0.5645,0.5957,0.033050000000000024,0.5656,0.5938,0.369,0.6077419830710875,0.3628,0.627981842780751,0.56265,mobilenet,0.5645,0.5618,1.4388064076616005,1.4388064076616005,0.0,mobilenet,0.5608,0.5694,1.435402605259283,1.435402605259283,0.0,0.0,0.0,0.0,0.0,0.0
mobilenetx2_cifar100_K2_indep_seed0002_d001,d001,mobilenet:2,cifar100,2,indep,indep,peers,2,200,64,0.1,0.9,0.0005,True,0,60,0.1,1.0,1,,disagreement,1.0,1,0.0,0.5,weight,complete,0.0,0.0,42,0,45000,5000,10000,6618952,75,0.010000000000000002,0,15.46,0.5537,0.0049000000000000155,0.5488,0.5586,0.5838,0.030100000000000016,0.5471999999999999,0.5794,0.3962,0.5698397504109509,0.3856,0.6035827836747785,0.5537,mobilenet,0.5586,0.5506,1.4306793416088277,1.4306793416088277,0.0,mobilenet,0.5488,0.5438,1.4368532541292636,1.4368532541292636,0.0,0.0,0.0,0.0,0.0,0.0
mobilenetx2_cifar100_K2_indep_seed0002_d001,d001,mobilenet:2,cifar100,2,indep,indep,peers,2,200,64,0.1,0.9,0.0005,True,0,60,0.1,1.0,1,,disagreement,1.0,1,0.0,0.5,weight,complete,0.0,0.0,42,0,45000,5000,10000,6618952,76,0.010000000000000002,0,15.16,0.5471,0.0030999999999999917,0.544,0.5502,0.5787,0.03159999999999996,0.5456,0.5794,0.3948,0.5934441504988364,0.3944,0.5900235431554249,0.5471,mobilenet,0.544,0.5436,1.4270712351426482,1.4270712351426482,0.0,mobilenet,0.5502,0.5476,1.4250323302535848,1.4250323302535848,0.0,0.0,0.0,0.0,0.0,0.0
mobilenetx2_cifar100_K2_indep_seed0002_d001,d001,mobilenet:2,cifar100,2,indep,indep,peers,2,200,64,0.1,0.9,0.0005,True,0,60,0.1,1.0,1,,disagreement,1.0,1,0.0,0.5,weight,complete,0.0,0.0,42,0,45000,5000,10000,6618952,77,0.010000000000000002,0,14.35,0.56255,0.0010499999999999954,0.5615,0.5636,0.597,0.03444999999999998,0.56,0.5974,0.3908,0.5920052817508514,0.3869,0.5962890427329327,0.56255,mobilenet,0.5636,0.5534,1.4170524731955745,1.4170524731955745,0.0,mobilenet,0.5615,0.5666,1.424832284196534,1.424832284196534,0.0,0.0,0.0,0.0,0.0,0.0
mobilenetx2_cifar100_K2_indep_seed0002_d001,d001,mobilenet:2,cifar100,2,indep,indep,peers,2,200,64,0.1,0.9,0.0005,True,0,60,0.1,1.0,1,,disagreement,1.0,1,0.0,0.5,weight,complete,0.0,0.0,42,0,45000,5000,10000,6618952,78,0.010000000000000002,0,15.35,0.56525,0.002950000000000008,0.5623,0.5682,0.5944,0.02915000000000001,0.5609,0.5932,0.386,0.5895291465838914,0.3828,0.6087944074373559,0.56525,mobilenet,0.5682,0.5626,1.4274336651644923,1.4274336651644923,0.0,mobilenet,0.5623,0.5592,1.4298695615408095,1.4298695615408095,0.0,0.0,0.0,0.0,0.0,0.0
mobilenetx2_cifar100_K2_indep_seed0002_d001,d001,mobilenet:2,cifar100,2,indep,indep,peers,2,200,64,0.1,0.9,0.0005,True,0,60,0.1,1.0,1,,disagreement,1.0,1,0.0,0.5,weight,complete,0.0,0.0,42,0,45000,5000,10000,6618952,79,0.010000000000000002,0,14.04,0.5462499999999999,0.011550000000000005,0.5347,0.5578,0.5833,0.03705000000000014,0.5394000000000001,0.5758,0.4256,0.5521484044261347,0.4221,0.5657249337192582,0.5462499999999999,mobilenet,0.5578,0.554,1.4163349774581464,1.4163349774581464,0.0,mobilenet,0.5347,0.5248,1.4262524462220343,1.4262524462220343,0.0,0.0,0.0,0.0,0.0,0.0
mobilenetx2_cifar100_K2_indep_seed0002_d001,d001,mobilenet:2,cifar100,2,indep,indep,peers,2,200,64,0.1,0.9,0.0005,True,0,60,0.1,1.0,1,,disagreement,1.0,1,0.0,0.5,weight,complete,0.0,0.0,42,0,45000,5000,10000,6618952,80,0.010000000000000002,0,14.09,0.55505,0.009350000000000025,0.5457,0.5644,0.5836,0.028549999999999964,0.55,0.5864,0.386,0.6028630127399622,0.3879,0.5946490698655521,0.55505,mobilenet,0.5644,0.5582,1.4147596442225305,1.4147596442225305,0.0,mobilenet,0.5457,0.5418,1.4199741730805149,1.4199741730805149,0.0,0.0,0.0,0.0,0.0,0.0
mobilenetx2_cifar100_K2_indep_seed0002_d001,d001,mobilenet:2,cifar100,2,indep,indep,peers,2,200,64,0.1,0.9,0.0005,True,0,60,0.1,1.0,1,,disagreement,1.0,1,0.0,0.5,weight,complete,0.0,0.0,42,0,45000,5000,10000,6618952,81,0.010000000000000002,0,14.13,0.5361499999999999,0.016749999999999987,0.5194,0.5529,0.5751,0.03895000000000004,0.5391,0.5702,0.4234,0.5525034753777734,0.4253,0.5701217023776027,0.5361499999999999,mobilenet,0.5529,0.5532,1.4080021214586766,1.4080021214586766,0.0,mobilenet,0.5194,0.525,1.4213248743590983,1.4213248743590983,0.0,0.0,0.0,0.0,0.0,0.0
mobilenetx2_cifar100_K2_indep_seed0002_d001,d001,mobilenet:2,cifar100,2,indep,indep,peers,2,200,64,0.1,0.9,0.0005,True,0,60,0.1,1.0,1,,disagreement,1.0,1,0.0,0.5,weight,complete,0.0,0.0,42,0,45000,5000,10000,6618952,82,0.010000000000000002,0,14.71,0.5511,0.0020999999999999908,0.549,0.5532,0.5837,0.03259999999999996,0.546,0.5788,0.3974,0.5828758323531212,0.3971,0.585296672690812,0.5511,mobilenet,0.5532,0.545,1.418414139781486,1.418414139781486,0.0,mobilenet,0.549,0.547,1.421555183827877,1.421555183827877,0.0,0.0,0.0,0.0,0.0,0.0
mobilenetx2_cifar100_K2_indep_seed0002_d001,d001,mobilenet:2,cifar100,2,indep,indep,peers,2,200,64,0.1,0.9,0.0005,True,0,60,0.1,1.0,1,,disagreement,1.0,1,0.0,0.5,weight,complete,0.0,0.0,42,0,45000,5000,10000,6618952,83,0.010000000000000002,0,15.26,0.55525,0.007749999999999979,0.5475,0.563,0.5895,0.03425,0.5538000000000001,0.5948,0.407,0.5645749094883973,0.4007,0.5766125400920488,0.55525,mobilenet,0.563,0.5554,1.4034474509006196,1.4034474509006196,0.0,mobilenet,0.5475,0.5522,1.4122839626771482,1.4122839626771482,0.0,0.0,0.0,0.0,0.0,0.0
mobilenetx2_cifar100_K2_indep_seed0002_d001,d001,mobilenet:2,cifar100,2,indep,indep,peers,2,200,64,0.1,0.9,0.0005,True,0,60,0.1,1.0,1,,disagreement,1.0,1,0.0,0.5,weight,complete,0.0,0.0,42,0,45000,5000,10000,6618952,84,0.010000000000000002,0,15.55,0.54725,0.0035499999999999976,0.5437,0.5508,0.5821,0.03484999999999994,0.5445,0.579,0.4028,0.5739535184947826,0.4005,0.5781125171779103,0.54725,mobilenet,0.5437,0.54,1.3983171075921168,1.3983171075921168,0.0,mobilenet,0.5508,0.549,1.4015082788061013,1.4015082788061013,0.0,0.0,0.0,0.0,0.0,0.0
mobilenetx2_cifar100_K2_indep_seed0002_d001,d001,mobilenet:2,cifar100,2,indep,indep,peers,2,200,64,0.1,0.9,0.0005,True,0,60,0.1,1.0,1,,disagreement,1.0,1,0.0,0.5,weight,complete,0.0,0.0,42,0,45000,5000,10000,6618952,85,0.010000000000000002,0,15.6,0.552,0.00830000000000003,0.5437,0.5603,0.587,0.03499999999999992,0.5459,0.5834,0.4046,0.5683767482002293,0.3943,0.5786815290711329,0.552,mobilenet,0.5437,0.5378,1.3944155007431454,1.3944155007431454,0.0,mobilenet,0.5603,0.554,1.4147305206649683,1.4147305206649683,0.0,0.0,0.0,0.0,0.0,0.0
mobilenetx2_cifar100_K2_indep_seed0002_d001,d001,mobilenet:2,cifar100,2,indep,indep,peers,2,200,64,0.1,0.9,0.0005,True,0,60,0.1,1.0,1,,disagreement,1.0,1,0.0,0.5,weight,complete,0.0,0.0,42,0,45000,5000,10000,6618952,86,0.010000000000000002,0,14.58,0.565,0.005300000000000027,0.5597,0.5703,0.5982,0.03320000000000001,0.5671999999999999,0.5978,0.3868,0.5959164269190613,0.3791,0.5977843928349432,0.565,mobilenet,0.5597,0.5514,1.3929641570218585,1.3929641570218585,0.0,mobilenet,0.5703,0.583,1.4064928770742633,1.4064928770742633,0.0,0.0,0.0,0.0,0.0,0.0
mobilenetx2_cifar100_K2_indep_seed0002_d001,d001,mobilenet:2,cifar100,2,indep,indep,peers,2,200,64,0.1,0.9,0.0005,True,0,60,0.1,1.0,1,,disagreement,1.0,1,0.0,0.5,weight,complete,0.0,0.0,42,0,45000,5000,10000,6618952,87,0.010000000000000002,0,14.31,0.5545,0.007599999999999996,0.5469,0.5621,0.5909,0.03639999999999999,0.5533,0.5852,0.4046,0.5812466375726618,0.4047,0.5753215549194544,0.5545,mobilenet,0.5621,0.5524,1.3824219940738245,1.3824219940738245,0.0,mobilenet,0.5469,0.5542,1.3989993376149372,1.3989993376149372,0.0,0.0,0.0,0.0,0.0,0.0
mobilenetx2_cifar100_K2_indep_seed0002_d001,d001,mobilenet:2,cifar100,2,indep,indep,peers,2,200,64,0.1,0.9,0.0005,True,0,60,0.1,1.0,1,,disagreement,1.0,1,0.0,0.5,weight,complete,0.0,0.0,42,0,45000,5000,10000,6618952,88,0.010000000000000002,0,14.5,0.54755,0.01715,0.5304,0.5647,0.5903,0.042750000000000066,0.5472999999999999,0.5842,0.4124,0.5576055056501916,0.4221,0.5624935390236143,0.54755,mobilenet,0.5304,0.5296,1.3781379068439656,1.3781379068439656,0.0,mobilenet,0.5647,0.565,1.3981523672118783,1.3981523672118783,0.0,0.0,0.0,0.0,0.0,0.0
mobilenetx2_cifar100_K2_indep_seed0002_d001,d001,mobilenet:2,cifar100,2,indep,indep,peers,2,200,64,0.1,0.9,0.0005,True,0,60,0.1,1.0,1,,disagreement,1.0,1,0.0,0.5,weight,complete,0.0,0.0,42,0,45000,5000,10000,6618952,89,0.010000000000000002,0,15.24,0.55465,0.00275000000000003,0.5519,0.5574,0.5855,0.030850000000000044,0.5497000000000001,0.5848,0.4156,0.5494364089815552,0.393,0.5958201792302675,0.55465,mobilenet,0.5519,0.5392,1.3749104082076387,1.3749104082076387,0.0,mobilenet,0.5574,0.5602,1.3879777251488783,1.3879777251488783,0.0,0.0,0.0,0.0,0.0,0.0
mobilenetx2_cifar100_K2_indep_seed0002_d001,d001,mobilenet:2,cifar100,2,indep,indep,peers,2,200,64,0.1,0.9,0.0005,True,0,60,0.1,1.0,1,,disagreement,1.0,1,0.0,0.5,weight,complete,0.0,0.0,42,0,45000,5000,10000,6618952,90,0.010000000000000002,0,15.26,0.54555,0.00545000000000001,0.5401,0.551,0.5771,0.03154999999999997,0.5392,0.5792,0.419,0.5473211082360243,0.4186,0.559127458118819,0.54555,mobilenet,0.5401,0.5302,1.3754279673607512,1.3754279673607512,0.0,mobilenet,0.551,0.5482,1.3831721553578973,1.3831721553578973,0.0,0.0,0.0,0.0,0.0,0.0
mobilenetx2_cifar100_K2_indep_seed0002_d001,d001,mobilenet:2,cifar100,2,indep,indep,peers,2,200,64,0.1,0.9,0.0005,True,0,60,0.1,1.0,1,,disagreement,1.0,1,0.0,0.5,weight,complete,0.0,0.0,42,0,45000,5000,10000,6618952,91,0.010000000000000002,0,15.15,0.5555,0.0043999999999999595,0.5511,0.5599,0.5937,0.03820000000000001,0.5612,0.5912,0.3912,0.5788026188554098,0.4103,0.5679998495640423,0.5555,mobilenet,0.5599,0.5682,1.3684262441979214,1.3684262441979214,0.0,mobilenet,0.5511,0.5542,1.3802919425916942,1.3802919425916942,0.0,0.0,0.0,0.0,0.0,0.0
mobilenetx2_cifar100_K2_indep_seed0002_d001,d001,mobilenet:2,cifar100,2,indep,indep,peers,2,200,64,0.1,0.9,0.0005,True,0,60,0.1,1.0,1,,disagreement,1.0,1,0.0,0.5,weight,complete,0.0,0.0,42,0,45000,5000,10000,6618952,92,0.010000000000000002,0,15.31,0.5536,0.006199999999999983,0.5474,0.5598,0.5897,0.03610000000000002,0.5534,0.5906,0.4016,0.5808352310484786,0.4024,0.5725314392825903,0.5536,mobilenet,0.5598,0.555,1.358532489700751,1.358532489700751,0.0,mobilenet,0.5474,0.5518,1.3759167450056835,1.3759167450056835,0.0,0.0,0.0,0.0,0.0,0.0
mobilenetx2_cifar100_K2_indep_seed0002_d001,d001,mobilenet:2,cifar100,2,indep,indep,peers,2,200,64,0.1,0.9,0.0005,True,0,60,0.1,1.0,1,,disagreement,1.0,1,0.0,0.5,weight,complete,0.0,0.0,42,0,45000,5000,10000,6618952,93,0.010000000000000002,0,14.73,0.55675,0.012950000000000017,0.5438,0.5697,0.5924,0.03565000000000007,0.5468999999999999,0.5896,0.4142,0.5458644326435256,0.4095,0.57215300857376,0.55675,mobilenet,0.5697,0.5572,1.3620950059795922,1.3620950059795922,0.0,mobilenet,0.5438,0.5366,1.3693413653156974,1.3693413653156974,0.0,0.0,0.0,0.0,0.0,0.0
mobilenetx2_cifar100_K2_indep_seed0002_d001,d001,mobilenet:2,cifar100,2,indep,indep,peers,2,200,64,0.1,0.9,0.0005,True,0,60,0.1,1.0,1,,disagreement,1.0,1,0.0,0.5,weight,complete,0.0,0.0,42,0,45000,5000,10000,6618952,94,0.010000000000000002,0,15.2,0.5619,0.0,0.5619,0.5619,0.5976,0.035700000000000065,0.5566,0.596,0.4184,0.5381716728174611,0.4004,0.5734627016896858,0.5619,mobilenet,0.5619,0.5528,1.35550726137378,1.35550726137378,0.0,mobilenet,0.5619,0.5604,1.3763973143121058,1.3763973143121058,0.0,0.0,0.0,0.0,0.0,0.0
mobilenetx2_cifar100_K2_indep_seed0002_d001,d001,mobilenet:2,cifar100,2,indep,indep,peers,2,200,64,0.1,0.9,0.0005,True,0,60,0.1,1.0,1,,disagreement,1.0,1,0.0,0.5,weight,complete,0.0,0.0,42,0,45000,5000,10000,6618952,95,0.010000000000000002,0,14.81,0.55725,0.008450000000000013,0.5488,0.5657,0.5894,0.03215000000000001,0.5599000000000001,0.595,0.3876,0.584876020438512,0.3948,0.5900845288007617,0.55725,mobilenet,0.5657,0.5576,1.357176292518323,1.357176292518323,0.0,mobilenet,0.5488,0.5622,1.3717438855462454,1.3717438855462454,0.0,0.0,0.0,0.0,0.0,0.0
mobilenetx2_cifar100_K2_indep_seed0002_d001,d001,mobilenet:2,cifar100,2,indep,indep,peers,2,200,64,0.1,0.9,0.0005,True,0,60,0.1,1.0,1,,disagreement,1.0,1,0.0,0.5,weight,complete,0.0,0.0,42,0,45000,5000,10000,6618952,96,0.010000000000000002,0,15.0,0.5520499999999999,0.012949999999999962,0.5391,0.565,0.5906,0.038550000000000084,0.5592999999999999,0.5968,0.4244,0.5288803297865147,0.4273,0.5487569577950472,0.5520499999999999,mobilenet,0.565,0.57,1.3454681242054158,1.3454681242054158,0.0,mobilenet,0.5391,0.5486,1.3679682718251238,1.3679682718251238,0.0,0.0,0.0,0.0,0.0,0.0
mobilenetx2_cifar100_K2_indep_seed0002_d001,d001,mobilenet:2,cifar100,2,indep,indep,peers,2,200,64,0.1,0.9,0.0005,True,0,60,0.1,1.0,1,,disagreement,1.0,1,0.0,0.5,weight,complete,0.0,0.0,42,0,45000,5000,10000,6618952,97,0.010000000000000002,0,15.07,0.5502499999999999,0.011450000000000016,0.5388,0.5617,0.5841,0.03385000000000005,0.543,0.5806,0.4106,0.5700239988272336,0.3962,0.5824183934560035,0.5502499999999999,mobilenet,0.5617,0.551,1.348376703109931,1.348376703109931,0.0,mobilenet,0.5388,0.535,1.3670028710568494,1.3670028710568494,0.0,0.0,0.0,0.0,0.0,0.0
mobilenetx2_cifar100_K2_indep_seed0002_d001,d001,mobilenet:2,cifar100,2,indep,indep,peers,2,200,64,0.1,0.9,0.0005,True,0,60,0.1,1.0,1,,disagreement,1.0,1,0.0,0.5,weight,complete,0.0,0.0,42,0,45000,5000,10000,6618952,98,0.010000000000000002,0,14.47,0.55385,0.012149999999999994,0.5417,0.566,0.591,0.037150000000000016,0.5527,0.5974,0.4202,0.5439573049375171,0.4148,0.5636700304535126,0.55385,mobilenet,0.5417,0.5338,1.3393381492827425,1.3393381492827425,0.0,mobilenet,0.566,0.5716,1.3604754283177583,1.3604754283177583,0.0,0.0,0.0,0.0,0.0,0.0
mobilenetx2_cifar100_K2_indep_seed0002_d001,d001,mobilenet:2,cifar100,2,indep,indep,peers,2,200,64,0.1,0.9,0.0005,True,0,60,0.1,1.0,1,,disagreement,1.0,1,0.0,0.5,weight,complete,0.0,0.0,42,0,45000,5000,10000,6618952,99,0.010000000000000002,0,14.69,0.558,0.005200000000000038,0.5528,0.5632,0.5966,0.03859999999999997,0.5585,0.5986,0.4146,0.5476454248958027,0.4078,0.5683632066169032,0.558,mobilenet,0.5528,0.5484,1.3432169603183866,1.3432169603183866,0.0,mobilenet,0.5632,0.5686,1.3563943629745732,1.3563943629745732,0.0,0.0,0.0,0.0,0.0,0.0
mobilenetx2_cifar100_K2_indep_seed0002_d001,d001,mobilenet:2,cifar100,2,indep,indep,peers,2,200,64,0.1,0.9,0.0005,True,0,60,0.1,1.0,1,,disagreement,1.0,1,0.0,0.5,weight,complete,0.0,0.0,42,0,45000,5000,10000,6618952,100,0.010000000000000002,0,14.13,0.55435,0.003049999999999997,0.5513,0.5574,0.5957,0.04135,0.5493,0.5856,0.4066,0.5512705239096295,0.4051,0.5610723537845291,0.55435,mobilenet,0.5513,0.5516,1.3424726764417507,1.3424726764417507,0.0,mobilenet,0.5574,0.547,1.3528427546843886,1.3528427546843886,0.0,0.0,0.0,0.0,0.0,0.0
mobilenetx2_cifar100_K2_indep_seed0002_d001,d001,mobilenet:2,cifar100,2,indep,indep,peers,2,200,64,0.1,0.9,0.0005,True,0,60,0.1,1.0,1,,disagreement,1.0,1,0.0,0.5,weight,complete,0.0,0.0,42,0,45000,5000,10000,6618952,101,0.010000000000000002,0,14.13,0.5643499999999999,0.0024500000000000077,0.5619,0.5668,0.5998,0.03545000000000009,0.5595,0.6008,0.4164,0.5412077188512732,0.4049,0.5678806125412931,0.5643499999999999,mobilenet,0.5619,0.5554,1.325503789311783,1.325503789311783,0.0,mobilenet,0.5668,0.5636,1.3439702852205797,1.3439702852205797,0.0,0.0,0.0,0.0,0.0,0.0
mobilenetx2_cifar100_K2_indep_seed0002_d001,d001,mobilenet:2,cifar100,2,indep,indep,peers,2,200,64,0.1,0.9,0.0005,True,0,60,0.1,1.0,1,,disagreement,1.0,1,0.0,0.5,weight,complete,0.0,0.0,42,0,45000,5000,10000,6618952,102,0.010000000000000002,0,14.66,0.5666,0.007399999999999962,0.5592,0.574,0.5963,0.02970000000000006,0.5632999999999999,0.5964,0.3962,0.590932775753408,0.397,0.5768421896223498,0.5666,mobilenet,0.574,0.57,1.3244103225456043,1.3244103225456043,0.0,mobilenet,0.5592,0.5566,1.3310119881379334,1.3310119881379334,0.0,0.0,0.0,0.0,0.0,0.0
mobilenetx2_cifar100_K2_indep_seed0002_d001,d001,mobilenet:2,cifar100,2,indep,indep,peers,2,200,64,0.1,0.9,0.0005,True,0,60,0.1,1.0,1,,disagreement,1.0,1,0.0,0.5,weight,complete,0.0,0.0,42,0,45000,5000,10000,6618952,103,0.010000000000000002,0,15.13,0.5542499999999999,0.00035000000000001696,0.5539,0.5546,0.5895,0.035250000000000115,0.5530999999999999,0.591,0.4162,0.5594647176095454,0.4028,0.5828904646941299,0.5542499999999999,mobilenet,0.5539,0.5508,1.3159824872220105,1.3159824872220105,0.0,mobilenet,0.5546,0.5554,1.3396404881707646,1.3396404881707646,0.0,0.0,0.0,0.0,0.0,0.0
mobilenetx2_cifar100_K2_indep_seed0002_d001,d001,mobilenet:2,cifar100,2,indep,indep,peers,2,200,64,0.1,0.9,0.0005,True,0,60,0.1,1.0,1,,disagreement,1.0,1,0.0,0.5,weight,complete,0.0,0.0,42,0,45000,5000,10000,6618952,104,0.010000000000000002,0,14.71,0.5711999999999999,0.003200000000000036,0.568,0.5744,0.6099,0.03870000000000007,0.5666,0.6048,0.4158,0.5561372379774036,0.4045,0.5632078169134258,0.5711999999999999,mobilenet,0.5744,0.568,1.3197557731446894,1.3197557731446894,0.0,mobilenet,0.568,0.5652,1.3351702363314955,1.3351702363314955,0.0,0.0,0.0,0.0,0.0,0.0
mobilenetx2_cifar100_K2_indep_seed0002_d001,d001,mobilenet:2,cifar100,2,indep,indep,peers,2,200,64,0.1,0.9,0.0005,True,0,60,0.1,1.0,1,,disagreement,1.0,1,0.0,0.5,weight,complete,0.0,0.0,42,0,45000,5000,10000,6618952,105,0.010000000000000002,0,14.93,0.54725,0.00545000000000001,0.5418,0.5527,0.5798,0.03254999999999997,0.5419,0.5758,0.408,0.5800292344947793,0.4031,0.5858915827053253,0.54725,mobilenet,0.5527,0.5472,1.3122688791799275,1.3122688791799275,0.0,mobilenet,0.5418,0.5366,1.3292712922292678,1.3292712922292678,0.0,0.0,0.0,0.0,0.0,0.0
mobilenetx2_cifar100_K2_indep_seed0002_d001,d001,mobilenet:2,cifar100,2,indep,indep,peers,2,200,64,0.1,0.9,0.0005,True,0,60,0.1,1.0,1,,disagreement,1.0,1,0.0,0.5,weight,complete,0.0,0.0,42,0,45000,5000,10000,6618952,106,0.010000000000000002,0,14.7,0.55635,0.004249999999999976,0.5521,0.5606,0.5962,0.03984999999999994,0.5565,0.5956,0.404,0.5685008903492118,0.4204,0.5546569235537875,0.55635,mobilenet,0.5606,0.5552,1.3237417483363638,1.3237417483363638,0.0,mobilenet,0.5521,0.5578,1.3360188916664233,1.3360188916664233,0.0,0.0,0.0,0.0,0.0,0.0
mobilenetx2_cifar100_K2_indep_seed0002_d001,d001,mobilenet:2,cifar100,2,indep,indep,peers,2,200,64,0.1,0.9,0.0005,True,0,60,0.1,1.0,1,,disagreement,1.0,1,0.0,0.5,weight,complete,0.0,0.0,42,0,45000,5000,10000,6618952,107,0.010000000000000002,0,15.17,0.5722,0.0010000000000000009,0.5712,0.5732,0.6023,0.030099999999999905,0.5737,0.6074,0.3844,0.5818119381888163,0.3883,0.5825010074478274,0.5722,mobilenet,0.5732,0.5698,1.3049840821291914,1.3049840821291914,0.0,mobilenet,0.5712,0.5776,1.3366077770902351,1.3366077770902351,0.0,0.0,0.0,0.0,0.0,0.0
mobilenetx2_cifar100_K2_indep_seed0002_d001,d001,mobilenet:2,cifar100,2,indep,indep,peers,2,200,64,0.1,0.9,0.0005,True,0,60,0.1,1.0,1,,disagreement,1.0,1,0.0,0.5,weight,complete,0.0,0.0,42,0,45000,5000,10000,6618952,108,0.010000000000000002,0,14.13,0.55185,0.01425000000000004,0.5376,0.5661,0.5934,0.04155000000000009,0.5472,0.5926,0.4348,0.5351473217053847,0.4237,0.5510416133142402,0.55185,mobilenet,0.5661,0.5592,1.302524282681671,1.302524282681671,0.0,mobilenet,0.5376,0.5352,1.314914976246655,1.314914976246655,0.0,0.0,0.0,0.0,0.0,0.0
mobilenetx2_cifar100_K2_indep_seed0002_d001,d001,mobilenet:2,cifar100,2,indep,indep,peers,2,200,64,0.1,0.9,0.0005,True,0,60,0.1,1.0,1,,disagreement,1.0,1,0.0,0.5,weight,complete,0.0,0.0,42,0,45000,5000,10000,6618952,109,0.010000000000000002,0,14.75,0.5573,0.0039000000000000146,0.5534,0.5612,0.5935,0.03620000000000001,0.5589,0.594,0.3952,0.570208492795683,0.3974,0.5805889102943305,0.5573,mobilenet,0.5534,0.5494,1.2940114215016365,1.2940114215016365,0.0,mobilenet,0.5612,0.5684,1.3161311579698867,1.3161311579698867,0.0,0.0,0.0,0.0,0.0,0.0
mobilenetx2_cifar100_K2_indep_seed0002_d001,d001,mobilenet:2,cifar100,2,indep,indep,peers,2,200,64,0.1,0.9,0.0005,True,0,60,0.1,1.0,1,,disagreement,1.0,1,0.0,0.5,weight,complete,0.0,0.0,42,0,45000,5000,10000,6618952,110,0.010000000000000002,0,14.72,0.57355,0.008449999999999958,0.5651,0.582,0.6113,0.03774999999999995,0.5715,0.61,0.3986,0.5483981822315427,0.3939,0.5648378545214139,0.57355,mobilenet,0.582,0.5798,1.294675768607042,1.294675768607042,0.0,mobilenet,0.5651,0.5632,1.3179954591799865,1.3179954591799865,0.0,0.0,0.0,0.0,0.0,0.0
mobilenetx2_cifar100_K2_indep_seed0002_d001,d001,mobilenet:2,cifar100,2,indep,indep,peers,2,200,64,0.1,0.9,0.0005,True,0,60,0.1,1.0,1,,disagreement,1.0,1,0.0,0.5,weight,complete,0.0,0.0,42,0,45000,5000,10000,6618952,111,0.010000000000000002,0,15.16,0.5592999999999999,0.0025000000000000022,0.5568,0.5618,0.5999,0.04060000000000008,0.5612999999999999,0.604,0.3962,0.5748975899659727,0.4019,0.5687740176669531,0.5592999999999999,mobilenet,0.5568,0.5576,1.2766617189415477,1.2766617189415477,0.0,mobilenet,0.5618,0.565,1.304423208094456,1.304423208094456,0.0,0.0,0.0,0.0,0.0,0.0
mobilenetx2_cifar100_K2_indep_seed0002_d001,d001,mobilenet:2,cifar100,2,indep,indep,peers,2,200,64,0.1,0.9,0.0005,True,0,60,0.1,1.0,1,,disagreement,1.0,1,0.0,0.5,weight,complete,0.0,0.0,42,0,45000,5000,10000,6618952,112,0.010000000000000002,0,15.23,0.5528500000000001,0.0042500000000000315,0.5486,0.5571,0.5921,0.039249999999999896,0.5515,0.5912,0.4244,0.531496858705913,0.4192,0.5504907845788501,0.5528500000000001,mobilenet,0.5571,0.5548,1.2843342597850345,1.2843342597850345,0.0,mobilenet,0.5486,0.5482,1.3082109911536628,1.3082109911536628,0.0,0.0,0.0,0.0,0.0,0.0
mobilenetx2_cifar100_K2_indep_seed0002_d001,d001,mobilenet:2,cifar100,2,indep,indep,peers,2,200,64,0.1,0.9,0.0005,True,0,60,0.1,1.0,1,,disagreement,1.0,1,0.0,0.5,weight,complete,0.0,0.0,42,0,45000,5000,10000,6618952,113,0.010000000000000002,0,15.19,0.5749,0.004300000000000026,0.5706,0.5792,0.6098,0.03490000000000004,0.5798,0.6206,0.395,0.5611328380654707,0.3939,0.5622953468760806,0.5749,mobilenet,0.5792,0.5728,1.2912341845645146,1.2912341845645146,0.0,mobilenet,0.5706,0.5868,1.3059934246438472,1.3059934246438472,0.0,0.0,0.0,0.0,0.0,0.0
mobilenetx2_cifar100_K2_indep_seed0002_d001,d001,mobilenet:2,cifar100,2,indep,indep,peers,2,200,64,0.1,0.9,0.0005,True,0,60,0.1,1.0,1,,disagreement,1.0,1,0.0,0.5,weight,complete,0.0,0.0,42,0,45000,5000,10000,6618952,114,0.010000000000000002,0,14.94,0.57005,0.0029499999999999527,0.5671,0.573,0.6042,0.034150000000000014,0.5610999999999999,0.5986,0.4054,0.5610482974526536,0.3963,0.5706277460622649,0.57005,mobilenet,0.573,0.5618,1.285161703571,1.285161703571,0.0,mobilenet,0.5671,0.5604,1.306563594886525,1.306563594886525,0.0,0.0,0.0,0.0,0.0,0.0
mobilenetx2_cifar100_K2_indep_seed0002_d001,d001,mobilenet:2,cifar100,2,indep,indep,peers,2,200,64,0.1,0.9,0.0005,True,0,60,0.1,1.0,1,,disagreement,1.0,1,0.0,0.5,weight,complete,0.0,0.0,42,0,45000,5000,10000,6618952,115,0.010000000000000002,0,14.18,0.5555,0.009800000000000031,0.5457,0.5653,0.5966,0.041100000000000025,0.5476,0.5942,0.4442,0.5027407337265514,0.4397,0.5312174562692454,0.5555,mobilenet,0.5653,0.5504,1.2785274527797645,1.2785274527797645,0.0,mobilenet,0.5457,0.5448,1.3094722145152362,1.3094722145152362,0.0,0.0,0.0,0.0,0.0,0.0
mobilenetx2_cifar100_K2_indep_seed0002_d001,d001,mobilenet:2,cifar100,2,indep,indep,peers,2,200,64,0.1,0.9,0.0005,True,0,60,0.1,1.0,1,,disagreement,1.0,1,0.0,0.5,weight,complete,0.0,0.0,42,0,45000,5000,10000,6618952,116,0.010000000000000002,0,14.9,0.5673,0.0010999999999999899,0.5662,0.5684,0.6053,0.03799999999999992,0.5638000000000001,0.6018,0.4108,0.5543603060188673,0.391,0.5832575780047712,0.5673,mobilenet,0.5684,0.5622,1.2690515476702289,1.2690515476702289,0.0,mobilenet,0.5662,0.5654,1.2885636444288222,1.2885636444288222,0.0,0.0,0.0,0.0,0.0,0.0
mobilenetx2_cifar100_K2_indep_seed0002_d001,d001,mobilenet:2,cifar100,2,indep,indep,peers,2,200,64,0.1,0.9,0.0005,True,0,60,0.1,1.0,1,,disagreement,1.0,1,0.0,0.5,weight,complete,0.0,0.0,42,0,45000,5000,10000,6618952,117,0.010000000000000002,0,14.02,0.56725,0.009450000000000014,0.5578,0.5767,0.6052,0.03794999999999993,0.5604,0.598,0.4004,0.5633866662490296,0.3979,0.5616350960298164,0.56725,mobilenet,0.5767,0.5654,1.2723898858847944,1.2723898858847944,0.0,mobilenet,0.5578,0.5554,1.3013144898313014,1.3013144898313014,0.0,0.0,0.0,0.0,0.0,0.0
mobilenetx2_cifar100_K2_indep_seed0002_d001,d001,mobilenet:2,cifar100,2,indep,indep,peers,2,200,64,0.1,0.9,0.0005,True,0,60,0.1,1.0,1,,disagreement,1.0,1,0.0,0.5,weight,complete,0.0,0.0,42,0,45000,5000,10000,6618952,118,0.010000000000000002,0,15.16,0.5645,0.0011999999999999789,0.5633,0.5657,0.6042,0.03969999999999996,0.5648,0.6054,0.4138,0.5410943938109846,0.4156,0.5554106561718295,0.5645,mobilenet,0.5657,0.5654,1.2736263977025042,1.2736263977025042,0.0,mobilenet,0.5633,0.5642,1.296324752101844,1.296324752101844,0.0,0.0,0.0,0.0,0.0,0.0
mobilenetx2_cifar100_K2_indep_seed0002_d001,d001,mobilenet:2,cifar100,2,indep,indep,peers,2,200,64,0.1,0.9,0.0005,True,0,60,0.1,1.0,1,,disagreement,1.0,1,0.0,0.5,weight,complete,0.0,0.0,42,0,45000,5000,10000,6618952,119,0.010000000000000002,0,14.56,0.562,0.013099999999999945,0.5489,0.5751,0.5958,0.03379999999999994,0.5575,0.5936,0.4024,0.5597601060577047,0.4042,0.5721122326435187,0.562,mobilenet,0.5751,0.5712,1.2630355198105627,1.2630355198105627,0.0,mobilenet,0.5489,0.5438,1.2915931473570792,1.2915931473570792,0.0,0.0,0.0,0.0,0.0,0.0
mobilenetx2_cifar100_K2_indep_seed0002_d001,d001,mobilenet:2,cifar100,2,indep,indep,peers,2,200,64,0.1,0.9,0.0005,True,0,60,0.1,1.0,1,,disagreement,1.0,1,0.0,0.5,weight,complete,0.0,0.0,42,0,45000,5000,10000,6618952,120,0.0010000000000000002,0,15.29,0.6311,0.0015000000000000013,0.6296,0.6326,0.6585,0.02739999999999998,0.6271,0.6566,0.311,0.6266891132514161,0.3059,0.6383527655946025,0.6311,mobilenet,0.6326,0.6258,1.0466456597840244,1.0466456597840244,0.0,mobilenet,0.6296,0.6284,1.0801334716379642,1.0801334716379642,0.0,0.0,0.0,0.0,0.0,0.0
mobilenetx2_cifar100_K2_indep_seed0002_d001,d001,mobilenet:2,cifar100,2,indep,indep,peers,2,200,64,0.1,0.9,0.0005,True,0,60,0.1,1.0,1,,disagreement,1.0,1,0.0,0.5,weight,complete,0.0,0.0,42,0,45000,5000,10000,6618952,121,0.0010000000000000002,0,15.21,0.6353500000000001,0.0015499999999999958,0.6338,0.6369,0.6627,0.027349999999999874,0.6341,0.6632,0.3082,0.6306398304413565,0.3061,0.6290326864280364,0.6353500000000001,mobilenet,0.6369,0.6352,0.9688897037201307,0.9688897037201307,0.0,mobilenet,0.6338,0.633,1.0063685799356212,1.0063685799356212,0.0,0.0,0.0,0.0,0.0,0.0
mobilenetx2_cifar100_K2_indep_seed0002_d001,d001,mobilenet:2,cifar100,2,indep,indep,peers,2,200,64,0.1,0.9,0.0005,True,0,60,0.1,1.0,1,,disagreement,1.0,1,0.0,0.5,weight,complete,0.0,0.0,42,0,45000,5000,10000,6618952,122,0.0010000000000000002,0,14.86,0.63715,0.004750000000000032,0.6324,0.6419,0.6674,0.03025,0.6384000000000001,0.6618,0.3036,0.6231256560471263,0.3098,0.6279639740351938,0.63715,mobilenet,0.6419,0.638,0.9486295312050391,0.9486295312050391,0.0,mobilenet,0.6324,0.6388,0.9868718822571364,0.9868718822571364,0.0,0.0,0.0,0.0,0.0,0.0
mobilenetx2_cifar100_K2_indep_seed0002_d001,d001,mobilenet:2,cifar100,2,indep,indep,peers,2,200,64,0.1,0.9,0.0005,True,0,60,0.1,1.0,1,,disagreement,1.0,1,0.0,0.5,weight,complete,0.0,0.0,42,0,45000,5000,10000,6618952,123,0.0010000000000000002,0,15.25,0.6426000000000001,0.00379999999999997,0.6388,0.6464,0.6707,0.028099999999999903,0.6375,0.6644,0.3046,0.6144482018209089,0.2996,0.6291347073273833,0.6426000000000001,mobilenet,0.6464,0.6384,0.9201034357855943,0.9201034357855943,0.0,mobilenet,0.6388,0.6366,0.963526023467156,0.963526023467156,0.0,0.0,0.0,0.0,0.0,0.0
mobilenetx2_cifar100_K2_indep_seed0002_d001,d001,mobilenet:2,cifar100,2,indep,indep,peers,2,200,64,0.1,0.9,0.0005,True,0,60,0.1,1.0,1,,disagreement,1.0,1,0.0,0.5,weight,complete,0.0,0.0,42,0,45000,5000,10000,6618952,124,0.0010000000000000002,0,14.91,0.64035,0.0037499999999999756,0.6366,0.6441,0.6675,0.027150000000000007,0.6378999999999999,0.6672,0.3088,0.6185894855604667,0.3007,0.6434013360901334,0.64035,mobilenet,0.6441,0.6384,0.9023857552727516,0.9023857552727516,0.0,mobilenet,0.6366,0.6374,0.9466407400640574,0.9466407400640574,0.0,0.0,0.0,0.0,0.0,0.0
mobilenetx2_cifar100_K2_indep_seed0002_d001,d001,mobilenet:2,cifar100,2,indep,indep,peers,2,200,64,0.1,0.9,0.0005,True,0,60,0.1,1.0,1,,disagreement,1.0,1,0.0,0.5,weight,complete,0.0,0.0,42,0,45000,5000,10000,6618952,125,0.0010000000000000002,0,15.15,0.64355,0.00605,0.6375,0.6496,0.6709,0.027350000000000096,0.6407,0.6698,0.3016,0.6181969820931661,0.2987,0.6360578219900241,0.64355,mobilenet,0.6496,0.6386,0.8827116023749113,0.8827116023749113,0.0,mobilenet,0.6375,0.6428,0.9342817353423346,0.9342817353423346,0.0,0.0,0.0,0.0,0.0,0.0
mobilenetx2_cifar100_K2_indep_seed0002_d001,d001,mobilenet:2,cifar100,2,indep,indep,peers,2,200,64,0.1,0.9,0.0005,True,0,60,0.1,1.0,1,,disagreement,1.0,1,0.0,0.5,weight,complete,0.0,0.0,42,0,45000,5000,10000,6618952,126,0.0010000000000000002,0,14.04,0.6394500000000001,0.0046499999999999875,0.6348,0.6441,0.6681,0.028649999999999953,0.6407,0.6694,0.3092,0.6068756124316186,0.3063,0.6251954339169657,0.6394500000000001,mobilenet,0.6441,0.6416,0.8749833646738394,0.8749833646738394,0.0,mobilenet,0.6348,0.6398,0.929588869468055,0.929588869468055,0.0,0.0,0.0,0.0,0.0,0.0
mobilenetx2_cifar100_K2_indep_seed0002_d001,d001,mobilenet:2,cifar100,2,indep,indep,peers,2,200,64,0.1,0.9,0.0005,True,0,60,0.1,1.0,1,,disagreement,1.0,1,0.0,0.5,weight,complete,0.0,0.0,42,0,45000,5000,10000,6618952,127,0.0010000000000000002,0,15.22,0.6427,0.0040000000000000036,0.6387,0.6467,0.6708,0.028099999999999903,0.6373,0.667,0.3092,0.6136853024823657,0.3009,0.6312779952328318,0.6427,mobilenet,0.6467,0.6358,0.8646953762508929,0.8646953762508929,0.0,mobilenet,0.6387,0.6388,0.9255141749216075,0.9255141749216075,0.0,0.0,0.0,0.0,0.0,0.0
mobilenetx2_cifar100_K2_indep_seed0002_d001,d001,mobilenet:2,cifar100,2,indep,indep,peers,2,200,64,0.1,0.9,0.0005,True,0,60,0.1,1.0,1,,disagreement,1.0,1,0.0,0.5,weight,complete,0.0,0.0,42,0,45000,5000,10000,6618952,128,0.0010000000000000002,0,14.3,0.6396,0.004300000000000026,0.6353,0.6439,0.6686,0.029000000000000026,0.6408,0.6676,0.3104,0.6116365812059414,0.3014,0.6448444010066605,0.6396,mobilenet,0.6439,0.643,0.8619651560756293,0.8619651560756293,0.0,mobilenet,0.6353,0.6386,0.9150776331820949,0.9150776331820949,0.0,0.0,0.0,0.0,0.0,0.0
mobilenetx2_cifar100_K2_indep_seed0002_d001,d001,mobilenet:2,cifar100,2,indep,indep,peers,2,200,64,0.1,0.9,0.0005,True,0,60,0.1,1.0,1,,disagreement,1.0,1,0.0,0.5,weight,complete,0.0,0.0,42,0,45000,5000,10000,6618952,129,0.0010000000000000002,0,14.67,0.64115,0.005750000000000033,0.6354,0.6469,0.668,0.02685000000000004,0.6402,0.6638,0.3172,0.5971254112571504,0.3045,0.627982378114362,0.64115,mobilenet,0.6469,0.6398,0.8492658477361229,0.8492658477361229,0.0,mobilenet,0.6354,0.6406,0.9045980452475223,0.9045980452475223,0.0,0.0,0.0,0.0,0.0,0.0
mobilenetx2_cifar100_K2_indep_seed0002_d001,d001,mobilenet:2,cifar100,2,indep,indep,peers,2,200,64,0.1,0.9,0.0005,True,0,60,0.1,1.0,1,,disagreement,1.0,1,0.0,0.5,weight,complete,0.0,0.0,42,0,45000,5000,10000,6618952,130,0.0010000000000000002,0,14.91,0.64055,0.005350000000000021,0.6352,0.6459,0.6703,0.029750000000000054,0.6382,0.664,0.3146,0.6128313673307995,0.3015,0.6473346938606158,0.64055,mobilenet,0.6459,0.6394,0.8419537434608422,0.8419537434608422,0.0,mobilenet,0.6352,0.637,0.9020370476963845,0.9020370476963845,0.0,0.0,0.0,0.0,0.0,0.0
mobilenetx2_cifar100_K2_indep_seed0002_d001,d001,mobilenet:2,cifar100,2,indep,indep,peers,2,200,64,0.1,0.9,0.0005,True,0,60,0.1,1.0,1,,disagreement,1.0,1,0.0,0.5,weight,complete,0.0,0.0,42,0,45000,5000,10000,6618952,131,0.0010000000000000002,0,14.18,0.6426000000000001,0.006500000000000006,0.6361,0.6491,0.6693,0.026699999999999946,0.6391,0.6688,0.311,0.6058984871291311,0.3018,0.6393622627985426,0.6426000000000001,mobilenet,0.6491,0.639,0.8318094720386646,0.8318094720386646,0.0,mobilenet,0.6361,0.6392,0.8949666561304845,0.8949666561304845,0.0,0.0,0.0,0.0,0.0,0.0
mobilenetx2_cifar100_K2_indep_seed0002_d001,d001,mobilenet:2,cifar100,2,indep,indep,peers,2,200,64,0.1,0.9,0.0005,True,0,60,0.1,1.0,1,,disagreement,1.0,1,0.0,0.5,weight,complete,0.0,0.0,42,0,45000,5000,10000,6618952,132,0.0010000000000000002,0,15.12,0.6433,0.0049000000000000155,0.6384,0.6482,0.6704,0.027100000000000013,0.6381,0.6676,0.3192,0.6089733171580339,0.307,0.6271405399118776,0.6433,mobilenet,0.6482,0.6374,0.8257523693821647,0.8257523693821647,0.0,mobilenet,0.6384,0.6388,0.8898179214447737,0.8898179214447737,0.0,0.0,0.0,0.0,0.0,0.0
