run_id,run_tag,cohort,dataset,K,arm,arm_label,target,seed,epochs,batch_size,base_lr,momentum,weight_decay,nesterov,graph_seed,lr_step,lr_gamma,kd_T,k_matchings,k_anneal,match_weight,kappa,rematch_every_epochs,recency_lambda,recency_gamma,peel_weighting,graph,label_noise_rate,actual_noise_rate,noise_seed,split_seed,n_train,n_valid,n_test,cohort_params,epoch,lr,k_current,epoch_seconds,avg_test_acc,std_test_acc,min_test_acc,max_test_acc,ensemble_test_acc,ens_minus_avg_test,avg_val_acc,ensemble_val_acc,disagreement_val,rho_val,disagreement_test,rho_test,avg_test_acc_mobilenet,avg_test_acc_resnet32,model_00_arch,model_00_test_acc,model_00_val_acc,model_00_train_loss,model_00_ce_loss,model_00_kd_loss,model_01_arch,model_01_test_acc,model_01_val_acc,model_01_train_loss,model_01_ce_loss,model_01_kd_loss,comm_logit_floats_epoch,comm_matcher_ints_epoch,comm_bytes_epoch,comm_bytes_cum,comm_bytes_cum_cohort
mobilenetx1-resnet32x1_cifar100_K2_dml_seed0005_d001,d001,"mobilenet:1,resnet32:1",cifar100,2,dml,dml,peers,5,200,64,0.1,0.9,0.0005,True,0,60,0.1,1.0,1,,disagreement,1.0,1,0.0,0.5,weight,complete,0.0,0.0,42,0,45000,5000,10000,3779480,0,0.1,1,19.98,0.06645,0.02025,0.0462,0.0867,0.0767,0.010250000000000009,0.0637,0.0754,0.7848,0.3100744361283084,0.7857,0.31140179994984046,0.0462,0.0867,mobilenet,0.0462,0.0468,4.464847494594076,4.363816698505119,0.10103079927582505,resnet32,0.0867,0.0806,4.350965369154107,4.232449195263061,0.11851617484221193,4500000.0,0.0,18000000.0,18000000.0,36000000.0
mobilenetx1-resnet32x1_cifar100_K2_dml_seed0005_d001,d001,"mobilenet:1,resnet32:1",cifar100,2,dml,dml,peers,5,200,64,0.1,0.9,0.0005,True,0,60,0.1,1.0,1,,disagreement,1.0,1,0.0,0.5,weight,complete,0.0,0.0,42,0,45000,5000,10000,3779480,1,0.1,1,18.7,0.13369999999999999,0.010799999999999997,0.1229,0.1445,0.1514,0.01770000000000002,0.127,0.1394,0.7656,0.3939064334834211,0.7687,0.398841048020703,0.1229,0.1445,mobilenet,0.1229,0.1178,3.9420292011716147,3.8082370046864855,0.1337921979561956,resnet32,0.1445,0.1362,3.7597754655236546,3.6253989704630594,0.13437649605541743,4500000.0,0.0,18000000.0,36000000.0,72000000.0
mobilenetx1-resnet32x1_cifar100_K2_dml_seed0005_d001,d001,"mobilenet:1,resnet32:1",cifar100,2,dml,dml,peers,5,200,64,0.1,0.9,0.0005,True,0,60,0.1,1.0,1,,disagreement,1.0,1,0.0,0.5,weight,complete,0.0,0.0,42,0,45000,5000,10000,3779480,2,0.1,1,18.46,0.166,0.020900000000000002,0.1451,0.1869,0.1979,0.031899999999999984,0.1642,0.1886,0.7822,0.33423898615379233,0.7791,0.33999332229834567,0.1451,0.1869,mobilenet,0.1451,0.1432,3.5829435817219992,3.3803068687292663,0.20263671745884826,resnet32,0.1869,0.1852,3.380969911475073,3.1771518621932375,0.2038180461703715,4500000.0,0.0,18000000.0,54000000.0,108000000.0
mobilenetx1-resnet32x1_cifar100_K2_dml_seed0005_d001,d001,"mobilenet:1,resnet32:1",cifar100,2,dml,dml,peers,5,200,64,0.1,0.9,0.0005,True,0,60,0.1,1.0,1,,disagreement,1.0,1,0.0,0.5,weight,complete,0.0,0.0,42,0,45000,5000,10000,3779480,3,0.1,1,18.63,0.18325,0.0009500000000000064,0.1823,0.1842,0.2075,0.024249999999999994,0.1825,0.2074,0.6926,0.45032842750171537,0.7011,0.43242798650660397,0.1842,0.1823,mobilenet,0.1842,0.1758,3.3061858774586157,3.05960885706273,0.24657702194103462,resnet32,0.1823,0.1892,3.0944896804338153,2.8460600657219235,0.24842961331490765,4500000.0,0.0,18000000.0,72000000.0,144000000.0
mobilenetx1-resnet32x1_cifar100_K2_dml_seed0005_d001,d001,"mobilenet:1,resnet32:1",cifar100,2,dml,dml,peers,5,200,64,0.1,0.9,0.0005,True,0,60,0.1,1.0,1,,disagreement,1.0,1,0.0,0.5,weight,complete,0.0,0.0,42,0,45000,5000,10000,3779480,4,0.1,1,16.85,0.24415,0.008750000000000008,0.2354,0.2529,0.2707,0.02654999999999999,0.2413,0.2656,0.627,0.49136175482224576,0.64,0.4678021872621662,0.2354,0.2529,mobilenet,0.2354,0.2314,3.1268513297492806,2.8539369255304337,0.2729144087061286,resnet32,0.2529,0.2512,2.9169908684085715,2.6419410952790217,0.27504977478053083,4500000.0,0.0,18000000.0,90000000.0,180000000.0
mobilenetx1-resnet32x1_cifar100_K2_dml_seed0005_d001,d001,"mobilenet:1,resnet32:1",cifar100,2,dml,dml,peers,5,200,64,0.1,0.9,0.0005,True,0,60,0.1,1.0,1,,disagreement,1.0,1,0.0,0.5,weight,complete,0.0,0.0,42,0,45000,5000,10000,3779480,5,0.1,1,16.61,0.27280000000000004,0.05760000000000001,0.2152,0.3304,0.3037,0.030899999999999983,0.264,0.2944,0.6684,0.4437329740488807,0.6833,0.3936809624554446,0.2152,0.3304,mobilenet,0.2152,0.2092,3.016909209842032,2.7192214019596577,0.29768780364908953,resnet32,0.3304,0.3188,2.8011920086362143,2.50021346133541,0.30097854823212733,4500000.0,0.0,18000000.0,108000000.0,216000000.0
mobilenetx1-resnet32x1_cifar100_K2_dml_seed0005_d001,d001,"mobilenet:1,resnet32:1",cifar100,2,dml,dml,peers,5,200,64,0.1,0.9,0.0005,True,0,60,0.1,1.0,1,,disagreement,1.0,1,0.0,0.5,weight,complete,0.0,0.0,42,0,45000,5000,10000,3779480,6,0.1,1,16.44,0.30865,0.008250000000000007,0.3004,0.3169,0.3429,0.03425,0.304,0.3382,0.6258,0.4977979466095368,0.6225,0.48713682754853815,0.3004,0.3169,mobilenet,0.3004,0.2948,2.938024012879892,2.620560033416206,0.31746397872286086,resnet32,0.3169,0.3132,2.702293485064398,2.3807463617148725,0.3215471174440939,4500000.0,0.0,18000000.0,126000000.0,252000000.0
mobilenetx1-resnet32x1_cifar100_K2_dml_seed0005_d001,d001,"mobilenet:1,resnet32:1",cifar100,2,dml,dml,peers,5,200,64,0.1,0.9,0.0005,True,0,60,0.1,1.0,1,,disagreement,1.0,1,0.0,0.5,weight,complete,0.0,0.0,42,0,45000,5000,10000,3779480,7,0.1,1,16.2,0.27965,0.05645,0.2232,0.3361,0.3121,0.03244999999999998,0.2766,0.308,0.6166,0.5086631898540014,0.6144,0.5220463397514716,0.2232,0.3361,mobilenet,0.2232,0.2262,2.8610155863518063,2.533646643839099,0.3273689494129609,resnet32,0.3361,0.327,2.626507472585548,2.293676221235232,0.3328312510539862,4500000.0,0.0,18000000.0,144000000.0,288000000.0
mobilenetx1-resnet32x1_cifar100_K2_dml_seed0005_d001,d001,"mobilenet:1,resnet32:1",cifar100,2,dml,dml,peers,5,200,64,0.1,0.9,0.0005,True,0,60,0.1,1.0,1,,disagreement,1.0,1,0.0,0.5,weight,complete,0.0,0.0,42,0,45000,5000,10000,3779480,8,0.1,1,16.47,0.31899999999999995,0.0582,0.2608,0.3772,0.3592,0.04020000000000007,0.3217,0.3498,0.6202,0.506703853691106,0.6405,0.4657938138905523,0.2608,0.3772,mobilenet,0.2608,0.2722,2.815356979315931,2.4779722809114237,0.33738469812934374,resnet32,0.3772,0.3712,2.5786523558199406,2.2355193565176292,0.3431329982651567,4500000.0,0.0,18000000.0,162000000.0,324000000.0
mobilenetx1-resnet32x1_cifar100_K2_dml_seed0005_d001,d001,"mobilenet:1,resnet32:1",cifar100,2,dml,dml,peers,5,200,64,0.1,0.9,0.0005,True,0,60,0.1,1.0,1,,disagreement,1.0,1,0.0,0.5,weight,complete,0.0,0.0,42,0,45000,5000,10000,3779480,9,0.1,1,16.79,0.3323,0.02210000000000001,0.3102,0.3544,0.3753,0.04300000000000004,0.3325,0.3758,0.6302,0.4576520268008308,0.6304,0.45992587136461127,0.3102,0.3544,mobilenet,0.3102,0.3082,2.7649260884658857,2.4197163807058875,0.34520970949564467,resnet32,0.3544,0.3568,2.531616609543562,2.1806810411878605,0.3509355648420751,4500000.0,0.0,18000000.0,180000000.0,360000000.0
mobilenetx1-resnet32x1_cifar100_K2_dml_seed0005_d001,d001,"mobilenet:1,resnet32:1",cifar100,2,dml,dml,peers,5,200,64,0.1,0.9,0.0005,True,0,60,0.1,1.0,1,,disagreement,1.0,1,0.0,0.5,weight,complete,0.0,0.0,42,0,45000,5000,10000,3779480,10,0.1,1,18.45,0.3649,0.041800000000000004,0.3231,0.4067,0.4028,0.03789999999999999,0.3689,0.397,0.5442,0.5446562732181922,0.5555,0.5397591112896176,0.3231,0.4067,mobilenet,0.3231,0.3348,2.7354183017530223,2.384563648565249,0.3508546564897353,resnet32,0.4067,0.403,2.501711707562208,2.145005837082863,0.35670587014068256,4500000.0,0.0,18000000.0,198000000.0,396000000.0
mobilenetx1-resnet32x1_cifar100_K2_dml_seed0005_d001,d001,"mobilenet:1,resnet32:1",cifar100,2,dml,dml,peers,5,200,64,0.1,0.9,0.0005,True,0,60,0.1,1.0,1,,disagreement,1.0,1,0.0,0.5,weight,complete,0.0,0.0,42,0,45000,5000,10000,3779480,11,0.1,1,18.46,0.35355000000000003,0.04324999999999998,0.3103,0.3968,0.3938,0.04024999999999995,0.34940000000000004,0.392,0.5886,0.4913037476605827,0.5964,0.4792741353365224,0.3103,0.3968,mobilenet,0.3103,0.3048,2.707640341737054,2.3495919689197433,0.3580483758652752,resnet32,0.3968,0.394,2.472389303655787,2.1078961997885597,0.3644931065765294,4500000.0,0.0,18000000.0,216000000.0,432000000.0
mobilenetx1-resnet32x1_cifar100_K2_dml_seed0005_d001,d001,"mobilenet:1,resnet32:1",cifar100,2,dml,dml,peers,5,200,64,0.1,0.9,0.0005,True,0,60,0.1,1.0,1,,disagreement,1.0,1,0.0,0.5,weight,complete,0.0,0.0,42,0,45000,5000,10000,3779480,12,0.1,1,18.84,0.34705,0.04385,0.3032,0.3909,0.3742,0.027149999999999952,0.33509999999999995,0.3638,0.549,0.5238715810310939,0.5461,0.5331624421929868,0.3032,0.3909,mobilenet,0.3032,0.291,2.6848036165941846,2.3214499173177914,0.36335369627076114,resnet32,0.3909,0.3792,2.450489264489575,2.0811156808313998,0.3693735820918598,4500000.0,0.0,18000000.0,234000000.0,468000000.0
mobilenetx1-resnet32x1_cifar100_K2_dml_seed0005_d001,d001,"mobilenet:1,resnet32:1",cifar100,2,dml,dml,peers,5,200,64,0.1,0.9,0.0005,True,0,60,0.1,1.0,1,,disagreement,1.0,1,0.0,0.5,weight,complete,0.0,0.0,42,0,45000,5000,10000,3779480,13,0.1,1,18.01,0.34835,0.02024999999999999,0.3281,0.3686,0.3952,0.04685,0.33609999999999995,0.3762,0.6542,0.4375203017515646,0.6453,0.43690253625673436,0.3281,0.3686,mobilenet,0.3281,0.3202,2.6703919930891558,2.306750688532537,0.36364130658859556,resnet32,0.3686,0.352,2.4328256989405914,2.0622041833332996,0.37062151509929786,4500000.0,0.0,18000000.0,252000000.0,504000000.0
mobilenetx1-resnet32x1_cifar100_K2_dml_seed0005_d001,d001,"mobilenet:1,resnet32:1",cifar100,2,dml,dml,peers,5,200,64,0.1,0.9,0.0005,True,0,60,0.1,1.0,1,,disagreement,1.0,1,0.0,0.5,weight,complete,0.0,0.0,42,0,45000,5000,10000,3779480,14,0.1,1,18.6,0.36345000000000005,0.05315,0.3103,0.4166,0.4007,0.03724999999999995,0.3604,0.3938,0.5812,0.5178044481114898,0.5939,0.5021710805547936,0.3103,0.4166,mobilenet,0.3103,0.3102,2.651134464551102,2.2796193933622404,0.37151506856422534,resnet32,0.4166,0.4106,2.419684454121373,2.041404045948928,0.3782804060134698,4500000.0,0.0,18000000.0,270000000.0,540000000.0
mobilenetx1-resnet32x1_cifar100_K2_dml_seed0005_d001,d001,"mobilenet:1,resnet32:1",cifar100,2,dml,dml,peers,5,200,64,0.1,0.9,0.0005,True,0,60,0.1,1.0,1,,disagreement,1.0,1,0.0,0.5,weight,complete,0.0,0.0,42,0,45000,5000,10000,3779480,15,0.1,1,18.1,0.383,0.02260000000000001,0.3604,0.4056,0.4209,0.03789999999999999,0.3807,0.4148,0.5482,0.5155665430913581,0.5485,0.5099740637881591,0.3604,0.4056,mobilenet,0.3604,0.357,2.6342997544191102,2.267384335060011,0.36691542075608263,resnet32,0.4056,0.4044,2.401562989943407,2.027185523205183,0.37437746686522255,4500000.0,0.0,18000000.0,288000000.0,576000000.0
mobilenetx1-resnet32x1_cifar100_K2_dml_seed0005_d001,d001,"mobilenet:1,resnet32:1",cifar100,2,dml,dml,peers,5,200,64,0.1,0.9,0.0005,True,0,60,0.1,1.0,1,,disagreement,1.0,1,0.0,0.5,weight,complete,0.0,0.0,42,0,45000,5000,10000,3779480,16,0.1,1,19.24,0.3248,0.03790000000000002,0.2869,0.3627,0.3703,0.04550000000000004,0.32089999999999996,0.3706,0.6638,0.43352907164411375,0.6706,0.43474606722376513,0.2869,0.3627,mobilenet,0.2869,0.2904,2.6217377226461065,2.2505465796725317,0.3711911412379281,resnet32,0.3627,0.3514,2.390679572624239,2.01237678646364,0.37830278666859324,4500000.0,0.0,18000000.0,306000000.0,612000000.0
mobilenetx1-resnet32x1_cifar100_K2_dml_seed0005_d001,d001,"mobilenet:1,resnet32:1",cifar100,2,dml,dml,peers,5,200,64,0.1,0.9,0.0005,True,0,60,0.1,1.0,1,,disagreement,1.0,1,0.0,0.5,weight,complete,0.0,0.0,42,0,45000,5000,10000,3779480,17,0.1,1,19.32,0.3862,0.038000000000000006,0.3482,0.4242,0.4272,0.041000000000000036,0.38639999999999997,0.4232,0.5522,0.5177597398477698,0.5663,0.49817444314727066,0.3482,0.4242,mobilenet,0.3482,0.3502,2.631588614461097,2.2555746160108936,0.3760139978575436,resnet32,0.4242,0.4226,2.3882459000768987,2.0048608410764825,0.38338505916974763,4500000.0,0.0,18000000.0,324000000.0,648000000.0
mobilenetx1-resnet32x1_cifar100_K2_dml_seed0005_d001,d001,"mobilenet:1,resnet32:1",cifar100,2,dml,dml,peers,5,200,64,0.1,0.9,0.0005,True,0,60,0.1,1.0,1,,disagreement,1.0,1,0.0,0.5,weight,complete,0.0,0.0,42,0,45000,5000,10000,3779480,18,0.1,1,18.38,0.34835,0.00014999999999998348,0.3482,0.3485,0.3925,0.04415000000000002,0.3403,0.3824,0.64,0.43298188955753253,0.6301,0.4460409524719909,0.3485,0.3482,mobilenet,0.3485,0.3382,2.6020852855660697,2.227678923274983,0.3744063599204475,resnet32,0.3482,0.3424,2.3643077794801104,1.9819101386449554,0.3823976449837739,4500000.0,0.0,18000000.0,342000000.0,684000000.0
mobilenetx1-resnet32x1_cifar100_K2_dml_seed0005_d001,d001,"mobilenet:1,resnet32:1",cifar100,2,dml,dml,peers,5,200,64,0.1,0.9,0.0005,True,0,60,0.1,1.0,1,,disagreement,1.0,1,0.0,0.5,weight,complete,0.0,0.0,42,0,45000,5000,10000,3779480,19,0.1,1,16.73,0.3805,0.019799999999999984,0.3607,0.4003,0.4209,0.04039999999999999,0.37729999999999997,0.4164,0.5636,0.4864424551809456,0.5645,0.49562958126891354,0.3607,0.4003,mobilenet,0.3607,0.3604,2.596536997705698,2.2203768967566164,0.37616009840911085,resnet32,0.4003,0.3942,2.358260188929059,1.97431509162892,0.383945101194761,4500000.0,0.0,18000000.0,360000000.0,720000000.0
mobilenetx1-resnet32x1_cifar100_K2_dml_seed0005_d001,d001,"mobilenet:1,resnet32:1",cifar100,2,dml,dml,peers,5,200,64,0.1,0.9,0.0005,True,0,60,0.1,1.0,1,,disagreement,1.0,1,0.0,0.5,weight,complete,0.0,0.0,42,0,45000,5000,10000,3779480,20,0.1,1,16.81,0.38645,0.003049999999999997,0.3834,0.3895,0.4273,0.04085,0.3812,0.4232,0.5966,0.46941127944314825,0.5977,0.49965270780711263,0.3895,0.3834,mobilenet,0.3895,0.376,2.590823397040367,2.2103584957393734,0.38046490159732377,resnet32,0.3834,0.3864,2.3496512828225438,1.9613304441286759,0.3883208358999003,4500000.0,0.0,18000000.0,378000000.0,756000000.0
mobilenetx1-resnet32x1_cifar100_K2_dml_seed0005_d001,d001,"mobilenet:1,resnet32:1",cifar100,2,dml,dml,peers,5,200,64,0.1,0.9,0.0005,True,0,60,0.1,1.0,1,,disagreement,1.0,1,0.0,0.5,weight,complete,0.0,0.0,42,0,45000,5000,10000,3779480,21,0.1,1,18.8,0.3478,0.020000000000000018,0.3278,0.3678,0.3925,0.04470000000000002,0.3459,0.3936,0.6688,0.42785507949516227,0.6752,0.4189696310762402,0.3278,0.3678,mobilenet,0.3278,0.3172,2.580522796985778,2.2018256305970927,0.3786971668966792,resnet32,0.3678,0.3746,2.3418668638914824,1.9543736011467197,0.3874932627870955,4500000.0,0.0,18000000.0,396000000.0,792000000.0
mobilenetx1-resnet32x1_cifar100_K2_dml_seed0005_d001,d001,"mobilenet:1,resnet32:1",cifar100,2,dml,dml,peers,5,200,64,0.1,0.9,0.0005,True,0,60,0.1,1.0,1,,disagreement,1.0,1,0.0,0.5,weight,complete,0.0,0.0,42,0,45000,5000,10000,3779480,22,0.1,1,17.59,0.395,0.05310000000000001,0.3419,0.4481,0.4457,0.05069999999999997,0.3922,0.4456,0.5912,0.4670453409254391,0.5955,0.47434682950432094,0.3419,0.4481,mobilenet,0.3419,0.3398,2.5791198325089435,2.1978832518851217,0.38123657884584233,resnet32,0.4481,0.4446,2.3475966561924326,1.9573890973221173,0.39020756022496655,4500000.0,0.0,18000000.0,414000000.0,828000000.0
mobilenetx1-resnet32x1_cifar100_K2_dml_seed0005_d001,d001,"mobilenet:1,resnet32:1",cifar100,2,dml,dml,peers,5,200,64,0.1,0.9,0.0005,True,0,60,0.1,1.0,1,,disagreement,1.0,1,0.0,0.5,weight,complete,0.0,0.0,42,0,45000,5000,10000,3779480,23,0.1,1,17.18,0.37170000000000003,0.048100000000000004,0.3236,0.4198,0.4154,0.04369999999999996,0.3677,0.412,0.599,0.48009675156729426,0.5899,0.4917919394693435,0.3236,0.4198,mobilenet,0.3236,0.3168,2.57509712705558,2.1943079390647737,0.3807891872288151,resnet32,0.4198,0.4186,2.3420421489599077,1.9514921422709117,0.39055000711232424,4500000.0,0.0,18000000.0,432000000.0,864000000.0
mobilenetx1-resnet32x1_cifar100_K2_dml_seed0005_d001,d001,"mobilenet:1,resnet32:1",cifar100,2,dml,dml,peers,5,200,64,0.1,0.9,0.0005,True,0,60,0.1,1.0,1,,disagreement,1.0,1,0.0,0.5,weight,complete,0.0,0.0,42,0,45000,5000,10000,3779480,24,0.1,1,17.2,0.38380000000000003,0.036900000000000016,0.3469,0.4207,0.4324,0.04859999999999998,0.37539999999999996,0.4228,0.6048,0.4534532102423229,0.5895,0.4764635235754158,0.3469,0.4207,mobilenet,0.3469,0.3424,2.564114141531966,2.1859779451042414,0.37813619562340056,resnet32,0.4207,0.4084,2.330140311609615,1.9428097678517753,0.38733054346150975,4500000.0,0.0,18000000.0,450000000.0,900000000.0
mobilenetx1-resnet32x1_cifar100_K2_dml_seed0005_d001,d001,"mobilenet:1,resnet32:1",cifar100,2,dml,dml,peers,5,200,64,0.1,0.9,0.0005,True,0,60,0.1,1.0,1,,disagreement,1.0,1,0.0,0.5,weight,complete,0.0,0.0,42,0,45000,5000,10000,3779480,25,0.1,1,17.07,0.37055,0.004149999999999987,0.3664,0.3747,0.4178,0.047250000000000014,0.3649,0.4228,0.6308,0.44840389918257584,0.6307,0.4408223886722473,0.3664,0.3747,mobilenet,0.3664,0.3516,2.565419655123895,2.183257856490937,0.382161799648946,resnet32,0.3747,0.3782,2.328278086063537,1.9375092378732832,0.39076884708959947,4500000.0,0.0,18000000.0,468000000.0,936000000.0
mobilenetx1-resnet32x1_cifar100_K2_dml_seed0005_d001,d001,"mobilenet:1,resnet32:1",cifar100,2,dml,dml,peers,5,200,64,0.1,0.9,0.0005,True,0,60,0.1,1.0,1,,disagreement,1.0,1,0.0,0.5,weight,complete,0.0,0.0,42,0,45000,5000,10000,3779480,26,0.1,1,17.2,0.35555000000000003,0.03855,0.317,0.3941,0.4086,0.053049999999999986,0.3526,0.4022,0.6408,0.4325672019278915,0.648,0.42339785018523723,0.317,0.3941,mobilenet,0.317,0.3194,2.5566079999235543,2.1748649025843902,0.3817430988631465,resnet32,0.3941,0.3858,2.320127630267631,1.9293390571732412,0.39078857499936764,4500000.0,0.0,18000000.0,486000000.0,972000000.0
mobilenetx1-resnet32x1_cifar100_K2_dml_seed0005_d001,d001,"mobilenet:1,resnet32:1",cifar100,2,dml,dml,peers,5,200,64,0.1,0.9,0.0005,True,0,60,0.1,1.0,1,,disagreement,1.0,1,0.0,0.5,weight,complete,0.0,0.0,42,0,45000,5000,10000,3779480,27,0.1,1,17.35,0.3787,0.0408,0.3379,0.4195,0.4204,0.041700000000000015,0.3762,0.4124,0.5834,0.4948139367827554,0.5778,0.5160446087114161,0.3379,0.4195,mobilenet,0.3379,0.3366,2.556259809231216,2.1719803151420574,0.3842794921841811,resnet32,0.4195,0.4158,2.3199762600389393,1.9259487444704229,0.3940275127745487,4500000.0,0.0,18000000.0,504000000.0,1008000000.0
mobilenetx1-resnet32x1_cifar100_K2_dml_seed0005_d001,d001,"mobilenet:1,resnet32:1",cifar100,2,dml,dml,peers,5,200,64,0.1,0.9,0.0005,True,0,60,0.1,1.0,1,,disagreement,1.0,1,0.0,0.5,weight,complete,0.0,0.0,42,0,45000,5000,10000,3779480,28,0.1,1,17.28,0.3144,0.027900000000000008,0.2865,0.3423,0.3516,0.03720000000000001,0.32110000000000005,0.359,0.5998,0.47648018002613496,0.6239,0.45836769776779185,0.2865,0.3423,mobilenet,0.2865,0.2992,2.551954345777631,2.1655742397362534,0.38638010815801943,resnet32,0.3423,0.343,2.3149578771130606,1.9200651396743276,0.39489273726940155,4500000.0,0.0,18000000.0,522000000.0,1044000000.0
mobilenetx1-resnet32x1_cifar100_K2_dml_seed0005_d001,d001,"mobilenet:1,resnet32:1",cifar100,2,dml,dml,peers,5,200,64,0.1,0.9,0.0005,True,0,60,0.1,1.0,1,,disagreement,1.0,1,0.0,0.5,weight,complete,0.0,0.0,42,0,45000,5000,10000,3779480,29,0.1,1,17.12,0.41200000000000003,0.022999999999999993,0.389,0.435,0.4451,0.03309999999999996,0.4085,0.4464,0.5212,0.5278599870862758,0.5158,0.5328451585712451,0.389,0.435,mobilenet,0.389,0.3806,2.5560746998949484,2.169651835818182,0.3864228620871224,resnet32,0.435,0.4364,2.3125735690647904,1.9163102881813592,0.3962632815184241,4500000.0,0.0,18000000.0,540000000.0,1080000000.0
mobilenetx1-resnet32x1_cifar100_K2_dml_seed0005_d001,d001,"mobilenet:1,resnet32:1",cifar100,2,dml,dml,peers,5,200,64,0.1,0.9,0.0005,True,0,60,0.1,1.0,1,,disagreement,1.0,1,0.0,0.5,weight,complete,0.0,0.0,42,0,45000,5000,10000,3779480,30,0.1,1,17.07,0.383,0.06490000000000001,0.3181,0.4479,0.4185,0.035499999999999976,0.38280000000000003,0.4124,0.5728,0.50537438371325,0.5863,0.4780752920160607,0.3181,0.4479,mobilenet,0.3181,0.3244,2.546969523145394,2.162166528911753,0.3848029928789897,resnet32,0.4479,0.4412,2.3112630138004366,1.9165738042105327,0.3946892067112706,4500000.0,0.0,18000000.0,558000000.0,1116000000.0
mobilenetx1-resnet32x1_cifar100_K2_dml_seed0005_d001,d001,"mobilenet:1,resnet32:1",cifar100,2,dml,dml,peers,5,200,64,0.1,0.9,0.0005,True,0,60,0.1,1.0,1,,disagreement,1.0,1,0.0,0.5,weight,complete,0.0,0.0,42,0,45000,5000,10000,3779480,31,0.1,1,17.01,0.36205,0.03595000000000001,0.3261,0.398,0.4044,0.04235,0.3526,0.396,0.6484,0.4513451110281386,0.649,0.4419542300512246,0.3261,0.398,mobilenet,0.3261,0.3188,2.546821128915657,2.161100273782557,0.3857208472168581,resnet32,0.398,0.3864,2.30756410126659,1.9122351115061478,0.3953289874321358,4500000.0,0.0,18000000.0,576000000.0,1152000000.0
mobilenetx1-resnet32x1_cifar100_K2_dml_seed0005_d001,d001,"mobilenet:1,resnet32:1",cifar100,2,dml,dml,peers,5,200,64,0.1,0.9,0.0005,True,0,60,0.1,1.0,1,,disagreement,1.0,1,0.0,0.5,weight,complete,0.0,0.0,42,0,45000,5000,10000,3779480,32,0.1,1,17.01,0.36405,0.006750000000000006,0.3573,0.3708,0.4148,0.05075000000000002,0.3677,0.4182,0.6356,0.4289834599662341,0.6368,0.45584978268061105,0.3708,0.3573,mobilenet,0.3708,0.3774,2.5509561616927385,2.1638741056350144,0.3870820548300716,resnet32,0.3573,0.358,2.308336416767402,1.9112973804162308,0.3970390337688679,4500000.0,0.0,18000000.0,594000000.0,1188000000.0
mobilenetx1-resnet32x1_cifar100_K2_dml_seed0005_d001,d001,"mobilenet:1,resnet32:1",cifar100,2,dml,dml,peers,5,200,64,0.1,0.9,0.0005,True,0,60,0.1,1.0,1,,disagreement,1.0,1,0.0,0.5,weight,complete,0.0,0.0,42,0,45000,5000,10000,3779480,33,0.1,1,17.0,0.32425,0.08915,0.2351,0.4134,0.386,0.06175000000000003,0.3217,0.3796,0.7298,0.38006757892639775,0.7359,0.3726049388328196,0.2351,0.4134,mobilenet,0.2351,0.2374,2.54163450950926,2.1564662964506582,0.3851682109842924,resnet32,0.4134,0.406,2.2982523268596693,1.9039865444329651,0.3942657804370604,4500000.0,0.0,18000000.0,612000000.0,1224000000.0
mobilenetx1-resnet32x1_cifar100_K2_dml_seed0005_d001,d001,"mobilenet:1,resnet32:1",cifar100,2,dml,dml,peers,5,200,64,0.1,0.9,0.0005,True,0,60,0.1,1.0,1,,disagreement,1.0,1,0.0,0.5,weight,complete,0.0,0.0,42,0,45000,5000,10000,3779480,34,0.1,1,17.11,0.36945,0.04504999999999998,0.3244,0.4145,0.4235,0.05404999999999999,0.36819999999999997,0.4118,0.6018,0.4596372620536704,0.6033,0.4632415137133004,0.3244,0.4145,mobilenet,0.3244,0.3232,2.537990040061149,2.150426886806434,0.3875631502067501,resnet32,0.4145,0.4132,2.2999206344512375,1.9031782641329549,0.39674236718565226,4500000.0,0.0,18000000.0,630000000.0,1260000000.0
mobilenetx1-resnet32x1_cifar100_K2_dml_seed0005_d001,d001,"mobilenet:1,resnet32:1",cifar100,2,dml,dml,peers,5,200,64,0.1,0.9,0.0005,True,0,60,0.1,1.0,1,,disagreement,1.0,1,0.0,0.5,weight,complete,0.0,0.0,42,0,45000,5000,10000,3779480,35,0.1,1,17.09,0.32125000000000004,0.0028499999999999914,0.3184,0.3241,0.3511,0.029849999999999988,0.3149,0.3374,0.6462,0.45635624319695195,0.6443,0.4646281403084585,0.3241,0.3184,mobilenet,0.3241,0.318,2.539544282311743,2.1533138474280182,0.38623043335974216,resnet32,0.3184,0.3118,2.3021201464262875,1.9065425351939418,0.3955776122060012,4500000.0,0.0,18000000.0,648000000.0,1296000000.0
mobilenetx1-resnet32x1_cifar100_K2_dml_seed0005_d001,d001,"mobilenet:1,resnet32:1",cifar100,2,dml,dml,peers,5,200,64,0.1,0.9,0.0005,True,0,60,0.1,1.0,1,,disagreement,1.0,1,0.0,0.5,weight,complete,0.0,0.0,42,0,45000,5000,10000,3779480,36,0.1,1,17.12,0.36929999999999996,0.009399999999999992,0.3599,0.3787,0.4,0.03070000000000006,0.36219999999999997,0.3902,0.5428,0.5534759142883199,0.5333,0.5395066096015827,0.3787,0.3599,mobilenet,0.3787,0.3676,2.5383710620755497,2.150972432541576,0.38739862610501324,resnet32,0.3599,0.3568,2.2926068272102964,1.895246372134848,0.397360455668108,4500000.0,0.0,18000000.0,666000000.0,1332000000.0
mobilenetx1-resnet32x1_cifar100_K2_dml_seed0005_d001,d001,"mobilenet:1,resnet32:1",cifar100,2,dml,dml,peers,5,200,64,0.1,0.9,0.0005,True,0,60,0.1,1.0,1,,disagreement,1.0,1,0.0,0.5,weight,complete,0.0,0.0,42,0,45000,5000,10000,3779480,37,0.1,1,17.15,0.3641,0.0068999999999999895,0.3572,0.371,0.4025,0.038400000000000045,0.3578,0.3986,0.5986,0.4848934783718319,0.5923,0.4850559381833461,0.3572,0.371,mobilenet,0.3572,0.3528,2.5406934634189713,2.1540622780607506,0.3866311847655611,resnet32,0.371,0.3628,2.297174276614731,1.9005282180891796,0.3966460626318373,4500000.0,0.0,18000000.0,684000000.0,1368000000.0
mobilenetx1-resnet32x1_cifar100_K2_dml_seed0005_d001,d001,"mobilenet:1,resnet32:1",cifar100,2,dml,dml,peers,5,200,64,0.1,0.9,0.0005,True,0,60,0.1,1.0,1,,disagreement,1.0,1,0.0,0.5,weight,complete,0.0,0.0,42,0,45000,5000,10000,3779480,38,0.1,1,17.16,0.3973,0.029200000000000004,0.3681,0.4265,0.429,0.031700000000000006,0.38839999999999997,0.4172,0.536,0.5264875096332411,0.5231,0.5429431955196737,0.3681,0.4265,mobilenet,0.3681,0.3618,2.545767403800379,2.1560167636383665,0.38975063791837206,resnet32,0.4265,0.415,2.3009727153588426,1.9007280882109294,0.4002446232532913,4500000.0,0.0,18000000.0,702000000.0,1404000000.0
mobilenetx1-resnet32x1_cifar100_K2_dml_seed0005_d001,d001,"mobilenet:1,resnet32:1",cifar100,2,dml,dml,peers,5,200,64,0.1,0.9,0.0005,True,0,60,0.1,1.0,1,,disagreement,1.0,1,0.0,0.5,weight,complete,0.0,0.0,42,0,45000,5000,10000,3779480,39,0.1,1,17.12,0.38245,0.015749999999999986,0.3667,0.3982,0.4222,0.03975000000000001,0.3775,0.4154,0.5824,0.49449586596704426,0.5768,0.5052038845148931,0.3667,0.3982,mobilenet,0.3667,0.3634,2.534831563180143,2.148789859630845,0.38604170278730715,resnet32,0.3982,0.3916,2.292567651888186,1.895560261708769,0.39700739589435136,4500000.0,0.0,18000000.0,720000000.0,1440000000.0
mobilenetx1-resnet32x1_cifar100_K2_dml_seed0005_d001,d001,"mobilenet:1,resnet32:1",cifar100,2,dml,dml,peers,5,200,64,0.1,0.9,0.0005,True,0,60,0.1,1.0,1,,disagreement,1.0,1,0.0,0.5,weight,complete,0.0,0.0,42,0,45000,5000,10000,3779480,40,0.1,1,17.08,0.39554999999999996,0.05005000000000001,0.3455,0.4456,0.4442,0.04865000000000003,0.393,0.4352,0.6234,0.45070902820973985,0.63,0.428785539748289,0.3455,0.4456,mobilenet,0.3455,0.3428,2.5465200929479166,2.1582073130729524,0.38831278000196273,resnet32,0.4456,0.4432,2.2960649957372383,1.8968601103194735,0.3992048831741241,4500000.0,0.0,18000000.0,738000000.0,1476000000.0
mobilenetx1-resnet32x1_cifar100_K2_dml_seed0005_d001,d001,"mobilenet:1,resnet32:1",cifar100,2,dml,dml,peers,5,200,64,0.1,0.9,0.0005,True,0,60,0.1,1.0,1,,disagreement,1.0,1,0.0,0.5,weight,complete,0.0,0.0,42,0,45000,5000,10000,3779480,41,0.1,1,17.17,0.2938,0.02300000000000002,0.2708,0.3168,0.336,0.042200000000000015,0.2952,0.3376,0.7144,0.45029752063124945,0.7139,0.46538091290605377,0.2708,0.3168,mobilenet,0.2708,0.2656,2.5276960855857893,2.1404183578084814,0.3872777308676053,resnet32,0.3168,0.3248,2.287051582708955,1.8883257620036602,0.3987258240495893,4500000.0,0.0,18000000.0,756000000.0,1512000000.0
mobilenetx1-resnet32x1_cifar100_K2_dml_seed0005_d001,d001,"mobilenet:1,resnet32:1",cifar100,2,dml,dml,peers,5,200,64,0.1,0.9,0.0005,True,0,60,0.1,1.0,1,,disagreement,1.0,1,0.0,0.5,weight,complete,0.0,0.0,42,0,45000,5000,10000,3779480,42,0.1,1,16.88,0.3365,0.028999999999999998,0.3075,0.3655,0.3716,0.035099999999999965,0.32630000000000003,0.3682,0.6058,0.49110283540027305,0.6119,0.4810844271952963,0.3075,0.3655,mobilenet,0.3075,0.2988,2.5484370428391476,2.1585587512024422,0.389878294727003,resnet32,0.3655,0.3538,2.2908658254891634,1.8900517272678288,0.4008141003803096,4500000.0,0.0,18000000.0,774000000.0,1548000000.0
mobilenetx1-resnet32x1_cifar100_K2_dml_seed0005_d001,d001,"mobilenet:1,resnet32:1",cifar100,2,dml,dml,peers,5,200,64,0.1,0.9,0.0005,True,0,60,0.1,1.0,1,,disagreement,1.0,1,0.0,0.5,weight,complete,0.0,0.0,42,0,45000,5000,10000,3779480,43,0.1,1,17.12,0.3839,0.043399999999999994,0.3405,0.4273,0.4275,0.04359999999999997,0.3815,0.4306,0.5862,0.47245550908687617,0.5836,0.4858971078219354,0.3405,0.4273,mobilenet,0.3405,0.3356,2.54241852005097,2.1532471137629314,0.3891714068383656,resnet32,0.4273,0.4274,2.28944995474409,1.889094370671294,0.400355582379482,4500000.0,0.0,18000000.0,792000000.0,1584000000.0
mobilenetx1-resnet32x1_cifar100_K2_dml_seed0005_d001,d001,"mobilenet:1,resnet32:1",cifar100,2,dml,dml,peers,5,200,64,0.1,0.9,0.0005,True,0,60,0.1,1.0,1,,disagreement,1.0,1,0.0,0.5,weight,complete,0.0,0.0,42,0,45000,5000,10000,3779480,44,0.1,1,17.07,0.3614,0.016000000000000014,0.3454,0.3774,0.4021,0.040700000000000014,0.35819999999999996,0.3974,0.5996,0.4742772768347172,0.5996,0.4804780283287785,0.3454,0.3774,mobilenet,0.3454,0.3364,2.531189579008655,2.140689132565802,0.39050044339488854,resnet32,0.3774,0.38,2.2840099057013337,1.8828613187440417,0.4011485851793127,4500000.0,0.0,18000000.0,810000000.0,1620000000.0
mobilenetx1-resnet32x1_cifar100_K2_dml_seed0005_d001,d001,"mobilenet:1,resnet32:1",cifar100,2,dml,dml,peers,5,200,64,0.1,0.9,0.0005,True,0,60,0.1,1.0,1,,disagreement,1.0,1,0.0,0.5,weight,complete,0.0,0.0,42,0,45000,5000,10000,3779480,45,0.1,1,17.11,0.34885,0.048250000000000015,0.3006,0.3971,0.4078,0.05895,0.33540000000000003,0.3874,0.7038,0.37868728686823655,0.6891,0.3914908344950073,0.3006,0.3971,mobilenet,0.3006,0.2866,2.5346233917569574,2.147344057532874,0.3872793347320773,resnet32,0.3971,0.3842,2.279141811315309,1.8797269687056541,0.39941483981568704,4500000.0,0.0,18000000.0,828000000.0,1656000000.0
mobilenetx1-resnet32x1_cifar100_K2_dml_seed0005_d001,d001,"mobilenet:1,resnet32:1",cifar100,2,dml,dml,peers,5,200,64,0.1,0.9,0.0005,True,0,60,0.1,1.0,1,,disagreement,1.0,1,0.0,0.5,weight,complete,0.0,0.0,42,0,45000,5000,10000,3779480,46,0.1,1,17.0,0.37395,0.06485000000000002,0.3091,0.4388,0.4189,0.04494999999999999,0.3661,0.405,0.6004,0.47361550259083157,0.6163,0.46252021448911396,0.3091,0.4388,mobilenet,0.3091,0.3052,2.538009561259638,2.1482113386419686,0.3897982236336578,resnet32,0.4388,0.427,2.2840668142519216,1.8823781585828825,0.4016886554150419,4500000.0,0.0,18000000.0,846000000.0,1692000000.0
mobilenetx1-resnet32x1_cifar100_K2_dml_seed0005_d001,d001,"mobilenet:1,resnet32:1",cifar100,2,dml,dml,peers,5,200,64,0.1,0.9,0.0005,True,0,60,0.1,1.0,1,,disagreement,1.0,1,0.0,0.5,weight,complete,0.0,0.0,42,0,45000,5000,10000,3779480,47,0.1,1,17.23,0.35075,0.05785000000000001,0.2929,0.4086,0.4074,0.05664999999999998,0.34440000000000004,0.4064,0.6774,0.3763224324133529,0.6806,0.36931829066046296,0.2929,0.4086,mobilenet,0.2929,0.2848,2.5343844851648267,2.1452850487760524,0.3890994358807802,resnet32,0.4086,0.404,2.2811839636415243,1.8813741755756466,0.3998097879388793,4500000.0,0.0,18000000.0,864000000.0,1728000000.0
mobilenetx1-resnet32x1_cifar100_K2_dml_seed0005_d001,d001,"mobilenet:1,resnet32:1",cifar100,2,dml,dml,peers,5,200,64,0.1,0.9,0.0005,True,0,60,0.1,1.0,1,,disagreement,1.0,1,0.0,0.5,weight,complete,0.0,0.0,42,0,45000,5000,10000,3779480,48,0.1,1,17.3,0.37725,0.008849999999999997,0.3684,0.3861,0.4212,0.043950000000000045,0.35929999999999995,0.4018,0.6334,0.4655042760175785,0.6312,0.4528995018382138,0.3684,0.3861,mobilenet,0.3684,0.3464,2.531436752358621,2.1432381848042663,0.38819856916300277,resnet32,0.3861,0.3722,2.2832142658193004,1.8837129749696364,0.399501290849664,4500000.0,0.0,18000000.0,882000000.0,1764000000.0
mobilenetx1-resnet32x1_cifar100_K2_dml_seed0005_d001,d001,"mobilenet:1,resnet32:1",cifar100,2,dml,dml,peers,5,200,64,0.1,0.9,0.0005,True,0,60,0.1,1.0,1,,disagreement,1.0,1,0.0,0.5,weight,complete,0.0,0.0,42,0,45000,5000,10000,3779480,49,0.1,1,17.51,0.38995,0.018850000000000006,0.3711,0.4088,0.4377,0.04774999999999996,0.3801,0.4272,0.6048,0.4315706731826723,0.6036,0.43198074240096895,0.3711,0.4088,mobilenet,0.3711,0.3606,2.533744313500144,2.1422951705753803,0.3914491442370821,resnet32,0.4088,0.3996,2.2826947722245348,1.8808616089888595,0.40183316154236143,4500000.0,0.0,18000000.0,900000000.0,1800000000.0
mobilenetx1-resnet32x1_cifar100_K2_dml_seed0005_d001,d001,"mobilenet:1,resnet32:1",cifar100,2,dml,dml,peers,5,200,64,0.1,0.9,0.0005,True,0,60,0.1,1.0,1,,disagreement,1.0,1,0.0,0.5,weight,complete,0.0,0.0,42,0,45000,5000,10000,3779480,50,0.1,1,17.49,0.36655,0.08615,0.2804,0.4527,0.4252,0.058650000000000035,0.3548,0.411,0.6754,0.4299938797690135,0.6799,0.39654225946013294,0.2804,0.4527,mobilenet,0.2804,0.273,2.533041563223709,2.1432392590425233,0.3898023006252267,resnet32,0.4527,0.4366,2.2747280538420784,1.8737149695781143,0.4010130861266093,4500000.0,0.0,18000000.0,918000000.0,1836000000.0
mobilenetx1-resnet32x1_cifar100_K2_dml_seed0005_d001,d001,"mobilenet:1,resnet32:1",cifar100,2,dml,dml,peers,5,200,64,0.1,0.9,0.0005,True,0,60,0.1,1.0,1,,disagreement,1.0,1,0.0,0.5,weight,complete,0.0,0.0,42,0,45000,5000,10000,3779480,51,0.1,1,17.57,0.38105,0.059750000000000025,0.3213,0.4408,0.4301,0.04904999999999998,0.3758,0.4244,0.6038,0.4809316578234007,0.603,0.4833864033586881,0.3213,0.4408,mobilenet,0.3213,0.321,2.537344610995867,2.1481836517764763,0.38916095716624777,resnet32,0.4408,0.4306,2.281153727830811,1.8793784061616117,0.401775319552557,4500000.0,0.0,18000000.0,936000000.0,1872000000.0
mobilenetx1-resnet32x1_cifar100_K2_dml_seed0005_d001,d001,"mobilenet:1,resnet32:1",cifar100,2,dml,dml,peers,5,200,64,0.1,0.9,0.0005,True,0,60,0.1,1.0,1,,disagreement,1.0,1,0.0,0.5,weight,complete,0.0,0.0,42,0,45000,5000,10000,3779480,52,0.1,1,16.95,0.37385,0.06655,0.3073,0.4404,0.4287,0.05485000000000001,0.37039999999999995,0.4214,0.6194,0.45542698520359504,0.6134,0.4766146148521574,0.3073,0.4404,mobilenet,0.3073,0.3076,2.5373048159209164,2.147436697036028,0.3898681145246056,resnet32,0.4404,0.4332,2.2817025770517914,1.8800965610214255,0.4016060152683746,4500000.0,0.0,18000000.0,954000000.0,1908000000.0
mobilenetx1-resnet32x1_cifar100_K2_dml_seed0005_d001,d001,"mobilenet:1,resnet32:1",cifar100,2,dml,dml,peers,5,200,64,0.1,0.9,0.0005,True,0,60,0.1,1.0,1,,disagreement,1.0,1,0.0,0.5,weight,complete,0.0,0.0,42,0,45000,5000,10000,3779480,53,0.1,1,17.16,0.389,0.027700000000000002,0.3613,0.4167,0.4319,0.042899999999999994,0.383,0.4308,0.6256,0.418181548867717,0.6226,0.4519927230439611,0.3613,0.4167,mobilenet,0.3613,0.361,2.5364902701906185,2.1451961758800526,0.3912940989671783,resnet32,0.4167,0.405,2.2735633306543934,1.8695742134004831,0.403989117634906,4500000.0,0.0,18000000.0,972000000.0,1944000000.0
mobilenetx1-resnet32x1_cifar100_K2_dml_seed0005_d001,d001,"mobilenet:1,resnet32:1",cifar100,2,dml,dml,peers,5,200,64,0.1,0.9,0.0005,True,0,60,0.1,1.0,1,,disagreement,1.0,1,0.0,0.5,weight,complete,0.0,0.0,42,0,45000,5000,10000,3779480,54,0.1,1,17.1,0.34815,0.03284999999999999,0.3153,0.381,0.3896,0.04144999999999999,0.3454,0.3934,0.6582,0.42801412149965645,0.6493,0.44836818973234505,0.3153,0.381,mobilenet,0.3153,0.3188,2.5343303229998457,2.1419993440874596,0.3923309760125862,resnet32,0.381,0.372,2.276694413443858,1.8728370231322267,0.40385739094662393,4500000.0,0.0,18000000.0,990000000.0,1980000000.0
mobilenetx1-resnet32x1_cifar100_K2_dml_seed0005_d001,d001,"mobilenet:1,resnet32:1",cifar100,2,dml,dml,peers,5,200,64,0.1,0.9,0.0005,True,0,60,0.1,1.0,1,,disagreement,1.0,1,0.0,0.5,weight,complete,0.0,0.0,42,0,45000,5000,10000,3779480,55,0.1,1,17.18,0.397,0.0426,0.3544,0.4396,0.4431,0.046099999999999974,0.3956,0.438,0.5664,0.4971727823288969,0.5615,0.4827251463109955,0.3544,0.4396,mobilenet,0.3544,0.3532,2.543177054009654,2.1530604257502337,0.39011662936007435,resnet32,0.4396,0.438,2.2766877243464645,1.8746342540464618,0.40205347021533683,4500000.0,0.0,18000000.0,1008000000.0,2016000000.0
mobilenetx1-resnet32x1_cifar100_K2_dml_seed0005_d001,d001,"mobilenet:1,resnet32:1",cifar100,2,dml,dml,peers,5,200,64,0.1,0.9,0.0005,True,0,60,0.1,1.0,1,,disagreement,1.0,1,0.0,0.5,weight,complete,0.0,0.0,42,0,45000,5000,10000,3779480,56,0.1,1,17.05,0.3873,0.0691,0.3182,0.4564,0.4404,0.053100000000000036,0.3798,0.4314,0.5874,0.4480700812731064,0.5776,0.4783306761017634,0.3182,0.4564,mobilenet,0.3182,0.3136,2.540531176396392,2.1515998051247816,0.3889313682659783,resnet32,0.4564,0.446,2.2757933380251583,1.8740208960053595,0.40177244003015483,4500000.0,0.0,18000000.0,1026000000.0,2052000000.0
mobilenetx1-resnet32x1_cifar100_K2_dml_seed0005_d001,d001,"mobilenet:1,resnet32:1",cifar100,2,dml,dml,peers,5,200,64,0.1,0.9,0.0005,True,0,60,0.1,1.0,1,,disagreement,1.0,1,0.0,0.5,weight,complete,0.0,0.0,42,0,45000,5000,10000,3779480,57,0.1,1,16.92,0.42169999999999996,0.04669999999999999,0.375,0.4684,0.4606,0.038900000000000046,0.42110000000000003,0.4594,0.5294,0.5270214885244503,0.5373,0.5010813304882318,0.375,0.4684,mobilenet,0.375,0.3802,2.5395429388365964,2.1483301247724076,0.39121281723915174,resnet32,0.4684,0.462,2.27924641137096,1.8756856645711444,0.4035607483237982,4500000.0,0.0,18000000.0,1044000000.0,2088000000.0
mobilenetx1-resnet32x1_cifar100_K2_dml_seed0005_d001,d001,"mobilenet:1,resnet32:1",cifar100,2,dml,dml,peers,5,200,64,0.1,0.9,0.0005,True,0,60,0.1,1.0,1,,disagreement,1.0,1,0.0,0.5,weight,complete,0.0,0.0,42,0,45000,5000,10000,3779480,58,0.1,1,16.84,0.3216,0.0398,0.2818,0.3614,0.3701,0.04849999999999999,0.3157,0.3562,0.6684,0.42746279800924164,0.6721,0.42594875801257553,0.2818,0.3614,mobilenet,0.2818,0.2718,2.52897341481664,2.1397746599872005,0.38919875461777503,resnet32,0.3614,0.3596,2.2682778029279276,1.8676454668695277,0.40063233601606707,4500000.0,0.0,18000000.0,1062000000.0,2124000000.0
mobilenetx1-resnet32x1_cifar100_K2_dml_seed0005_d001,d001,"mobilenet:1,resnet32:1",cifar100,2,dml,dml,peers,5,200,64,0.1,0.9,0.0005,True,0,60,0.1,1.0,1,,disagreement,1.0,1,0.0,0.5,weight,complete,0.0,0.0,42,0,45000,5000,10000,3779480,59,0.1,1,17.06,0.36745,0.035750000000000004,0.3317,0.4032,0.3949,0.027449999999999974,0.3601,0.3844,0.568,0.5200693816408362,0.5563,0.5458071322987701,0.3317,0.4032,mobilenet,0.3317,0.3206,2.539886215193705,2.150698470967737,0.38918774312531407,resnet32,0.4032,0.3996,2.272685813463547,1.871207276189869,0.4014785389669917,4500000.0,0.0,18000000.0,1080000000.0,2160000000.0
mobilenetx1-resnet32x1_cifar100_K2_dml_seed0005_d001,d001,"mobilenet:1,resnet32:1",cifar100,2,dml,dml,peers,5,200,64,0.1,0.9,0.0005,True,0,60,0.1,1.0,1,,disagreement,1.0,1,0.0,0.5,weight,complete,0.0,0.0,42,0,45000,5000,10000,3779480,60,0.010000000000000002,1,16.98,0.58725,0.024550000000000016,0.5627,0.6118,0.6029,0.015649999999999942,0.5806,0.5988,0.279,0.7022104908716664,0.2751,0.7071041029154777,0.5627,0.6118,mobilenet,0.5627,0.5534,1.9452694012698801,1.7041713307526978,0.24109807250682602,resnet32,0.6118,0.6078,1.7210778521204537,1.4720046479593625,0.24907320124012503,4500000.0,0.0,18000000.0,1098000000.0,2196000000.0
mobilenetx1-resnet32x1_cifar100_K2_dml_seed0005_d001,d001,"mobilenet:1,resnet32:1",cifar100,2,dml,dml,peers,5,200,64,0.1,0.9,0.0005,True,0,60,0.1,1.0,1,,disagreement,1.0,1,0.0,0.5,weight,complete,0.0,0.0,42,0,45000,5000,10000,3779480,61,0.010000000000000002,1,17.05,0.5958,0.028200000000000003,0.5676,0.624,0.6143,0.01849999999999996,0.59,0.6082,0.2676,0.7036456782812602,0.2819,0.693920774423365,0.5676,0.624,mobilenet,0.5676,0.5648,1.793391563506289,1.5605278369039297,0.23286372747018255,resnet32,0.624,0.6152,1.5730950964445418,1.330220391211862,0.24287470438602296,4500000.0,0.0,18000000.0,1116000000.0,2232000000.0
mobilenetx1-resnet32x1_cifar100_K2_dml_seed0005_d001,d001,"mobilenet:1,resnet32:1",cifar100,2,dml,dml,peers,5,200,64,0.1,0.9,0.0005,True,0,60,0.1,1.0,1,,disagreement,1.0,1,0.0,0.5,weight,complete,0.0,0.0,42,0,45000,5000,10000,3779480,62,0.010000000000000002,1,17.0,0.6019,0.024900000000000033,0.577,0.6268,0.6199,0.018000000000000016,0.6002,0.619,0.2808,0.6897007389139428,0.2801,0.6902765335113176,0.577,0.6268,mobilenet,0.577,0.577,1.7341065598143772,1.5000403704629703,0.23406619134105064,resnet32,0.6268,0.6234,1.528666909445416,1.283535378392447,0.24513153067197313,4500000.0,0.0,18000000.0,1134000000.0,2268000000.0
mobilenetx1-resnet32x1_cifar100_K2_dml_seed0005_d001,d001,"mobilenet:1,resnet32:1",cifar100,2,dml,dml,peers,5,200,64,0.1,0.9,0.0005,True,0,60,0.1,1.0,1,,disagreement,1.0,1,0.0,0.5,weight,complete,0.0,0.0,42,0,45000,5000,10000,3779480,63,0.010000000000000002,1,17.15,0.60365,0.02795000000000003,0.5757,0.6316,0.6221,0.018449999999999966,0.6045,0.6218,0.2802,0.6846337078806236,0.2816,0.6870150636177231,0.5757,0.6316,mobilenet,0.5757,0.5772,1.7053660655563527,1.4663962450894443,0.23896981934508818,resnet32,0.6316,0.6318,1.4970716993239792,1.2471134974197908,0.24995820175602354,4500000.0,0.0,18000000.0,1152000000.0,2304000000.0
mobilenetx1-resnet32x1_cifar100_K2_dml_seed0005_d001,d001,"mobilenet:1,resnet32:1",cifar100,2,dml,dml,peers,5,200,64,0.1,0.9,0.0005,True,0,60,0.1,1.0,1,,disagreement,1.0,1,0.0,0.5,weight,complete,0.0,0.0,42,0,45000,5000,10000,3779480,64,0.010000000000000002,1,17.21,0.6066,0.023799999999999988,0.5828,0.6304,0.63,0.023399999999999976,0.6072,0.6238,0.2802,0.6708466598397275,0.2851,0.6764374438913405,0.5828,0.6304,mobilenet,0.5828,0.5872,1.675654580139301,1.4328915383666754,0.2427630412222987,resnet32,0.6304,0.6272,1.47442233748734,1.2195381062443962,0.25488423120061104,4500000.0,0.0,18000000.0,1170000000.0,2340000000.0
mobilenetx1-resnet32x1_cifar100_K2_dml_seed0005_d001,d001,"mobilenet:1,resnet32:1",cifar100,2,dml,dml,peers,5,200,64,0.1,0.9,0.0005,True,0,60,0.1,1.0,1,,disagreement,1.0,1,0.0,0.5,weight,complete,0.0,0.0,42,0,45000,5000,10000,3779480,65,0.010000000000000002,1,16.96,0.6047499999999999,0.02174999999999999,0.583,0.6265,0.6246,0.019850000000000145,0.6002000000000001,0.6206,0.2932,0.6699672311836848,0.2913,0.671879279212254,0.583,0.6265,mobilenet,0.583,0.5786,1.663191744211045,1.4163382257419554,0.24685351956974377,resnet32,0.6265,0.6218,1.4558394635942848,1.1975060676817189,0.25833339580673387,4500000.0,0.0,18000000.0,1188000000.0,2376000000.0
mobilenetx1-resnet32x1_cifar100_K2_dml_seed0005_d001,d001,"mobilenet:1,resnet32:1",cifar100,2,dml,dml,peers,5,200,64,0.1,0.9,0.0005,True,0,60,0.1,1.0,1,,disagreement,1.0,1,0.0,0.5,weight,complete,0.0,0.0,42,0,45000,5000,10000,3779480,66,0.010000000000000002,1,17.02,0.6053999999999999,0.023899999999999977,0.5815,0.6293,0.6241,0.01870000000000005,0.6051,0.628,0.2874,0.6773184663082435,0.2977,0.6663216867593709,0.5815,0.6293,mobilenet,0.5815,0.5812,1.6533356026153674,1.3996400864456187,0.2536955149844289,resnet32,0.6293,0.629,1.4549845915965058,1.1883475583216006,0.2666370329574089,4500000.0,0.0,18000000.0,1206000000.0,2412000000.0
mobilenetx1-resnet32x1_cifar100_K2_dml_seed0005_d001,d001,"mobilenet:1,resnet32:1",cifar100,2,dml,dml,peers,5,200,64,0.1,0.9,0.0005,True,0,60,0.1,1.0,1,,disagreement,1.0,1,0.0,0.5,weight,complete,0.0,0.0,42,0,45000,5000,10000,3779480,67,0.010000000000000002,1,17.23,0.6147,0.022899999999999972,0.5918,0.6376,0.6351,0.020399999999999974,0.6084,0.6306,0.2926,0.6533301209198956,0.2863,0.6698873289434772,0.5918,0.6376,mobilenet,0.5918,0.5842,1.6416843177920037,1.3836157847703858,0.25806853266178886,resnet32,0.6376,0.6326,1.441934883001853,1.1709505407647653,0.27098434340124106,4500000.0,0.0,18000000.0,1224000000.0,2448000000.0
mobilenetx1-resnet32x1_cifar100_K2_dml_seed0005_d001,d001,"mobilenet:1,resnet32:1",cifar100,2,dml,dml,peers,5,200,64,0.1,0.9,0.0005,True,0,60,0.1,1.0,1,,disagreement,1.0,1,0.0,0.5,weight,complete,0.0,0.0,42,0,45000,5000,10000,3779480,68,0.010000000000000002,1,17.11,0.61205,0.018850000000000033,0.5932,0.6309,0.6368,0.02475000000000005,0.6166,0.6398,0.296,0.6500957502474499,0.2977,0.6519676049706248,0.5932,0.6309,mobilenet,0.5932,0.594,1.6351261211728507,1.3715842698108067,0.2635418520393697,resnet32,0.6309,0.6392,1.4422118387777696,1.165004001083699,0.27720783864655957,4500000.0,0.0,18000000.0,1242000000.0,2484000000.0
mobilenetx1-resnet32x1_cifar100_K2_dml_seed0005_d001,d001,"mobilenet:1,resnet32:1",cifar100,2,dml,dml,peers,5,200,64,0.1,0.9,0.0005,True,0,60,0.1,1.0,1,,disagreement,1.0,1,0.0,0.5,weight,complete,0.0,0.0,42,0,45000,5000,10000,3779480,69,0.010000000000000002,1,17.04,0.60245,0.026249999999999996,0.5762,0.6287,0.6283,0.02584999999999993,0.5984,0.6228,0.3092,0.6575568630060006,0.2987,0.6569222910317949,0.5762,0.6287,mobilenet,0.5762,0.5754,1.6328759537163107,1.36454253686084,0.26833341615697875,resnet32,0.6287,0.6214,1.4419622158801013,1.1602830646390265,0.2816791498652575,4500000.0,0.0,18000000.0,1260000000.0,2520000000.0
mobilenetx1-resnet32x1_cifar100_K2_dml_seed0005_d001,d001,"mobilenet:1,resnet32:1",cifar100,2,dml,dml,peers,5,200,64,0.1,0.9,0.0005,True,0,60,0.1,1.0,1,,disagreement,1.0,1,0.0,0.5,weight,complete,0.0,0.0,42,0,45000,5000,10000,3779480,70,0.010000000000000002,1,17.03,0.6079,0.026599999999999957,0.5813,0.6345,0.6332,0.02529999999999999,0.6085,0.632,0.303,0.6548827014085744,0.3059,0.6484750410576251,0.5813,0.6345,mobilenet,0.5813,0.5834,1.629432699219747,1.3559078035706824,0.2735248948870735,resnet32,0.6345,0.6336,1.4349604068662634,1.1474965338341214,0.28746387231248344,4500000.0,0.0,18000000.0,1278000000.0,2556000000.0
mobilenetx1-resnet32x1_cifar100_K2_dml_seed0005_d001,d001,"mobilenet:1,resnet32:1",cifar100,2,dml,dml,peers,5,200,64,0.1,0.9,0.0005,True,0,60,0.1,1.0,1,,disagreement,1.0,1,0.0,0.5,weight,complete,0.0,0.0,42,0,45000,5000,10000,3779480,71,0.010000000000000002,1,17.09,0.6158,0.021199999999999997,0.5946,0.637,0.6366,0.02080000000000004,0.6101,0.6358,0.31,0.6335178275468973,0.3008,0.6507682854290874,0.5946,0.637,mobilenet,0.5946,0.5868,1.625616842034188,1.3495083063502202,0.276108536996286,resnet32,0.637,0.6334,1.4367927731099455,1.1471102494238452,0.2896825259720737,4500000.0,0.0,18000000.0,1296000000.0,2592000000.0
mobilenetx1-resnet32x1_cifar100_K2_dml_seed0005_d001,d001,"mobilenet:1,resnet32:1",cifar100,2,dml,dml,peers,5,200,64,0.1,0.9,0.0005,True,0,60,0.1,1.0,1,,disagreement,1.0,1,0.0,0.5,weight,complete,0.0,0.0,42,0,45000,5000,10000,3779480,72,0.010000000000000002,1,16.95,0.60815,0.025949999999999973,0.5822,0.6341,0.633,0.02485000000000004,0.6059000000000001,0.6342,0.3228,0.6237915126406943,0.3239,0.6273133080961788,0.5822,0.6341,mobilenet,0.5822,0.5832,1.6341391639275984,1.3530903811651198,0.2810487828471444,resnet32,0.6341,0.6286,1.4395538111301986,1.1436804825101385,0.2958733288317241,4500000.0,0.0,18000000.0,1314000000.0,2628000000.0
mobilenetx1-resnet32x1_cifar100_K2_dml_seed0005_d001,d001,"mobilenet:1,resnet32:1",cifar100,2,dml,dml,peers,5,200,64,0.1,0.9,0.0005,True,0,60,0.1,1.0,1,,disagreement,1.0,1,0.0,0.5,weight,complete,0.0,0.0,42,0,45000,5000,10000,3779480,73,0.010000000000000002,1,16.97,0.60985,0.022050000000000014,0.5878,0.6319,0.6376,0.02774999999999994,0.6068,0.6308,0.315,0.6337359680285122,0.3049,0.6489928320168266,0.5878,0.6319,mobilenet,0.5878,0.5878,1.6284639764238487,1.3454479421065613,0.2830160335552963,resnet32,0.6319,0.6258,1.4334512722085824,1.1360776204277168,0.29737365286035294,4500000.0,0.0,18000000.0,1332000000.0,2664000000.0
mobilenetx1-resnet32x1_cifar100_K2_dml_seed0005_d001,d001,"mobilenet:1,resnet32:1",cifar100,2,dml,dml,peers,5,200,64,0.1,0.9,0.0005,True,0,60,0.1,1.0,1,,disagreement,1.0,1,0.0,0.5,weight,complete,0.0,0.0,42,0,45000,5000,10000,3779480,74,0.010000000000000002,1,16.98,0.61,0.03159999999999996,0.5784,0.6416,0.6337,0.023700000000000054,0.6081,0.634,0.312,0.6334966004559236,0.3109,0.6368198220001536,0.5784,0.6416,mobilenet,0.5784,0.5778,1.6292967567728325,1.3412949944930999,0.2880017630205574,resnet32,0.6416,0.6384,1.4345392790538343,1.132415116002614,0.3021241610615768,4500000.0,0.0,18000000.0,1350000000.0,2700000000.0
mobilenetx1-resnet32x1_cifar100_K2_dml_seed0005_d001,d001,"mobilenet:1,resnet32:1",cifar100,2,dml,dml,peers,5,200,64,0.1,0.9,0.0005,True,0,60,0.1,1.0,1,,disagreement,1.0,1,0.0,0.5,weight,complete,0.0,0.0,42,0,45000,5000,10000,3779480,75,0.010000000000000002,1,16.9,0.6023499999999999,0.03175,0.5706,0.6341,0.6358,0.03345000000000009,0.5971,0.6276,0.3218,0.6325585344987198,0.3296,0.6206596216121288,0.5706,0.6341,mobilenet,0.5706,0.5672,1.6297325138002634,1.3371962080286308,0.29253630591979757,resnet32,0.6341,0.627,1.4378238548948006,1.1298747882246971,0.307949067749591,4500000.0,0.0,18000000.0,1368000000.0,2736000000.0
mobilenetx1-resnet32x1_cifar100_K2_dml_seed0005_d001,d001,"mobilenet:1,resnet32:1",cifar100,2,dml,dml,peers,5,200,64,0.1,0.9,0.0005,True,0,60,0.1,1.0,1,,disagreement,1.0,1,0.0,0.5,weight,complete,0.0,0.0,42,0,45000,5000,10000,3779480,76,0.010000000000000002,1,17.02,0.6094999999999999,0.025500000000000023,0.584,0.635,0.6398,0.030300000000000105,0.6107,0.641,0.3188,0.6321801651104829,0.3244,0.6239522588547239,0.584,0.635,mobilenet,0.584,0.5858,1.6248228189281442,1.329069758850065,0.2957530627238818,resnet32,0.635,0.6356,1.4373142723502084,1.1269404006783257,0.31037387294186786,4500000.0,0.0,18000000.0,1386000000.0,2772000000.0
mobilenetx1-resnet32x1_cifar100_K2_dml_seed0005_d001,d001,"mobilenet:1,resnet32:1",cifar100,2,dml,dml,peers,5,200,64,0.1,0.9,0.0005,True,0,60,0.1,1.0,1,,disagreement,1.0,1,0.0,0.5,weight,complete,0.0,0.0,42,0,45000,5000,10000,3779480,77,0.010000000000000002,1,16.98,0.6009500000000001,0.02074999999999999,0.5802,0.6217,0.6277,0.02674999999999994,0.6012,0.6286,0.3296,0.6249248289579575,0.339,0.6107985147842424,0.5802,0.6217,mobilenet,0.5802,0.5784,1.6346589524976232,1.3341216427189382,0.3005373097786849,resnet32,0.6217,0.624,1.442833071235906,1.1270438777282834,0.31578919579359616,4500000.0,0.0,18000000.0,1404000000.0,2808000000.0
mobilenetx1-resnet32x1_cifar100_K2_dml_seed0005_d001,d001,"mobilenet:1,resnet32:1",cifar100,2,dml,dml,peers,5,200,64,0.1,0.9,0.0005,True,0,60,0.1,1.0,1,,disagreement,1.0,1,0.0,0.5,weight,complete,0.0,0.0,42,0,45000,5000,10000,3779480,78,0.010000000000000002,1,16.94,0.60725,0.022150000000000003,0.5851,0.6294,0.6337,0.026450000000000085,0.6047,0.6266,0.3056,0.6456222127926469,0.3168,0.6376636841064253,0.5851,0.6294,mobilenet,0.5851,0.5806,1.6367005565288393,1.3355054919692604,0.3011950643902475,resnet32,0.6294,0.6288,1.440232373435389,1.1231617013161832,0.31707067402418365,4500000.0,0.0,18000000.0,1422000000.0,2844000000.0
mobilenetx1-resnet32x1_cifar100_K2_dml_seed0005_d001,d001,"mobilenet:1,resnet32:1",cifar100,2,dml,dml,peers,5,200,64,0.1,0.9,0.0005,True,0,60,0.1,1.0,1,,disagreement,1.0,1,0.0,0.5,weight,complete,0.0,0.0,42,0,45000,5000,10000,3779480,79,0.010000000000000002,1,17.08,0.60625,0.028350000000000042,0.5779,0.6346,0.6389,0.03265000000000007,0.6013999999999999,0.6348,0.3442,0.5959756373523952,0.3362,0.614153347591104,0.5779,0.6346,mobilenet,0.5779,0.575,1.629153068431399,1.3261451855809852,0.3030078843108971,resnet32,0.6346,0.6278,1.4395353887230158,1.1227710697461257,0.3167643196118826,4500000.0,0.0,18000000.0,1440000000.0,2880000000.0
mobilenetx1-resnet32x1_cifar100_K2_dml_seed0005_d001,d001,"mobilenet:1,resnet32:1",cifar100,2,dml,dml,peers,5,200,64,0.1,0.9,0.0005,True,0,60,0.1,1.0,1,,disagreement,1.0,1,0.0,0.5,weight,complete,0.0,0.0,42,0,45000,5000,10000,3779480,80,0.010000000000000002,1,16.92,0.60495,0.02705000000000002,0.5779,0.632,0.637,0.03205000000000002,0.6073,0.6382,0.3398,0.6004391462892962,0.3397,0.6019124572778196,0.5779,0.632,mobilenet,0.5779,0.5852,1.6355239733714948,1.3284063674509525,0.3071176045447249,resnet32,0.632,0.6294,1.4405431681397287,1.1184233550659635,0.32211981271393597,4500000.0,0.0,18000000.0,1458000000.0,2916000000.0
mobilenetx1-resnet32x1_cifar100_K2_dml_seed0005_d001,d001,"mobilenet:1,resnet32:1",cifar100,2,dml,dml,peers,5,200,64,0.1,0.9,0.0005,True,0,60,0.1,1.0,1,,disagreement,1.0,1,0.0,0.5,weight,complete,0.0,0.0,42,0,45000,5000,10000,3779480,81,0.010000000000000002,1,16.82,0.60685,0.027449999999999974,0.5794,0.6343,0.6358,0.02895000000000003,0.6045,0.6344,0.331,0.6237375218945783,0.3292,0.6215860848483411,0.5794,0.6343,mobilenet,0.5794,0.5742,1.6454780083149672,1.3380753508006984,0.3074026570486074,resnet32,0.6343,0.6348,1.4475104355845938,1.1236708202314647,0.32383961376564746,4500000.0,0.0,18000000.0,1476000000.0,2952000000.0
mobilenetx1-resnet32x1_cifar100_K2_dml_seed0005_d001,d001,"mobilenet:1,resnet32:1",cifar100,2,dml,dml,peers,5,200,64,0.1,0.9,0.0005,True,0,60,0.1,1.0,1,,disagreement,1.0,1,0.0,0.5,weight,complete,0.0,0.0,42,0,45000,5000,10000,3779480,82,0.010000000000000002,1,16.81,0.6145,0.024300000000000044,0.5902,0.6388,0.6392,0.024699999999999944,0.6104,0.639,0.3226,0.6193156613628353,0.3245,0.6158317910053702,0.5902,0.6388,mobilenet,0.5902,0.5852,1.6369532006369396,1.32719490270723,0.309758297146552,resnet32,0.6388,0.6356,1.4459384385157714,1.1201021691614932,0.3258362698199397,4500000.0,0.0,18000000.0,1494000000.0,2988000000.0
mobilenetx1-resnet32x1_cifar100_K2_dml_seed0005_d001,d001,"mobilenet:1,resnet32:1",cifar100,2,dml,dml,peers,5,200,64,0.1,0.9,0.0005,True,0,60,0.1,1.0,1,,disagreement,1.0,1,0.0,0.5,weight,complete,0.0,0.0,42,0,45000,5000,10000,3779480,83,0.010000000000000002,1,17.12,0.59135,0.017849999999999977,0.5735,0.6092,0.6262,0.03484999999999994,0.5912,0.6224,0.3654,0.5830753799645227,0.3711,0.5827407327705726,0.5735,0.6092,mobilenet,0.5735,0.5748,1.6382299426265738,1.327275579879907,0.3109543614978479,resnet32,0.6092,0.6076,1.4374374825168739,1.110134001736614,0.32730348173274915,4500000.0,0.0,18000000.0,1512000000.0,3024000000.0
mobilenetx1-resnet32x1_cifar100_K2_dml_seed0005_d001,d001,"mobilenet:1,resnet32:1",cifar100,2,dml,dml,peers,5,200,64,0.1,0.9,0.0005,True,0,60,0.1,1.0,1,,disagreement,1.0,1,0.0,0.5,weight,complete,0.0,0.0,42,0,45000,5000,10000,3779480,84,0.010000000000000002,1,16.75,0.60415,0.03594999999999998,0.5682,0.6401,0.6363,0.03215000000000001,0.6022000000000001,0.6346,0.333,0.6254633956730556,0.3429,0.6010502875021576,0.5682,0.6401,mobilenet,0.5682,0.5706,1.634480588307435,1.3218081358142875,0.3126724538054656,resnet32,0.6401,0.6338,1.4379684470424599,1.108667766167359,0.32930068379606714,4500000.0,0.0,18000000.0,1530000000.0,3060000000.0
mobilenetx1-resnet32x1_cifar100_K2_dml_seed0005_d001,d001,"mobilenet:1,resnet32:1",cifar100,2,dml,dml,peers,5,200,64,0.1,0.9,0.0005,True,0,60,0.1,1.0,1,,disagreement,1.0,1,0.0,0.5,weight,complete,0.0,0.0,42,0,45000,5000,10000,3779480,85,0.010000000000000002,1,17.2,0.5976,0.0262,0.5714,0.6238,0.6304,0.03279999999999994,0.5992,0.633,0.3518,0.6005783678478617,0.3564,0.598000807057872,0.5714,0.6238,mobilenet,0.5714,0.5714,1.6330832815305754,1.31996962741356,0.3131136523178694,resnet32,0.6238,0.627,1.4329808879305015,1.1032784850421278,0.32970240265554324,4500000.0,0.0,18000000.0,1548000000.0,3096000000.0
mobilenetx1-resnet32x1_cifar100_K2_dml_seed0005_d001,d001,"mobilenet:1,resnet32:1",cifar100,2,dml,dml,peers,5,200,64,0.1,0.9,0.0005,True,0,60,0.1,1.0,1,,disagreement,1.0,1,0.0,0.5,weight,complete,0.0,0.0,42,0,45000,5000,10000,3779480,86,0.010000000000000002,1,17.24,0.59145,0.01984999999999998,0.5716,0.6113,0.6196,0.02815000000000001,0.5907,0.6204,0.3586,0.5853386755460023,0.3512,0.6080906361941777,0.5716,0.6113,mobilenet,0.5716,0.5784,1.633882050487128,1.3170994540507144,0.31678259654224594,resnet32,0.6113,0.603,1.436296182769266,1.1026536031541498,0.33364257764663885,4500000.0,0.0,18000000.0,1566000000.0,3132000000.0
mobilenetx1-resnet32x1_cifar100_K2_dml_seed0005_d001,d001,"mobilenet:1,resnet32:1",cifar100,2,dml,dml,peers,5,200,64,0.1,0.9,0.0005,True,0,60,0.1,1.0,1,,disagreement,1.0,1,0.0,0.5,weight,complete,0.0,0.0,42,0,45000,5000,10000,3779480,87,0.010000000000000002,1,17.59,0.596,0.016000000000000014,0.58,0.612,0.63,0.03400000000000003,0.5935999999999999,0.6278,0.352,0.5956360509029992,0.3485,0.6047190499449797,0.58,0.612,mobilenet,0.58,0.577,1.6357968370006843,1.318962529386309,0.3168343077413738,resnet32,0.612,0.6102,1.4380855623802,1.1052907045761293,0.33279485460794106,4500000.0,0.0,18000000.0,1584000000.0,3168000000.0
mobilenetx1-resnet32x1_cifar100_K2_dml_seed0005_d001,d001,"mobilenet:1,resnet32:1",cifar100,2,dml,dml,peers,5,200,64,0.1,0.9,0.0005,True,0,60,0.1,1.0,1,,disagreement,1.0,1,0.0,0.5,weight,complete,0.0,0.0,42,0,45000,5000,10000,3779480,88,0.010000000000000002,1,17.26,0.60535,0.02094999999999997,0.5844,0.6263,0.6334,0.02804999999999991,0.6026,0.6292,0.3334,0.616865231018007,0.3368,0.6173529156855858,0.5844,0.6263,mobilenet,0.5844,0.5862,1.6327931913970546,1.313585519875315,0.31920767037875275,resnet32,0.6263,0.619,1.4397679017856717,1.1051437725228341,0.3346241293263368,4500000.0,0.0,18000000.0,1602000000.0,3204000000.0
mobilenetx1-resnet32x1_cifar100_K2_dml_seed0005_d001,d001,"mobilenet:1,resnet32:1",cifar100,2,dml,dml,peers,5,200,64,0.1,0.9,0.0005,True,0,60,0.1,1.0,1,,disagreement,1.0,1,0.0,0.5,weight,complete,0.0,0.0,42,0,45000,5000,10000,3779480,89,0.010000000000000002,1,17.03,0.60595,0.025749999999999995,0.5802,0.6317,0.6334,0.027449999999999974,0.6002000000000001,0.6324,0.3356,0.6061407845413552,0.3317,0.6220889590367846,0.5802,0.6317,mobilenet,0.5802,0.5798,1.6204097943211144,1.3012018342587082,0.3192079630680382,resnet32,0.6317,0.6206,1.43134799413383,1.0964679075405002,0.33488008470951836,4500000.0,0.0,18000000.0,1620000000.0,3240000000.0
mobilenetx1-resnet32x1_cifar100_K2_dml_seed0005_d001,d001,"mobilenet:1,resnet32:1",cifar100,2,dml,dml,peers,5,200,64,0.1,0.9,0.0005,True,0,60,0.1,1.0,1,,disagreement,1.0,1,0.0,0.5,weight,complete,0.0,0.0,42,0,45000,5000,10000,3779480,90,0.010000000000000002,1,16.93,0.6028,0.007199999999999984,0.5956,0.61,0.6364,0.03359999999999996,0.5995999999999999,0.6326,0.362,0.5771022524475411,0.3568,0.5885475208711227,0.5956,0.61,mobilenet,0.5956,0.593,1.6317930551753803,1.3097492756999352,0.3220437788827853,resnet32,0.61,0.6062,1.4303618171675638,1.0910214196721262,0.3393403980457647,4500000.0,0.0,18000000.0,1638000000.0,3276000000.0
mobilenetx1-resnet32x1_cifar100_K2_dml_seed0005_d001,d001,"mobilenet:1,resnet32:1",cifar100,2,dml,dml,peers,5,200,64,0.1,0.9,0.0005,True,0,60,0.1,1.0,1,,disagreement,1.0,1,0.0,0.5,weight,complete,0.0,0.0,42,0,45000,5000,10000,3779480,91,0.010000000000000002,1,17.08,0.6139,0.02080000000000004,0.5931,0.6347,0.6455,0.03159999999999996,0.6121,0.6388,0.3274,0.6115852778994758,0.3325,0.6102787758045057,0.5931,0.6347,mobilenet,0.5931,0.592,1.6244314380667426,1.3041791569610888,0.3202522825661369,resnet32,0.6347,0.6322,1.4224936095997691,1.0852165573530577,0.3372770507650619,4500000.0,0.0,18000000.0,1656000000.0,3312000000.0
mobilenetx1-resnet32x1_cifar100_K2_dml_seed0005_d001,d001,"mobilenet:1,resnet32:1",cifar100,2,dml,dml,peers,5,200,64,0.1,0.9,0.0005,True,0,60,0.1,1.0,1,,disagreement,1.0,1,0.0,0.5,weight,complete,0.0,0.0,42,0,45000,5000,10000,3779480,92,0.010000000000000002,1,17.0,0.6151,0.023299999999999987,0.5918,0.6384,0.6469,0.03180000000000005,0.6152,0.64,0.3154,0.6317042544001328,0.3202,0.6254330248175345,0.5918,0.6384,mobilenet,0.5918,0.5908,1.6239255597306923,1.3014020145108753,0.3225235472517935,resnet32,0.6384,0.6396,1.4260605907236987,1.0870883841575547,0.33897220936011185,4500000.0,0.0,18000000.0,1674000000.0,3348000000.0
mobilenetx1-resnet32x1_cifar100_K2_dml_seed0005_d001,d001,"mobilenet:1,resnet32:1",cifar100,2,dml,dml,peers,5,200,64,0.1,0.9,0.0005,True,0,60,0.1,1.0,1,,disagreement,1.0,1,0.0,0.5,weight,complete,0.0,0.0,42,0,45000,5000,10000,3779480,93,0.010000000000000002,1,16.94,0.61165,0.02124999999999999,0.5904,0.6329,0.6412,0.029549999999999965,0.6089,0.6394,0.3322,0.6126222765901546,0.3315,0.618202802797752,0.5904,0.6329,mobilenet,0.5904,0.5892,1.6204364701089533,1.2993679878047921,0.3210684821771627,resnet32,0.6329,0.6286,1.4244297383861109,1.085704360495914,0.3387253775092011,4500000.0,0.0,18000000.0,1692000000.0,3384000000.0
mobilenetx1-resnet32x1_cifar100_K2_dml_seed0005_d001,d001,"mobilenet:1,resnet32:1",cifar100,2,dml,dml,peers,5,200,64,0.1,0.9,0.0005,True,0,60,0.1,1.0,1,,disagreement,1.0,1,0.0,0.5,weight,complete,0.0,0.0,42,0,45000,5000,10000,3779480,94,0.010000000000000002,1,17.26,0.6075999999999999,0.02360000000000001,0.584,0.6312,0.6364,0.028800000000000048,0.5971,0.638,0.3476,0.5979946825654707,0.3438,0.5949227205158277,0.584,0.6312,mobilenet,0.584,0.5752,1.6168999258767476,1.2923300593075426,0.32456986838951707,resnet32,0.6312,0.619,1.4193923297253521,1.077552316710353,0.34184001333249564,4500000.0,0.0,18000000.0,1710000000.0,3420000000.0
mobilenetx1-resnet32x1_cifar100_K2_dml_seed0005_d001,d001,"mobilenet:1,resnet32:1",cifar100,2,dml,dml,peers,5,200,64,0.1,0.9,0.0005,True,0,60,0.1,1.0,1,,disagreement,1.0,1,0.0,0.5,weight,complete,0.0,0.0,42,0,45000,5000,10000,3779480,95,0.010000000000000002,1,16.99,0.6167,0.018100000000000005,0.5986,0.6348,0.6477,0.031000000000000028,0.6149,0.6468,0.3348,0.6004820925365888,0.3401,0.6012681495894968,0.5986,0.6348,mobilenet,0.5986,0.6016,1.6179552929983898,1.2935783679343082,0.32437692542391067,resnet32,0.6348,0.6282,1.4159742406654088,1.07374816108495,0.34222607826814055,4500000.0,0.0,18000000.0,1728000000.0,3456000000.0
mobilenetx1-resnet32x1_cifar100_K2_dml_seed0005_d001,d001,"mobilenet:1,resnet32:1",cifar100,2,dml,dml,peers,5,200,64,0.1,0.9,0.0005,True,0,60,0.1,1.0,1,,disagreement,1.0,1,0.0,0.5,weight,complete,0.0,0.0,42,0,45000,5000,10000,3779480,96,0.010000000000000002,1,17.07,0.61555,0.02865000000000001,0.5869,0.6442,0.646,0.030449999999999977,0.6151,0.6416,0.3168,0.6314719101132286,0.3212,0.6266332471425204,0.5869,0.6442,mobilenet,0.5869,0.588,1.6083632805808024,1.2870507893067868,0.3213124884377149,resnet32,0.6442,0.6422,1.4120611793107607,1.0732405498962512,0.33882063250480726,4500000.0,0.0,18000000.0,1746000000.0,3492000000.0
mobilenetx1-resnet32x1_cifar100_K2_dml_seed0005_d001,d001,"mobilenet:1,resnet32:1",cifar100,2,dml,dml,peers,5,200,64,0.1,0.9,0.0005,True,0,60,0.1,1.0,1,,disagreement,1.0,1,0.0,0.5,weight,complete,0.0,0.0,42,0,45000,5000,10000,3779480,97,0.010000000000000002,1,17.1,0.60675,0.019549999999999956,0.5872,0.6263,0.6403,0.03354999999999997,0.6039,0.6412,0.3462,0.6003705907893714,0.3467,0.6038845337559593,0.5872,0.6263,mobilenet,0.5872,0.5864,1.6206215877424588,1.2919468608769504,0.3286747259765186,resnet32,0.6263,0.6214,1.4165278774770824,1.071835166012699,0.3446927131788636,4500000.0,0.0,18000000.0,1764000000.0,3528000000.0
mobilenetx1-resnet32x1_cifar100_K2_dml_seed0005_d001,d001,"mobilenet:1,resnet32:1",cifar100,2,dml,dml,peers,5,200,64,0.1,0.9,0.0005,True,0,60,0.1,1.0,1,,disagreement,1.0,1,0.0,0.5,weight,complete,0.0,0.0,42,0,45000,5000,10000,3779480,98,0.010000000000000002,1,17.02,0.6096999999999999,0.0267,0.583,0.6364,0.6409,0.031200000000000117,0.6066,0.6386,0.3416,0.5851366070991677,0.3471,0.5973454254458351,0.583,0.6364,mobilenet,0.583,0.57,1.6123014647852292,1.2853438422422518,0.3269576230933043,resnet32,0.6364,0.6432,1.4093623167242517,1.0653095672076398,0.34405275057493284,4500000.0,0.0,18000000.0,1782000000.0,3564000000.0
mobilenetx1-resnet32x1_cifar100_K2_dml_seed0005_d001,d001,"mobilenet:1,resnet32:1",cifar100,2,dml,dml,peers,5,200,64,0.1,0.9,0.0005,True,0,60,0.1,1.0,1,,disagreement,1.0,1,0.0,0.5,weight,complete,0.0,0.0,42,0,45000,5000,10000,3779480,99,0.010000000000000002,1,16.89,0.6111,0.023299999999999987,0.5878,0.6344,0.6403,0.029200000000000004,0.6049,0.6386,0.3468,0.5973763663264724,0.3368,0.5985879236236127,0.5878,0.6344,mobilenet,0.5878,0.5794,1.6133960868147286,1.28538542537188,0.32801065845838323,resnet32,0.6344,0.6304,1.418285893784328,1.073082658800889,0.3452032345389439,4500000.0,0.0,18000000.0,1800000000.0,3600000000.0
mobilenetx1-resnet32x1_cifar100_K2_dml_seed0005_d001,d001,"mobilenet:1,resnet32:1",cifar100,2,dml,dml,peers,5,200,64,0.1,0.9,0.0005,True,0,60,0.1,1.0,1,,disagreement,1.0,1,0.0,0.5,weight,complete,0.0,0.0,42,0,45000,5000,10000,3779480,100,0.010000000000000002,1,17.17,0.6112500000000001,0.010250000000000037,0.601,0.6215,0.6416,0.030349999999999877,0.6136,0.638,0.3348,0.6077943509533615,0.3406,0.5965224019658107,0.601,0.6215,mobilenet,0.601,0.6024,1.614937299862504,1.2864374995908954,0.3284998017109253,resnet32,0.6215,0.6248,1.4143036524341865,1.0675437379289756,0.34675991374321957,4500000.0,0.0,18000000.0,1818000000.0,3636000000.0
mobilenetx1-resnet32x1_cifar100_K2_dml_seed0005_d001,d001,"mobilenet:1,resnet32:1",cifar100,2,dml,dml,peers,5,200,64,0.1,0.9,0.0005,True,0,60,0.1,1.0,1,,disagreement,1.0,1,0.0,0.5,weight,complete,0.0,0.0,42,0,45000,5000,10000,3779480,101,0.010000000000000002,1,16.93,0.60125,0.026249999999999996,0.575,0.6275,0.6358,0.03455000000000008,0.5911,0.6286,0.3618,0.576626126393992,0.353,0.5903236016845061,0.575,0.6275,mobilenet,0.575,0.5666,1.6089999503032728,1.2808603739196605,0.328139575261792,resnet32,0.6275,0.6156,1.4129294282333418,1.0668506628241052,0.34607876727188175,4500000.0,0.0,18000000.0,1836000000.0,3672000000.0
mobilenetx1-resnet32x1_cifar100_K2_dml_seed0005_d001,d001,"mobilenet:1,resnet32:1",cifar100,2,dml,dml,peers,5,200,64,0.1,0.9,0.0005,True,0,60,0.1,1.0,1,,disagreement,1.0,1,0.0,0.5,weight,complete,0.0,0.0,42,0,45000,5000,10000,3779480,102,0.010000000000000002,1,17.02,0.61835,0.02535000000000004,0.593,0.6437,0.6495,0.03115000000000001,0.6156999999999999,0.6482,0.3354,0.6047899868358222,0.3344,0.6017911390075978,0.593,0.6437,mobilenet,0.593,0.594,1.6088189423422923,1.2792773646387188,0.3295415778940713,resnet32,0.6437,0.6374,1.4061300035735422,1.0590321812778711,0.3470978206235238,4500000.0,0.0,18000000.0,1854000000.0,3708000000.0
mobilenetx1-resnet32x1_cifar100_K2_dml_seed0005_d001,d001,"mobilenet:1,resnet32:1",cifar100,2,dml,dml,peers,5,200,64,0.1,0.9,0.0005,True,0,60,0.1,1.0,1,,disagreement,1.0,1,0.0,0.5,weight,complete,0.0,0.0,42,0,45000,5000,10000,3779480,103,0.010000000000000002,1,17.23,0.6093999999999999,0.017600000000000005,0.5918,0.627,0.6417,0.032300000000000106,0.6088,0.639,0.3424,0.6012187184701837,0.3451,0.6001135402600086,0.5918,0.627,mobilenet,0.5918,0.5928,1.5975509013303302,1.2679142059588975,0.32963669509626925,resnet32,0.627,0.6248,1.4054170670834454,1.056859457442029,0.34855760708027944,4500000.0,0.0,18000000.0,1872000000.0,3744000000.0
mobilenetx1-resnet32x1_cifar100_K2_dml_seed0005_d001,d001,"mobilenet:1,resnet32:1",cifar100,2,dml,dml,peers,5,200,64,0.1,0.9,0.0005,True,0,60,0.1,1.0,1,,disagreement,1.0,1,0.0,0.5,weight,complete,0.0,0.0,42,0,45000,5000,10000,3779480,104,0.010000000000000002,1,17.04,0.62035,0.023650000000000004,0.5967,0.644,0.6521,0.031750000000000056,0.6198,0.6508,0.3356,0.5840938966814371,0.3346,0.5974142909290499,0.5967,0.644,mobilenet,0.5967,0.6044,1.6016044652258807,1.271984033371237,0.3296204336537895,resnet32,0.644,0.6352,1.3985558621246705,1.0523433013057166,0.3462125593373044,4500000.0,0.0,18000000.0,1890000000.0,3780000000.0
mobilenetx1-resnet32x1_cifar100_K2_dml_seed0005_d001,d001,"mobilenet:1,resnet32:1",cifar100,2,dml,dml,peers,5,200,64,0.1,0.9,0.0005,True,0,60,0.1,1.0,1,,disagreement,1.0,1,0.0,0.5,weight,complete,0.0,0.0,42,0,45000,5000,10000,3779480,105,0.010000000000000002,1,17.14,0.6146,0.02529999999999999,0.5893,0.6399,0.6474,0.03279999999999994,0.6112,0.642,0.3422,0.5948520015900682,0.3499,0.5886244046651329,0.5893,0.6399,mobilenet,0.5893,0.5876,1.6044321937317199,1.2727893385189502,0.33164285544560035,resnet32,0.6399,0.6348,1.4020540597425266,1.0526544002985412,0.3493996594863182,4500000.0,0.0,18000000.0,1908000000.0,3816000000.0
mobilenetx1-resnet32x1_cifar100_K2_dml_seed0005_d001,d001,"mobilenet:1,resnet32:1",cifar100,2,dml,dml,peers,5,200,64,0.1,0.9,0.0005,True,0,60,0.1,1.0,1,,disagreement,1.0,1,0.0,0.5,weight,complete,0.0,0.0,42,0,45000,5000,10000,3779480,106,0.010000000000000002,1,16.97,0.6058,0.018199999999999994,0.5876,0.624,0.6331,0.02729999999999999,0.5965,0.6302,0.3588,0.5890221022833303,0.3495,0.6078474882654252,0.5876,0.624,mobilenet,0.5876,0.5812,1.5983532152392648,1.2670789338986983,0.33127428009174764,resnet32,0.624,0.6118,1.3999021605334498,1.0510621403597973,0.348840018438006,4500000.0,0.0,18000000.0,1926000000.0,3852000000.0
mobilenetx1-resnet32x1_cifar100_K2_dml_seed0005_d001,d001,"mobilenet:1,resnet32:1",cifar100,2,dml,dml,peers,5,200,64,0.1,0.9,0.0005,True,0,60,0.1,1.0,1,,disagreement,1.0,1,0.0,0.5,weight,complete,0.0,0.0,42,0,45000,5000,10000,3779480,107,0.010000000000000002,1,17.11,0.608,0.02749999999999997,0.5805,0.6355,0.6401,0.03210000000000002,0.6121000000000001,0.6412,0.341,0.5934863336159236,0.3374,0.6100585499809958,0.5805,0.6355,mobilenet,0.5805,0.5904,1.5914306093684651,1.2611100019209764,0.3303206066431647,resnet32,0.6355,0.6338,1.396340343423865,1.0488008932972497,0.34753945090977306,4500000.0,0.0,18000000.0,1944000000.0,3888000000.0
mobilenetx1-resnet32x1_cifar100_K2_dml_seed0005_d001,d001,"mobilenet:1,resnet32:1",cifar100,2,dml,dml,peers,5,200,64,0.1,0.9,0.0005,True,0,60,0.1,1.0,1,,disagreement,1.0,1,0.0,0.5,weight,complete,0.0,0.0,42,0,45000,5000,10000,3779480,108,0.010000000000000002,1,17.25,0.615,0.022699999999999998,0.5923,0.6377,0.6448,0.02980000000000005,0.6088,0.641,0.3468,0.578187752727048,0.3428,0.5947887032364547,0.5923,0.6377,mobilenet,0.5923,0.5824,1.6011853395876559,1.2662648437544703,0.33492049771699717,resnet32,0.6377,0.6352,1.4000601587309078,1.047652687538754,0.3524074724621393,4500000.0,0.0,18000000.0,1962000000.0,3924000000.0
mobilenetx1-resnet32x1_cifar100_K2_dml_seed0005_d001,d001,"mobilenet:1,resnet32:1",cifar100,2,dml,dml,peers,5,200,64,0.1,0.9,0.0005,True,0,60,0.1,1.0,1,,disagreement,1.0,1,0.0,0.5,weight,complete,0.0,0.0,42,0,45000,5000,10000,3779480,109,0.010000000000000002,1,18.53,0.6120000000000001,0.0267,0.5853,0.6387,0.646,0.03399999999999992,0.6093,0.6422,0.353,0.5805334941137145,0.3482,0.5842325609858395,0.5853,0.6387,mobilenet,0.5853,0.5866,1.5918731899424032,1.2576003673232414,0.33427281942303205,resnet32,0.6387,0.632,1.396655599502,1.0441059906204992,0.35254960765384813,4500000.0,0.0,18000000.0,1980000000.0,3960000000.0
mobilenetx1-resnet32x1_cifar100_K2_dml_seed0005_d001,d001,"mobilenet:1,resnet32:1",cifar100,2,dml,dml,peers,5,200,64,0.1,0.9,0.0005,True,0,60,0.1,1.0,1,,disagreement,1.0,1,0.0,0.5,weight,complete,0.0,0.0,42,0,45000,5000,10000,3779480,110,0.010000000000000002,1,18.54,0.6175999999999999,0.025500000000000023,0.5921,0.6431,0.6548,0.03720000000000012,0.618,0.6498,0.3344,0.5935200150087241,0.3319,0.6057522169376443,0.5921,0.6431,mobilenet,0.5921,0.593,1.5915947693654082,1.2573231852359392,0.3342715837696398,resnet32,0.6431,0.643,1.3915380424057895,1.0400477505543015,0.35149029504761775,4500000.0,0.0,18000000.0,1998000000.0,3996000000.0
mobilenetx1-resnet32x1_cifar100_K2_dml_seed0005_d001,d001,"mobilenet:1,resnet32:1",cifar100,2,dml,dml,peers,5,200,64,0.1,0.9,0.0005,True,0,60,0.1,1.0,1,,disagreement,1.0,1,0.0,0.5,weight,complete,0.0,0.0,42,0,45000,5000,10000,3779480,111,0.010000000000000002,1,17.99,0.6166,0.01479999999999998,0.6018,0.6314,0.641,0.024399999999999977,0.6104,0.638,0.33,0.6096098103624176,0.3238,0.6259458267371949,0.6018,0.6314,mobilenet,0.6018,0.6006,1.5937200742350384,1.260203698480671,0.3335163759025322,resnet32,0.6314,0.6202,1.3906946203417399,1.0383447544141249,0.35234986440363253,4500000.0,0.0,18000000.0,2016000000.0,4032000000.0
mobilenetx1-resnet32x1_cifar100_K2_dml_seed0005_d001,d001,"mobilenet:1,resnet32:1",cifar100,2,dml,dml,peers,5,200,64,0.1,0.9,0.0005,True,0,60,0.1,1.0,1,,disagreement,1.0,1,0.0,0.5,weight,complete,0.0,0.0,42,0,45000,5000,10000,3779480,112,0.010000000000000002,1,17.27,0.6062000000000001,0.021699999999999997,0.5845,0.6279,0.6424,0.0361999999999999,0.6012,0.6384,0.365,0.5931092561650727,0.3664,0.5788787929779539,0.5845,0.6279,mobilenet,0.5845,0.5814,1.587925624102354,1.2542320224879817,0.3336936021646993,resnet32,0.6279,0.621,1.3869631147350778,1.0364877894012765,0.3504753240003166,4500000.0,0.0,18000000.0,2034000000.0,4068000000.0
mobilenetx1-resnet32x1_cifar100_K2_dml_seed0005_d001,d001,"mobilenet:1,resnet32:1",cifar100,2,dml,dml,peers,5,200,64,0.1,0.9,0.0005,True,0,60,0.1,1.0,1,,disagreement,1.0,1,0.0,0.5,weight,complete,0.0,0.0,42,0,45000,5000,10000,3779480,113,0.010000000000000002,1,16.5,0.6129500000000001,0.026749999999999996,0.5862,0.6397,0.6438,0.030849999999999933,0.6123000000000001,0.647,0.3494,0.596848324635956,0.3458,0.6069280809671402,0.5862,0.6397,mobilenet,0.5862,0.5904,1.5908074057237669,1.2556098794395274,0.3351975233844397,resnet32,0.6397,0.6342,1.392334600741213,1.039746174673465,0.35258842625824566,4500000.0,0.0,18000000.0,2052000000.0,4104000000.0
mobilenetx1-resnet32x1_cifar100_K2_dml_seed0005_d001,d001,"mobilenet:1,resnet32:1",cifar100,2,dml,dml,peers,5,200,64,0.1,0.9,0.0005,True,0,60,0.1,1.0,1,,disagreement,1.0,1,0.0,0.5,weight,complete,0.0,0.0,42,0,45000,5000,10000,3779480,114,0.010000000000000002,1,16.38,0.60145,0.019949999999999968,0.5815,0.6214,0.6355,0.034049999999999914,0.6007,0.637,0.351,0.5850554477406908,0.3605,0.5844969810989958,0.5815,0.6214,mobilenet,0.5815,0.582,1.5901348814368248,1.254816109314561,0.33531877387907694,resnet32,0.6214,0.6194,1.3884101427922195,1.0340755537829616,0.3543345899617469,4500000.0,0.0,18000000.0,2070000000.0,4140000000.0
mobilenetx1-resnet32x1_cifar100_K2_dml_seed0005_d001,d001,"mobilenet:1,resnet32:1",cifar100,2,dml,dml,peers,5,200,64,0.1,0.9,0.0005,True,0,60,0.1,1.0,1,,disagreement,1.0,1,0.0,0.5,weight,complete,0.0,0.0,42,0,45000,5000,10000,3779480,115,0.010000000000000002,1,16.84,0.5998,0.03739999999999999,0.5624,0.6372,0.6324,0.03259999999999996,0.5964,0.6332,0.37,0.5747441725157331,0.3616,0.5908775472021124,0.5624,0.6372,mobilenet,0.5624,0.5576,1.5834994334727526,1.246634577739645,0.3368648568549278,resnet32,0.6372,0.6352,1.3920996316115966,1.037681131708351,0.3544185001995753,4500000.0,0.0,18000000.0,2088000000.0,4176000000.0
mobilenetx1-resnet32x1_cifar100_K2_dml_seed0005_d001,d001,"mobilenet:1,resnet32:1",cifar100,2,dml,dml,peers,5,200,64,0.1,0.9,0.0005,True,0,60,0.1,1.0,1,,disagreement,1.0,1,0.0,0.5,weight,complete,0.0,0.0,42,0,45000,5000,10000,3779480,116,0.010000000000000002,1,16.82,0.6134,0.0257,0.5877,0.6391,0.6374,0.02400000000000002,0.6114999999999999,0.6468,0.3362,0.5981347661262005,0.3367,0.5989681688268885,0.5877,0.6391,mobilenet,0.5877,0.5866,1.5800857274708422,1.24608784947883,0.3339978777168488,resnet32,0.6391,0.6364,1.3746633352711797,1.0210901246490804,0.35357321083376353,4500000.0,0.0,18000000.0,2106000000.0,4212000000.0
mobilenetx1-resnet32x1_cifar100_K2_dml_seed0005_d001,d001,"mobilenet:1,resnet32:1",cifar100,2,dml,dml,peers,5,200,64,0.1,0.9,0.0005,True,0,60,0.1,1.0,1,,disagreement,1.0,1,0.0,0.5,weight,complete,0.0,0.0,42,0,45000,5000,10000,3779480,117,0.010000000000000002,1,17.13,0.6097,0.02639999999999998,0.5833,0.6361,0.6406,0.030899999999999928,0.6078,0.6418,0.3346,0.6191633636981069,0.3454,0.6065090087306001,0.5833,0.6361,mobilenet,0.5833,0.5832,1.5886816558512775,1.2515137811106714,0.33716787181963975,resnet32,0.6361,0.6324,1.3837846857918934,1.0285031600770624,0.3552815272176469,4500000.0,0.0,18000000.0,2124000000.0,4248000000.0
mobilenetx1-resnet32x1_cifar100_K2_dml_seed0005_d001,d001,"mobilenet:1,resnet32:1",cifar100,2,dml,dml,peers,5,200,64,0.1,0.9,0.0005,True,0,60,0.1,1.0,1,,disagreement,1.0,1,0.0,0.5,weight,complete,0.0,0.0,42,0,45000,5000,10000,3779480,118,0.010000000000000002,1,16.0,0.5934,0.01419999999999999,0.5792,0.6076,0.6223,0.028899999999999926,0.589,0.6216,0.3544,0.6051136838938209,0.3514,0.609300399181338,0.5792,0.6076,mobilenet,0.5792,0.5778,1.5817495325410909,1.245550998317247,0.3361985344990072,resnet32,0.6076,0.6002,1.3860491931607777,1.0314828921109438,0.3545663002243435,4500000.0,0.0,18000000.0,2142000000.0,4284000000.0
mobilenetx1-resnet32x1_cifar100_K2_dml_seed0005_d001,d001,"mobilenet:1,resnet32:1",cifar100,2,dml,dml,peers,5,200,64,0.1,0.9,0.0005,True,0,60,0.1,1.0,1,,disagreement,1.0,1,0.0,0.5,weight,complete,0.0,0.0,42,0,45000,5000,10000,3779480,119,0.010000000000000002,1,16.53,0.6154999999999999,0.019999999999999962,0.5955,0.6355,0.6425,0.027000000000000024,0.6097,0.6414,0.3474,0.6002826423585794,0.3445,0.5865842548553364,0.5955,0.6355,mobilenet,0.5955,0.5854,1.5793771953745321,1.2430259490554982,0.3363512431017377,resnet32,0.6355,0.634,1.3850689432160421,1.0307636144994334,0.3543053297114305,4500000.0,0.0,18000000.0,2160000000.0,4320000000.0
mobilenetx1-resnet32x1_cifar100_K2_dml_seed0005_d001,d001,"mobilenet:1,resnet32:1",cifar100,2,dml,dml,peers,5,200,64,0.1,0.9,0.0005,True,0,60,0.1,1.0,1,,disagreement,1.0,1,0.0,0.5,weight,complete,0.0,0.0,42,0,45000,5000,10000,3779480,120,0.0010000000000000002,1,16.49,0.6694,0.021100000000000008,0.6483,0.6905,0.6868,0.01739999999999997,0.6645,0.6914,0.248,0.6847070235111182,0.2425,0.6865406898268112,0.6483,0.6905,mobilenet,0.6483,0.6436,1.3127444673498923,1.0737750893458724,0.23896937743252653,resnet32,0.6905,0.6854,1.1246462022377686,0.8712442526170476,0.2534019485412335,4500000.0,0.0,18000000.0,2178000000.0,4356000000.0
mobilenetx1-resnet32x1_cifar100_K2_dml_seed0005_d001,d001,"mobilenet:1,resnet32:1",cifar100,2,dml,dml,peers,5,200,64,0.1,0.9,0.0005,True,0,60,0.1,1.0,1,,disagreement,1.0,1,0.0,0.5,weight,complete,0.0,0.0,42,0,45000,5000,10000,3779480,121,0.0010000000000000002,1,16.32,0.67315,0.02134999999999998,0.6518,0.6945,0.6924,0.01924999999999999,0.6698,0.6896,0.246,0.6709666865749516,0.2418,0.6850426796588138,0.6518,0.6945,mobilenet,0.6518,0.6462,1.24039156133817,1.0174119311638854,0.22297962778247893,resnet32,0.6945,0.6934,1.0562218018722804,0.8170741120861336,0.23914768887599083,4500000.0,0.0,18000000.0,2196000000.0,4392000000.0
mobilenetx1-resnet32x1_cifar100_K2_dml_seed0005_d001,d001,"mobilenet:1,resnet32:1",cifar100,2,dml,dml,peers,5,200,64,0.1,0.9,0.0005,True,0,60,0.1,1.0,1,,disagreement,1.0,1,0.0,0.5,weight,complete,0.0,0.0,42,0,45000,5000,10000,3779480,122,0.0010000000000000002,1,16.42,0.67635,0.022050000000000014,0.6543,0.6984,0.6968,0.020449999999999968,0.6719999999999999,0.6962,0.2506,0.6757589440057116,0.2418,0.6859979941229356,0.6543,0.6984,mobilenet,0.6543,0.6496,1.2059664650904862,0.9856316365978934,0.22033482902175325,resnet32,0.6984,0.6944,1.0264313860203733,0.7904570746150884,0.2359743124212731,4500000.0,0.0,18000000.0,2214000000.0,4428000000.0
mobilenetx1-resnet32x1_cifar100_K2_dml_seed0005_d001,d001,"mobilenet:1,resnet32:1",cifar100,2,dml,dml,peers,5,200,64,0.1,0.9,0.0005,True,0,60,0.1,1.0,1,,disagreement,1.0,1,0.0,0.5,weight,complete,0.0,0.0,42,0,45000,5000,10000,3779480,123,0.0010000000000000002,1,16.55,0.6767000000000001,0.02279999999999999,0.6539,0.6995,0.6967,0.019999999999999907,0.6735,0.6952,0.2476,0.6712584874629641,0.2408,0.6845077501311686,0.6539,0.6995,mobilenet,0.6539,0.6526,1.1934104706584052,0.9718012976544824,0.2216091738717461,resnet32,0.6995,0.6944,1.0087673811411315,0.7716949114745314,0.23707246932793746,4500000.0,0.0,18000000.0,2232000000.0,4464000000.0
mobilenetx1-resnet32x1_cifar100_K2_dml_seed0005_d001,d001,"mobilenet:1,resnet32:1",cifar100,2,dml,dml,peers,5,200,64,0.1,0.9,0.0005,True,0,60,0.1,1.0,1,,disagreement,1.0,1,0.0,0.5,weight,complete,0.0,0.0,42,0,45000,5000,10000,3779480,124,0.0010000000000000002,1,16.25,0.6768000000000001,0.023799999999999988,0.653,0.7006,0.6971,0.020299999999999985,0.6737,0.694,0.2394,0.6852547980877824,0.2374,0.6894461987366629,0.653,0.7006,mobilenet,0.653,0.6572,1.1871692018414086,0.9634455859830434,0.2237236155832017,resnet32,0.7006,0.6902,1.0015095513822003,0.7618767001496797,0.23963285248133948,4500000.0,0.0,18000000.0,2250000000.0,4500000000.0
mobilenetx1-resnet32x1_cifar100_K2_dml_seed0005_d001,d001,"mobilenet:1,resnet32:1",cifar100,2,dml,dml,peers,5,200,64,0.1,0.9,0.0005,True,0,60,0.1,1.0,1,,disagreement,1.0,1,0.0,0.5,weight,complete,0.0,0.0,42,0,45000,5000,10000,3779480,125,0.0010000000000000002,1,16.35,0.68015,0.021650000000000003,0.6585,0.7018,0.6984,0.01824999999999999,0.6789000000000001,0.6994,0.242,0.6769195597285322,0.2402,0.6714606608925482,0.6585,0.7018,mobilenet,0.6585,0.66,1.170980175618421,0.9474716177210212,0.22350855787623336,resnet32,0.7018,0.6978,0.9903633294796402,0.7502711595628749,0.24009216989559884,4500000.0,0.0,18000000.0,2268000000.0,4536000000.0
mobilenetx1-resnet32x1_cifar100_K2_dml_seed0005_d001,d001,"mobilenet:1,resnet32:1",cifar100,2,dml,dml,peers,5,200,64,0.1,0.9,0.0005,True,0,60,0.1,1.0,1,,disagreement,1.0,1,0.0,0.5,weight,complete,0.0,0.0,42,0,45000,5000,10000,3779480,126,0.0010000000000000002,1,16.43,0.68065,0.022050000000000014,0.6586,0.7027,0.6986,0.01795000000000002,0.6774,0.7008,0.2468,0.6682386242774514,0.2398,0.6819532625127498,0.6586,0.7027,mobilenet,0.6586,0.658,1.164257252334871,0.9381467894735661,0.22611046403604138,resnet32,0.7027,0.6968,0.9804055893963034,0.7381836740215394,0.24222191658125006,4500000.0,0.0,18000000.0,2286000000.0,4572000000.0
mobilenetx1-resnet32x1_cifar100_K2_dml_seed0005_d001,d001,"mobilenet:1,resnet32:1",cifar100,2,dml,dml,peers,5,200,64,0.1,0.9,0.0005,True,0,60,0.1,1.0,1,,disagreement,1.0,1,0.0,0.5,weight,complete,0.0,0.0,42,0,45000,5000,10000,3779480,127,0.0010000000000000002,1,16.46,0.6836500000000001,0.021550000000000014,0.6621,0.7052,0.7017,0.0180499999999999,0.6807000000000001,0.7014,0.246,0.6604799920838413,0.2414,0.6713577834433497,0.6621,0.7052,mobilenet,0.6621,0.6642,1.15950543272563,0.9332957076416775,0.22620972588827665,resnet32,0.7052,0.6972,0.9725930407981981,0.7292281904427166,0.24336485037664798,4500000.0,0.0,18000000.0,2304000000.0,4608000000.0
mobilenetx1-resnet32x1_cifar100_K2_dml_seed0005_d001,d001,"mobilenet:1,resnet32:1",cifar100,2,dml,dml,peers,5,200,64,0.1,0.9,0.0005,True,0,60,0.1,1.0,1,,disagreement,1.0,1,0.0,0.5,weight,complete,0.0,0.0,42,0,45000,5000,10000,3779480,128,0.0010000000000000002,1,16.44,0.6838,0.020500000000000018,0.6633,0.7043,0.7032,0.019400000000000084,0.6788000000000001,0.7018,0.2464,0.6676549514005509,0.2419,0.6688027596692004,0.6633,0.7043,mobilenet,0.6633,0.6618,1.1511394348503514,0.9240752481432124,0.227064186304977,resnet32,0.7043,0.6958,0.9674876413562081,0.722672060597688,0.24481558249416677,4500000.0,0.0,18000000.0,2322000000.0,4644000000.0
mobilenetx1-resnet32x1_cifar100_K2_dml_seed0005_d001,d001,"mobilenet:1,resnet32:1",cifar100,2,dml,dml,peers,5,200,64,0.1,0.9,0.0005,True,0,60,0.1,1.0,1,,disagreement,1.0,1,0.0,0.5,weight,complete,0.0,0.0,42,0,45000,5000,10000,3779480,129,0.0010000000000000002,1,16.71,0.68415,0.02194999999999997,0.6622,0.7061,0.7037,0.019549999999999956,0.6799999999999999,0.7032,0.249,0.6622816381310299,0.2428,0.6698398114429682,0.6622,0.7061,mobilenet,0.6622,0.6634,1.1465918240560726,0.9182189870625734,0.2283728336068717,resnet32,0.7061,0.6966,0.9585712130435489,0.7127013652246784,0.24586984953335064,4500000.0,0.0,18000000.0,2340000000.0,4680000000.0
mobilenetx1-resnet32x1_cifar100_K2_dml_seed0005_d001,d001,"mobilenet:1,resnet32:1",cifar100,2,dml,dml,peers,5,200,64,0.1,0.9,0.0005,True,0,60,0.1,1.0,1,,disagreement,1.0,1,0.0,0.5,weight,complete,0.0,0.0,42,0,45000,5000,10000,3779480,130,0.0010000000000000002,1,16.74,0.6817,0.019600000000000006,0.6621,0.7013,0.702,0.020299999999999985,0.6807000000000001,0.702,0.2496,0.664832406416323,0.2397,0.6756591668680549,0.6621,0.7013,mobilenet,0.6621,0.662,1.1368426322429017,0.9072595566765151,0.22958307471972975,resnet32,0.7013,0.6994,0.9529484978623011,0.7054694439707831,0.2474790538703515,4500000.0,0.0,18000000.0,2358000000.0,4716000000.0
mobilenetx1-resnet32x1_cifar100_K2_dml_seed0005_d001,d001,"mobilenet:1,resnet32:1",cifar100,2,dml,dml,peers,5,200,64,0.1,0.9,0.0005,True,0,60,0.1,1.0,1,,disagreement,1.0,1,0.0,0.5,weight,complete,0.0,0.0,42,0,45000,5000,10000,3779480,131,0.0010000000000000002,1,16.73,0.6823,0.021299999999999986,0.661,0.7036,0.7015,0.019199999999999995,0.6846,0.708,0.2434,0.6681367006581179,0.2424,0.6690013043435235,0.661,0.7036,mobilenet,0.661,0.6676,1.1352314097298817,0.903378929180855,0.23185248126868496,resnet32,0.7036,0.7016,0.9507155159318988,0.7006025656803765,0.25011295082301577,4500000.0,0.0,18000000.0,2376000000.0,4752000000.0
mobilenetx1-resnet32x1_cifar100_K2_dml_seed0005_d001,d001,"mobilenet:1,resnet32:1",cifar100,2,dml,dml,peers,5,200,64,0.1,0.9,0.0005,True,0,60,0.1,1.0,1,,disagreement,1.0,1,0.0,0.5,weight,complete,0.0,0.0,42,0,45000,5000,10000,3779480,132,0.0010000000000000002,1,17.01,0.6826,0.022299999999999986,0.6603,0.7049,0.7003,0.01770000000000005,0.6803,0.7036,0.2474,0.6560996740698665,0.2467,0.6622696191211155,0.6603,0.7049,mobilenet,0.6603,0.6608,1.1282314101911404,0.8962311194362965,0.23200028916736218,resnet32,0.7049,0.6998,0.945256155746227,0.6945223381573503,0.25073381794870575,4500000.0,0.0,18000000.0,2394000000.0,4788000000.0
mobilenetx1-resnet32x1_cifar100_K2_dml_seed0005_d001,d001,"mobilenet:1,resnet32:1",cifar100,2,dml,dml,peers,5,200,64,0.1,0.9,0.0005,True,0,60,0.1,1.0,1,,disagreement,1.0,1,0.0,0.5,weight,complete,0.0,0.0,42,0,45000,5000,10000,3779480,133,0.0010000000000000002,1,16.77,0.68425,0.020950000000000024,0.6633,0.7052,0.7029,0.018649999999999944,0.6824,0.7052,0.2462,0.6683844804201916,0.2418,0.6712657473885902,0.6633,0.7052,mobilenet,0.6633,0.6656,1.122029224156656,0.8898198839107697,0.23220934105021032,resnet32,0.7052,0.6992,0.9387723731554367,0.6882212860086425,0.25055108712562785,4500000.0,0.0,18000000.0,2412000000.0,4824000000.0
mobilenetx1-resnet32x1_cifar100_K2_dml_seed0005_d001,d001,"mobilenet:1,resnet32:1",cifar100,2,dml,dml,peers,5,200,64,0.1,0.9,0.0005,True,0,60,0.1,1.0,1,,disagreement,1.0,1,0.0,0.5,weight,complete,0.0,0.0,42,0,45000,5000,10000,3779480,134,0.0010000000000000002,1,18.69,0.6864,0.02190000000000003,0.6645,0.7083,0.7036,0.017199999999999993,0.6842,0.7028,0.248,0.6576003993974814,0.2407,0.6757735368490707,0.6645,0.7083,mobilenet,0.6645,0.666,1.1184756048870357,0.8854927318170667,0.23298287389545955,resnet32,0.7083,0.7024,0.9388049884106625,0.687873172108084,0.2509318154770881,4500000.0,0.0,18000000.0,2430000000.0,4860000000.0
mobilenetx1-resnet32x1_cifar100_K2_dml_seed0005_d001,d001,"mobilenet:1,resnet32:1",cifar100,2,dml,dml,peers,5,200,64,0.1,0.9,0.0005,True,0,60,0.1,1.0,1,,disagreement,1.0,1,0.0,0.5,weight,complete,0.0,0.0,42,0,45000,5000,10000,3779480,135,0.0010000000000000002,1,18.16,0.68485,0.02194999999999997,0.6629,0.7068,0.7041,0.01924999999999999,0.6783,0.7008,0.244,0.6727737668700803,0.2421,0.6703770724246202,0.6629,0.7068,mobilenet,0.6629,0.659,1.115679869936271,0.8808905451812528,0.2347893267658285,resnet32,0.7068,0.6976,0.9325123481791128,0.6788572028533302,0.25365514653226867,4500000.0,0.0,18000000.0,2448000000.0,4896000000.0
