run_id,run_tag,cohort,dataset,K,arm,arm_label,target,seed,epochs,batch_size,base_lr,momentum,weight_decay,nesterov,graph_seed,lr_step,lr_gamma,kd_T,k_matchings,k_anneal,match_weight,kappa,rematch_every_epochs,recency_lambda,recency_gamma,peel_weighting,graph,label_noise_rate,actual_noise_rate,noise_seed,split_seed,n_train,n_valid,n_test,cohort_params,epoch,lr,k_current,epoch_seconds,avg_test_acc,std_test_acc,min_test_acc,max_test_acc,ensemble_test_acc,ens_minus_avg_test,avg_val_acc,ensemble_val_acc,disagreement_val,rho_val,disagreement_test,rho_test,avg_test_acc_wrn28x10,model_00_arch,model_00_test_acc,model_00_val_acc,model_00_train_loss,model_00_ce_loss,model_00_kd_loss,model_01_arch,model_01_test_acc,model_01_val_acc,model_01_train_loss,model_01_ce_loss,model_01_kd_loss,comm_logit_floats_epoch,comm_matcher_ints_epoch,comm_bytes_epoch,comm_bytes_cum,comm_bytes_cum_cohort
wrn28x10x2_cifar100_K2_indep_seed0003_d001,d001,wrn28x10:2,cifar100,2,indep,indep,peers,3,200,64,0.1,0.9,0.0005,True,0,60,0.1,1.0,1,,disagreement,1.0,1,0.0,0.5,weight,complete,0.0,0.0,42,0,45000,5000,10000,73073768,0,0.1,0,58.8,0.1446,0.015799999999999995,0.1288,0.1604,0.1513,0.006699999999999984,0.1426,0.1534,0.5638,0.6397282431692283,0.5652,0.6096228102731407,0.1446,wrn28x10,0.1604,0.1562,3.68682769110257,3.68682769110257,0.0,wrn28x10,0.1288,0.129,3.672752809118141,3.672752809118141,0.0,0.0,0.0,0.0,0.0,0.0
wrn28x10x2_cifar100_K2_indep_seed0003_d001,d001,wrn28x10:2,cifar100,2,indep,indep,peers,3,200,64,0.1,0.9,0.0005,True,0,60,0.1,1.0,1,,disagreement,1.0,1,0.0,0.5,weight,complete,0.0,0.0,42,0,45000,5000,10000,73073768,1,0.1,0,55.15,0.20029999999999998,0.011700000000000002,0.1886,0.212,0.2157,0.015400000000000025,0.2022,0.2232,0.655,0.5226121436315764,0.6468,0.5323483381946422,0.20029999999999998,wrn28x10,0.212,0.2216,2.9099887562069027,2.9099887562069027,0.0,wrn28x10,0.1886,0.1828,2.917089020325379,2.917089020325379,0.0,0.0,0.0,0.0,0.0,0.0
wrn28x10x2_cifar100_K2_indep_seed0003_d001,d001,wrn28x10:2,cifar100,2,indep,indep,peers,3,200,64,0.1,0.9,0.0005,True,0,60,0.1,1.0,1,,disagreement,1.0,1,0.0,0.5,weight,complete,0.0,0.0,42,0,45000,5000,10000,73073768,2,0.1,0,55.18,0.1772,0.013300000000000006,0.1639,0.1905,0.1892,0.01200000000000001,0.17809999999999998,0.1924,0.5674,0.5312244702496494,0.587,0.5219584498915998,0.1772,wrn28x10,0.1905,0.1926,2.5198404639959335,2.5198404639959335,0.0,wrn28x10,0.1639,0.1636,2.5414986559613184,2.5414986559613184,0.0,0.0,0.0,0.0,0.0,0.0
wrn28x10x2_cifar100_K2_indep_seed0003_d001,d001,wrn28x10:2,cifar100,2,indep,indep,peers,3,200,64,0.1,0.9,0.0005,True,0,60,0.1,1.0,1,,disagreement,1.0,1,0.0,0.5,weight,complete,0.0,0.0,42,0,45000,5000,10000,73073768,3,0.1,0,54.99,0.23365,0.029049999999999992,0.2046,0.2627,0.2512,0.017549999999999982,0.225,0.243,0.5462,0.6440750314046146,0.5688,0.6198670062338488,0.23365,wrn28x10,0.2627,0.2456,2.293945158916441,2.293945158916441,0.0,wrn28x10,0.2046,0.2044,2.322022309526801,2.322022309526801,0.0,0.0,0.0,0.0,0.0,0.0
wrn28x10x2_cifar100_K2_indep_seed0003_d001,d001,wrn28x10:2,cifar100,2,indep,indep,peers,3,200,64,0.1,0.9,0.0005,True,0,60,0.1,1.0,1,,disagreement,1.0,1,0.0,0.5,weight,complete,0.0,0.0,42,0,45000,5000,10000,73073768,4,0.1,0,54.92,0.28775,0.002850000000000019,0.2849,0.2906,0.3073,0.019550000000000012,0.2938,0.3158,0.6088,0.5314038161659472,0.6136,0.5431297634870046,0.28775,wrn28x10,0.2906,0.3038,2.1412668995220554,2.1412668995220554,0.0,wrn28x10,0.2849,0.2838,2.180871381847696,2.180871381847696,0.0,0.0,0.0,0.0,0.0,0.0
wrn28x10x2_cifar100_K2_indep_seed0003_d001,d001,wrn28x10:2,cifar100,2,indep,indep,peers,3,200,64,0.1,0.9,0.0005,True,0,60,0.1,1.0,1,,disagreement,1.0,1,0.0,0.5,weight,complete,0.0,0.0,42,0,45000,5000,10000,73073768,5,0.1,0,55.02,0.2858,0.017500000000000016,0.2683,0.3033,0.3163,0.030500000000000027,0.2804,0.3118,0.6424,0.4762730129051682,0.6487,0.4891371626504531,0.2858,wrn28x10,0.3033,0.2942,2.0271411807360975,2.0271411807360975,0.0,wrn28x10,0.2683,0.2666,2.057325976138765,2.057325976138765,0.0,0.0,0.0,0.0,0.0,0.0
wrn28x10x2_cifar100_K2_indep_seed0003_d001,d001,wrn28x10:2,cifar100,2,indep,indep,peers,3,200,64,0.1,0.9,0.0005,True,0,60,0.1,1.0,1,,disagreement,1.0,1,0.0,0.5,weight,complete,0.0,0.0,42,0,45000,5000,10000,73073768,6,0.1,0,54.84,0.29969999999999997,0.022099999999999984,0.2776,0.3218,0.3222,0.02250000000000002,0.3011,0.3244,0.5452,0.5447695623634904,0.5633,0.5194364727952803,0.29969999999999997,wrn28x10,0.2776,0.2784,1.9443339818919247,1.9443339818919247,0.0,wrn28x10,0.3218,0.3238,1.9717343165115877,1.9717343165115877,0.0,0.0,0.0,0.0,0.0,0.0
wrn28x10x2_cifar100_K2_indep_seed0003_d001,d001,wrn28x10:2,cifar100,2,indep,indep,peers,3,200,64,0.1,0.9,0.0005,True,0,60,0.1,1.0,1,,disagreement,1.0,1,0.0,0.5,weight,complete,0.0,0.0,42,0,45000,5000,10000,73073768,7,0.1,0,54.97,0.35614999999999997,0.025850000000000012,0.3303,0.382,0.3948,0.03865000000000002,0.3578,0.391,0.5902,0.5090196493679966,0.5949,0.5164819229481341,0.35614999999999997,wrn28x10,0.382,0.385,1.8718749653886666,1.8718749653886666,0.0,wrn28x10,0.3303,0.3306,1.8942167222161184,1.8942167222161184,0.0,0.0,0.0,0.0,0.0,0.0
wrn28x10x2_cifar100_K2_indep_seed0003_d001,d001,wrn28x10:2,cifar100,2,indep,indep,peers,3,200,64,0.1,0.9,0.0005,True,0,60,0.1,1.0,1,,disagreement,1.0,1,0.0,0.5,weight,complete,0.0,0.0,42,0,45000,5000,10000,73073768,8,0.1,0,54.99,0.4033,0.0242,0.3791,0.4275,0.4288,0.025500000000000023,0.39490000000000003,0.418,0.5118,0.5541233476019499,0.5,0.5613530591150151,0.4033,wrn28x10,0.4275,0.4166,1.804326137358492,1.804326137358492,0.0,wrn28x10,0.3791,0.3732,1.8301603137092157,1.8301603137092157,0.0,0.0,0.0,0.0,0.0,0.0
wrn28x10x2_cifar100_K2_indep_seed0003_d001,d001,wrn28x10:2,cifar100,2,indep,indep,peers,3,200,64,0.1,0.9,0.0005,True,0,60,0.1,1.0,1,,disagreement,1.0,1,0.0,0.5,weight,complete,0.0,0.0,42,0,45000,5000,10000,73073768,9,0.1,0,54.94,0.28890000000000005,0.0627,0.2262,0.3516,0.3157,0.026799999999999935,0.2906,0.3174,0.5928,0.5072550457989734,0.5943,0.5129582267912981,0.28890000000000005,wrn28x10,0.3516,0.3506,1.7586949051103808,1.7586949051103808,0.0,wrn28x10,0.2262,0.2306,1.7730057761073112,1.7730057761073112,0.0,0.0,0.0,0.0,0.0,0.0
wrn28x10x2_cifar100_K2_indep_seed0003_d001,d001,wrn28x10:2,cifar100,2,indep,indep,peers,3,200,64,0.1,0.9,0.0005,True,0,60,0.1,1.0,1,,disagreement,1.0,1,0.0,0.5,weight,complete,0.0,0.0,42,0,45000,5000,10000,73073768,10,0.1,0,54.98,0.34645,0.038349999999999995,0.3081,0.3848,0.3862,0.03975000000000001,0.342,0.376,0.6192,0.4606825654686592,0.6175,0.4671547426578169,0.34645,wrn28x10,0.3848,0.3798,1.7380542238666252,1.7380542238666252,0.0,wrn28x10,0.3081,0.3042,1.7490614977749912,1.7490614977749912,0.0,0.0,0.0,0.0,0.0,0.0
wrn28x10x2_cifar100_K2_indep_seed0003_d001,d001,wrn28x10:2,cifar100,2,indep,indep,peers,3,200,64,0.1,0.9,0.0005,True,0,60,0.1,1.0,1,,disagreement,1.0,1,0.0,0.5,weight,complete,0.0,0.0,42,0,45000,5000,10000,73073768,11,0.1,0,55.0,0.43335,0.00015000000000001124,0.4332,0.4335,0.4607,0.027349999999999985,0.429,0.4562,0.4514,0.6146896415700985,0.4592,0.603555772414246,0.43335,wrn28x10,0.4332,0.432,1.6950789745897055,1.6950789745897055,0.0,wrn28x10,0.4335,0.426,1.7026354795829817,1.7026354795829817,0.0,0.0,0.0,0.0,0.0,0.0
wrn28x10x2_cifar100_K2_indep_seed0003_d001,d001,wrn28x10:2,cifar100,2,indep,indep,peers,3,200,64,0.1,0.9,0.0005,True,0,60,0.1,1.0,1,,disagreement,1.0,1,0.0,0.5,weight,complete,0.0,0.0,42,0,45000,5000,10000,73073768,12,0.1,0,55.05,0.28864999999999996,0.014949999999999991,0.2737,0.3036,0.3053,0.016650000000000054,0.2835,0.3062,0.519,0.5253934096892805,0.5257,0.524386720546465,0.28864999999999996,wrn28x10,0.3036,0.2964,1.6659590794958852,1.6659590794958852,0.0,wrn28x10,0.2737,0.2706,1.6706106335094029,1.6706106335094029,0.0,0.0,0.0,0.0,0.0,0.0
wrn28x10x2_cifar100_K2_indep_seed0003_d001,d001,wrn28x10:2,cifar100,2,indep,indep,peers,3,200,64,0.1,0.9,0.0005,True,0,60,0.1,1.0,1,,disagreement,1.0,1,0.0,0.5,weight,complete,0.0,0.0,42,0,45000,5000,10000,73073768,13,0.1,0,54.98,0.4205,0.01630000000000001,0.4042,0.4368,0.46,0.039500000000000035,0.41659999999999997,0.4586,0.5444,0.5415641970340117,0.5516,0.5314104379668214,0.4205,wrn28x10,0.4368,0.4358,1.6501581294631416,1.6501581294631416,0.0,wrn28x10,0.4042,0.3974,1.6586021210320971,1.6586021210320971,0.0,0.0,0.0,0.0,0.0,0.0
wrn28x10x2_cifar100_K2_indep_seed0003_d001,d001,wrn28x10:2,cifar100,2,indep,indep,peers,3,200,64,0.1,0.9,0.0005,True,0,60,0.1,1.0,1,,disagreement,1.0,1,0.0,0.5,weight,complete,0.0,0.0,42,0,45000,5000,10000,73073768,14,0.1,0,55.06,0.41905,0.005549999999999999,0.4135,0.4246,0.449,0.029950000000000032,0.41269999999999996,0.449,0.4928,0.556106268969989,0.4831,0.5612969784174918,0.41905,wrn28x10,0.4135,0.4044,1.6309315889057787,1.6309315889057787,0.0,wrn28x10,0.4246,0.421,1.6329039469022641,1.6329039469022641,0.0,0.0,0.0,0.0,0.0,0.0
wrn28x10x2_cifar100_K2_indep_seed0003_d001,d001,wrn28x10:2,cifar100,2,indep,indep,peers,3,200,64,0.1,0.9,0.0005,True,0,60,0.1,1.0,1,,disagreement,1.0,1,0.0,0.5,weight,complete,0.0,0.0,42,0,45000,5000,10000,73073768,15,0.1,0,54.99,0.37329999999999997,0.03359999999999999,0.3397,0.4069,0.4193,0.04600000000000004,0.3757,0.4158,0.6296,0.4601854209184225,0.6293,0.47010631551228904,0.37329999999999997,wrn28x10,0.4069,0.409,1.6176663627001373,1.6176663627001373,0.0,wrn28x10,0.3397,0.3424,1.609456452625719,1.609456452625719,0.0,0.0,0.0,0.0,0.0,0.0
wrn28x10x2_cifar100_K2_indep_seed0003_d001,d001,wrn28x10:2,cifar100,2,indep,indep,peers,3,200,64,0.1,0.9,0.0005,True,0,60,0.1,1.0,1,,disagreement,1.0,1,0.0,0.5,weight,complete,0.0,0.0,42,0,45000,5000,10000,73073768,16,0.1,0,55.02,0.384,0.02200000000000002,0.362,0.406,0.42,0.035999999999999976,0.3823,0.4178,0.584,0.5230093253333961,0.592,0.5217181688037729,0.384,wrn28x10,0.362,0.359,1.5984849017113447,1.5984849017113447,0.0,wrn28x10,0.406,0.4056,1.6058341674506664,1.6058341674506664,0.0,0.0,0.0,0.0,0.0,0.0
wrn28x10x2_cifar100_K2_indep_seed0003_d001,d001,wrn28x10:2,cifar100,2,indep,indep,peers,3,200,64,0.1,0.9,0.0005,True,0,60,0.1,1.0,1,,disagreement,1.0,1,0.0,0.5,weight,complete,0.0,0.0,42,0,45000,5000,10000,73073768,17,0.1,0,54.95,0.46335000000000004,0.008250000000000007,0.4551,0.4716,0.4921,0.028749999999999942,0.4617,0.4792,0.4228,0.6175980823639937,0.4243,0.6238227622091155,0.46335000000000004,wrn28x10,0.4551,0.4556,1.584222419356758,1.584222419356758,0.0,wrn28x10,0.4716,0.4678,1.586701107465408,1.586701107465408,0.0,0.0,0.0,0.0,0.0,0.0
wrn28x10x2_cifar100_K2_indep_seed0003_d001,d001,wrn28x10:2,cifar100,2,indep,indep,peers,3,200,64,0.1,0.9,0.0005,True,0,60,0.1,1.0,1,,disagreement,1.0,1,0.0,0.5,weight,complete,0.0,0.0,42,0,45000,5000,10000,73073768,18,0.1,0,54.88,0.43445,0.0013500000000000179,0.4331,0.4358,0.4732,0.03875000000000001,0.4317,0.4738,0.5212,0.5382163011263288,0.5369,0.5228096640715901,0.43445,wrn28x10,0.4358,0.434,1.569901780140671,1.569901780140671,0.0,wrn28x10,0.4331,0.4294,1.5731198259375312,1.5731198259375312,0.0,0.0,0.0,0.0,0.0,0.0
wrn28x10x2_cifar100_K2_indep_seed0003_d001,d001,wrn28x10:2,cifar100,2,indep,indep,peers,3,200,64,0.1,0.9,0.0005,True,0,60,0.1,1.0,1,,disagreement,1.0,1,0.0,0.5,weight,complete,0.0,0.0,42,0,45000,5000,10000,73073768,19,0.1,0,55.05,0.4001,0.029100000000000015,0.371,0.4292,0.4406,0.04049999999999998,0.3896,0.4324,0.5606,0.5092269692649505,0.5561,0.48793634599114344,0.4001,wrn28x10,0.371,0.3632,1.5713082076135008,1.5713082076135008,0.0,wrn28x10,0.4292,0.416,1.5678031881424515,1.5678031881424515,0.0,0.0,0.0,0.0,0.0,0.0
wrn28x10x2_cifar100_K2_indep_seed0003_d001,d001,wrn28x10:2,cifar100,2,indep,indep,peers,3,200,64,0.1,0.9,0.0005,True,0,60,0.1,1.0,1,,disagreement,1.0,1,0.0,0.5,weight,complete,0.0,0.0,42,0,45000,5000,10000,73073768,20,0.1,0,55.04,0.38170000000000004,0.025900000000000006,0.3558,0.4076,0.4112,0.02949999999999997,0.3788,0.4054,0.5142,0.5846464183261645,0.521,0.5643926827988595,0.38170000000000004,wrn28x10,0.3558,0.3512,1.552803717722947,1.552803717722947,0.0,wrn28x10,0.4076,0.4064,1.5534231793135405,1.5534231793135405,0.0,0.0,0.0,0.0,0.0,0.0
wrn28x10x2_cifar100_K2_indep_seed0003_d001,d001,wrn28x10:2,cifar100,2,indep,indep,peers,3,200,64,0.1,0.9,0.0005,True,0,60,0.1,1.0,1,,disagreement,1.0,1,0.0,0.5,weight,complete,0.0,0.0,42,0,45000,5000,10000,73073768,21,0.1,0,54.98,0.47825,0.02174999999999999,0.4565,0.5,0.5157,0.03745000000000004,0.4797,0.5114,0.4674,0.5334115249302476,0.4811,0.5438621558551029,0.47825,wrn28x10,0.5,0.5002,1.5390710251575166,1.5390710251575166,0.0,wrn28x10,0.4565,0.4592,1.5293503120033578,1.5293503120033578,0.0,0.0,0.0,0.0,0.0,0.0
wrn28x10x2_cifar100_K2_indep_seed0003_d001,d001,wrn28x10:2,cifar100,2,indep,indep,peers,3,200,64,0.1,0.9,0.0005,True,0,60,0.1,1.0,1,,disagreement,1.0,1,0.0,0.5,weight,complete,0.0,0.0,42,0,45000,5000,10000,73073768,22,0.1,0,54.9,0.47485,0.030649999999999983,0.4442,0.5055,0.5143,0.039449999999999985,0.47730000000000006,0.512,0.5122,0.5206887525751187,0.514,0.5182964517114003,0.47485,wrn28x10,0.4442,0.4418,1.5364809976044027,1.5364809976044027,0.0,wrn28x10,0.5055,0.5128,1.5413532461971045,1.5413532461971045,0.0,0.0,0.0,0.0,0.0,0.0
wrn28x10x2_cifar100_K2_indep_seed0003_d001,d001,wrn28x10:2,cifar100,2,indep,indep,peers,3,200,64,0.1,0.9,0.0005,True,0,60,0.1,1.0,1,,disagreement,1.0,1,0.0,0.5,weight,complete,0.0,0.0,42,0,45000,5000,10000,73073768,23,0.1,0,54.94,0.44405,0.03975000000000001,0.4043,0.4838,0.4889,0.04485,0.4356,0.4808,0.5502,0.48928712777311795,0.5419,0.4994905550315546,0.44405,wrn28x10,0.4043,0.4026,1.526839554817839,1.526839554817839,0.0,wrn28x10,0.4838,0.4686,1.5242862377993085,1.5242862377993085,0.0,0.0,0.0,0.0,0.0,0.0
wrn28x10x2_cifar100_K2_indep_seed0003_d001,d001,wrn28x10:2,cifar100,2,indep,indep,peers,3,200,64,0.1,0.9,0.0005,True,0,60,0.1,1.0,1,,disagreement,1.0,1,0.0,0.5,weight,complete,0.0,0.0,42,0,45000,5000,10000,73073768,24,0.1,0,54.99,0.4164,0.0189,0.3975,0.4353,0.4456,0.029200000000000004,0.41459999999999997,0.4488,0.527,0.5255594199380977,0.5134,0.5665680557499313,0.4164,wrn28x10,0.4353,0.4316,1.5251094041053543,1.5251094041053543,0.0,wrn28x10,0.3975,0.3976,1.5185089748014102,1.5185089748014102,0.0,0.0,0.0,0.0,0.0,0.0
wrn28x10x2_cifar100_K2_indep_seed0003_d001,d001,wrn28x10:2,cifar100,2,indep,indep,peers,3,200,64,0.1,0.9,0.0005,True,0,60,0.1,1.0,1,,disagreement,1.0,1,0.0,0.5,weight,complete,0.0,0.0,42,0,45000,5000,10000,73073768,25,0.1,0,54.98,0.42684999999999995,0.04765,0.3792,0.4745,0.4712,0.044350000000000056,0.42979999999999996,0.4726,0.549,0.5231084723263771,0.5511,0.5232396337116249,0.42684999999999995,wrn28x10,0.4745,0.4748,1.5211481364782562,1.5211481364782562,0.0,wrn28x10,0.3792,0.3848,1.513769419355826,1.513769419355826,0.0,0.0,0.0,0.0,0.0,0.0
wrn28x10x2_cifar100_K2_indep_seed0003_d001,d001,wrn28x10:2,cifar100,2,indep,indep,peers,3,200,64,0.1,0.9,0.0005,True,0,60,0.1,1.0,1,,disagreement,1.0,1,0.0,0.5,weight,complete,0.0,0.0,42,0,45000,5000,10000,73073768,26,0.1,0,54.92,0.4751,0.0025000000000000022,0.4726,0.4776,0.508,0.032899999999999985,0.4643,0.4998,0.4844,0.5663402085082233,0.4762,0.5733813745575183,0.4751,wrn28x10,0.4776,0.4692,1.527142510410737,1.527142510410737,0.0,wrn28x10,0.4726,0.4594,1.5212284540757537,1.5212284540757537,0.0,0.0,0.0,0.0,0.0,0.0
wrn28x10x2_cifar100_K2_indep_seed0003_d001,d001,wrn28x10:2,cifar100,2,indep,indep,peers,3,200,64,0.1,0.9,0.0005,True,0,60,0.1,1.0,1,,disagreement,1.0,1,0.0,0.5,weight,complete,0.0,0.0,42,0,45000,5000,10000,73073768,27,0.1,0,55.03,0.3892,0.031700000000000006,0.3575,0.4209,0.4338,0.04460000000000003,0.3909,0.4272,0.5694,0.5045967057118823,0.5926,0.4992440938452475,0.3892,wrn28x10,0.3575,0.369,1.5105004474859347,1.5105004474859347,0.0,wrn28x10,0.4209,0.4128,1.5035057403993877,1.5035057403993877,0.0,0.0,0.0,0.0,0.0,0.0
wrn28x10x2_cifar100_K2_indep_seed0003_d001,d001,wrn28x10:2,cifar100,2,indep,indep,peers,3,200,64,0.1,0.9,0.0005,True,0,60,0.1,1.0,1,,disagreement,1.0,1,0.0,0.5,weight,complete,0.0,0.0,42,0,45000,5000,10000,73073768,28,0.1,0,54.85,0.4042,0.0032999999999999974,0.4009,0.4075,0.444,0.0398,0.4033,0.4456,0.5726,0.4771140953877676,0.5706,0.5030228316865635,0.4042,wrn28x10,0.4075,0.41,1.5072628647427668,1.5072628647427668,0.0,wrn28x10,0.4009,0.3966,1.5004047374664382,1.5004047374664382,0.0,0.0,0.0,0.0,0.0,0.0
wrn28x10x2_cifar100_K2_indep_seed0003_d001,d001,wrn28x10:2,cifar100,2,indep,indep,peers,3,200,64,0.1,0.9,0.0005,True,0,60,0.1,1.0,1,,disagreement,1.0,1,0.0,0.5,weight,complete,0.0,0.0,42,0,45000,5000,10000,73073768,29,0.1,0,55.06,0.4133,0.04570000000000002,0.3676,0.459,0.4456,0.032299999999999995,0.4117,0.4496,0.5318,0.4903953599713139,0.5298,0.5284670753150883,0.4133,wrn28x10,0.3676,0.3714,1.505801241929558,1.505801241929558,0.0,wrn28x10,0.459,0.452,1.4966183042323047,1.4966183042323047,0.0,0.0,0.0,0.0,0.0,0.0
wrn28x10x2_cifar100_K2_indep_seed0003_d001,d001,wrn28x10:2,cifar100,2,indep,indep,peers,3,200,64,0.1,0.9,0.0005,True,0,60,0.1,1.0,1,,disagreement,1.0,1,0.0,0.5,weight,complete,0.0,0.0,42,0,45000,5000,10000,73073768,30,0.1,0,54.89,0.3013,0.0996,0.2017,0.4009,0.3354,0.034099999999999964,0.29910000000000003,0.3216,0.7014,0.35036359642124537,0.6964,0.37343921258497725,0.3013,wrn28x10,0.2017,0.2012,1.4906870265575973,1.4906870265575973,0.0,wrn28x10,0.4009,0.397,1.4903482390059666,1.4903482390059666,0.0,0.0,0.0,0.0,0.0,0.0
wrn28x10x2_cifar100_K2_indep_seed0003_d001,d001,wrn28x10:2,cifar100,2,indep,indep,peers,3,200,64,0.1,0.9,0.0005,True,0,60,0.1,1.0,1,,disagreement,1.0,1,0.0,0.5,weight,complete,0.0,0.0,42,0,45000,5000,10000,73073768,31,0.1,0,54.86,0.4505,0.020900000000000002,0.4296,0.4714,0.487,0.03649999999999998,0.44430000000000003,0.4784,0.5172,0.543147367377037,0.5189,0.5341330443769085,0.4505,wrn28x10,0.4714,0.4684,1.5031819672069766,1.5031819672069766,0.0,wrn28x10,0.4296,0.4202,1.4991746900433844,1.4991746900433844,0.0,0.0,0.0,0.0,0.0,0.0
wrn28x10x2_cifar100_K2_indep_seed0003_d001,d001,wrn28x10:2,cifar100,2,indep,indep,peers,3,200,64,0.1,0.9,0.0005,True,0,60,0.1,1.0,1,,disagreement,1.0,1,0.0,0.5,weight,complete,0.0,0.0,42,0,45000,5000,10000,73073768,32,0.1,0,55.03,0.485,0.029700000000000032,0.4553,0.5147,0.5215,0.03649999999999998,0.482,0.521,0.486,0.5720365656548512,0.4982,0.5370098587348282,0.485,wrn28x10,0.4553,0.4602,1.4880451965569095,1.4880451965569095,0.0,wrn28x10,0.5147,0.5038,1.4890431633049792,1.4890431633049792,0.0,0.0,0.0,0.0,0.0,0.0
wrn28x10x2_cifar100_K2_indep_seed0003_d001,d001,wrn28x10:2,cifar100,2,indep,indep,peers,3,200,64,0.1,0.9,0.0005,True,0,60,0.1,1.0,1,,disagreement,1.0,1,0.0,0.5,weight,complete,0.0,0.0,42,0,45000,5000,10000,73073768,33,0.1,0,54.94,0.41295000000000004,0.02235000000000001,0.3906,0.4353,0.4529,0.039949999999999986,0.40049999999999997,0.437,0.5356,0.5318890022014554,0.534,0.5282195964951517,0.41295000000000004,wrn28x10,0.4353,0.427,1.485423108562827,1.485423108562827,0.0,wrn28x10,0.3906,0.374,1.4756456005641005,1.4756456005641005,0.0,0.0,0.0,0.0,0.0,0.0
wrn28x10x2_cifar100_K2_indep_seed0003_d001,d001,wrn28x10:2,cifar100,2,indep,indep,peers,3,200,64,0.1,0.9,0.0005,True,0,60,0.1,1.0,1,,disagreement,1.0,1,0.0,0.5,weight,complete,0.0,0.0,42,0,45000,5000,10000,73073768,34,0.1,0,55.0,0.43365,0.044149999999999995,0.3895,0.4778,0.4621,0.02845000000000003,0.4234,0.4596,0.527,0.5435137690472982,0.5184,0.5456030368530466,0.43365,wrn28x10,0.3895,0.38,1.487974089401012,1.487974089401012,0.0,wrn28x10,0.4778,0.4668,1.480844959362664,1.480844959362664,0.0,0.0,0.0,0.0,0.0,0.0
wrn28x10x2_cifar100_K2_indep_seed0003_d001,d001,wrn28x10:2,cifar100,2,indep,indep,peers,3,200,64,0.1,0.9,0.0005,True,0,60,0.1,1.0,1,,disagreement,1.0,1,0.0,0.5,weight,complete,0.0,0.0,42,0,45000,5000,10000,73073768,35,0.1,0,55.01,0.45045,0.01605000000000001,0.4344,0.4665,0.4887,0.038250000000000006,0.4575,0.4918,0.4752,0.5385220366090898,0.4808,0.5396767940339375,0.45045,wrn28x10,0.4344,0.4472,1.4753224340013482,1.4753224340013482,0.0,wrn28x10,0.4665,0.4678,1.467578037557277,1.467578037557277,0.0,0.0,0.0,0.0,0.0,0.0
wrn28x10x2_cifar100_K2_indep_seed0003_d001,d001,wrn28x10:2,cifar100,2,indep,indep,peers,3,200,64,0.1,0.9,0.0005,True,0,60,0.1,1.0,1,,disagreement,1.0,1,0.0,0.5,weight,complete,0.0,0.0,42,0,45000,5000,10000,73073768,36,0.1,0,55.04,0.41165,0.05635000000000001,0.3553,0.468,0.449,0.037349999999999994,0.41469999999999996,0.4522,0.5606,0.5177037570315696,0.5626,0.5184826344727259,0.41165,wrn28x10,0.3553,0.36,1.4829070598564364,1.4829070598564364,0.0,wrn28x10,0.468,0.4694,1.4740054570138454,1.4740054570138454,0.0,0.0,0.0,0.0,0.0,0.0
wrn28x10x2_cifar100_K2_indep_seed0003_d001,d001,wrn28x10:2,cifar100,2,indep,indep,peers,3,200,64,0.1,0.9,0.0005,True,0,60,0.1,1.0,1,,disagreement,1.0,1,0.0,0.5,weight,complete,0.0,0.0,42,0,45000,5000,10000,73073768,37,0.1,0,54.98,0.4345,0.030899999999999983,0.4036,0.4654,0.4783,0.043800000000000006,0.4233,0.4604,0.5306,0.5027094235936534,0.5129,0.5163607544058244,0.4345,wrn28x10,0.4036,0.388,1.4771783324805172,1.4771783324805172,0.0,wrn28x10,0.4654,0.4586,1.466093411161141,1.466093411161141,0.0,0.0,0.0,0.0,0.0,0.0
wrn28x10x2_cifar100_K2_indep_seed0003_d001,d001,wrn28x10:2,cifar100,2,indep,indep,peers,3,200,64,0.1,0.9,0.0005,True,0,60,0.1,1.0,1,,disagreement,1.0,1,0.0,0.5,weight,complete,0.0,0.0,42,0,45000,5000,10000,73073768,38,0.1,0,54.97,0.46145,0.02175000000000002,0.4397,0.4832,0.504,0.04254999999999998,0.4578,0.499,0.5406,0.4807815957268603,0.5396,0.4908052426101894,0.46145,wrn28x10,0.4397,0.4358,1.4867919013750823,1.4867919013750823,0.0,wrn28x10,0.4832,0.4798,1.4795383525673638,1.4795383525673638,0.0,0.0,0.0,0.0,0.0,0.0
wrn28x10x2_cifar100_K2_indep_seed0003_d001,d001,wrn28x10:2,cifar100,2,indep,indep,peers,3,200,64,0.1,0.9,0.0005,True,0,60,0.1,1.0,1,,disagreement,1.0,1,0.0,0.5,weight,complete,0.0,0.0,42,0,45000,5000,10000,73073768,39,0.1,0,54.91,0.47785,0.01865,0.4592,0.4965,0.5155,0.03764999999999996,0.4747,0.5172,0.4822,0.5240486717322189,0.479,0.5542908064780494,0.47785,wrn28x10,0.4965,0.4948,1.4686358058825135,1.4686358058825135,0.0,wrn28x10,0.4592,0.4546,1.4698181450366974,1.4698181450366974,0.0,0.0,0.0,0.0,0.0,0.0
wrn28x10x2_cifar100_K2_indep_seed0003_d001,d001,wrn28x10:2,cifar100,2,indep,indep,peers,3,200,64,0.1,0.9,0.0005,True,0,60,0.1,1.0,1,,disagreement,1.0,1,0.0,0.5,weight,complete,0.0,0.0,42,0,45000,5000,10000,73073768,40,0.1,0,54.9,0.49460000000000004,0.002799999999999997,0.4918,0.4974,0.5285,0.03389999999999993,0.4986,0.5304,0.4412,0.594403197771143,0.4553,0.569198965611596,0.49460000000000004,wrn28x10,0.4974,0.4996,1.4593280117789453,1.4593280117789453,0.0,wrn28x10,0.4918,0.4976,1.4591451424428008,1.4591451424428008,0.0,0.0,0.0,0.0,0.0,0.0
wrn28x10x2_cifar100_K2_indep_seed0003_d001,d001,wrn28x10:2,cifar100,2,indep,indep,peers,3,200,64,0.1,0.9,0.0005,True,0,60,0.1,1.0,1,,disagreement,1.0,1,0.0,0.5,weight,complete,0.0,0.0,42,0,45000,5000,10000,73073768,41,0.1,0,54.9,0.4406,0.021299999999999986,0.4193,0.4619,0.4782,0.03760000000000002,0.4371,0.466,0.5052,0.5366342307050025,0.5027,0.5521244091359102,0.4406,wrn28x10,0.4193,0.416,1.4689745928414844,1.4689745928414844,0.0,wrn28x10,0.4619,0.4582,1.4666959782215683,1.4666959782215683,0.0,0.0,0.0,0.0,0.0,0.0
wrn28x10x2_cifar100_K2_indep_seed0003_d001,d001,wrn28x10:2,cifar100,2,indep,indep,peers,3,200,64,0.1,0.9,0.0005,True,0,60,0.1,1.0,1,,disagreement,1.0,1,0.0,0.5,weight,complete,0.0,0.0,42,0,45000,5000,10000,73073768,42,0.1,0,54.95,0.4343,0.035,0.3993,0.4693,0.477,0.04269999999999996,0.4314,0.4708,0.489,0.5311491531098118,0.4791,0.5429633067378031,0.4343,wrn28x10,0.4693,0.4654,1.4637617638165301,1.4637617638165301,0.0,wrn28x10,0.3993,0.3974,1.4541536945510993,1.4541536945510993,0.0,0.0,0.0,0.0,0.0,0.0
wrn28x10x2_cifar100_K2_indep_seed0003_d001,d001,wrn28x10:2,cifar100,2,indep,indep,peers,3,200,64,0.1,0.9,0.0005,True,0,60,0.1,1.0,1,,disagreement,1.0,1,0.0,0.5,weight,complete,0.0,0.0,42,0,45000,5000,10000,73073768,43,0.1,0,54.86,0.4033,0.02839999999999998,0.3749,0.4317,0.4378,0.03450000000000003,0.4001,0.4386,0.5652,0.5132235630284105,0.5538,0.5261316795521729,0.4033,wrn28x10,0.4317,0.4328,1.4609251537106254,1.4609251537106254,0.0,wrn28x10,0.3749,0.3674,1.4561324297365816,1.4561324297365816,0.0,0.0,0.0,0.0,0.0,0.0
wrn28x10x2_cifar100_K2_indep_seed0003_d001,d001,wrn28x10:2,cifar100,2,indep,indep,peers,3,200,64,0.1,0.9,0.0005,True,0,60,0.1,1.0,1,,disagreement,1.0,1,0.0,0.5,weight,complete,0.0,0.0,42,0,45000,5000,10000,73073768,44,0.1,0,54.88,0.4279,0.043999999999999984,0.3839,0.4719,0.4703,0.04239999999999999,0.424,0.4652,0.5242,0.5610236966183679,0.5348,0.543027123557357,0.4279,wrn28x10,0.3839,0.3836,1.460126614113423,1.460126614113423,0.0,wrn28x10,0.4719,0.4644,1.4599066289480438,1.4599066289480438,0.0,0.0,0.0,0.0,0.0,0.0
wrn28x10x2_cifar100_K2_indep_seed0003_d001,d001,wrn28x10:2,cifar100,2,indep,indep,peers,3,200,64,0.1,0.9,0.0005,True,0,60,0.1,1.0,1,,disagreement,1.0,1,0.0,0.5,weight,complete,0.0,0.0,42,0,45000,5000,10000,73073768,45,0.1,0,54.98,0.42374999999999996,0.01235,0.4114,0.4361,0.4577,0.033950000000000036,0.4319,0.4654,0.5002,0.548480512974018,0.5085,0.5396489740596627,0.42374999999999996,wrn28x10,0.4114,0.4138,1.4644334018230438,1.4644334018230438,0.0,wrn28x10,0.4361,0.45,1.4556126420132138,1.4556126420132138,0.0,0.0,0.0,0.0,0.0,0.0
wrn28x10x2_cifar100_K2_indep_seed0003_d001,d001,wrn28x10:2,cifar100,2,indep,indep,peers,3,200,64,0.1,0.9,0.0005,True,0,60,0.1,1.0,1,,disagreement,1.0,1,0.0,0.5,weight,complete,0.0,0.0,42,0,45000,5000,10000,73073768,46,0.1,0,54.95,0.41465,0.010649999999999993,0.404,0.4253,0.4571,0.04244999999999999,0.4144,0.4538,0.5814,0.48305348180654833,0.5844,0.4962127365969399,0.41465,wrn28x10,0.4253,0.4244,1.4667845032262532,1.4667845032262532,0.0,wrn28x10,0.404,0.4044,1.4557188020341776,1.4557188020341776,0.0,0.0,0.0,0.0,0.0,0.0
wrn28x10x2_cifar100_K2_indep_seed0003_d001,d001,wrn28x10:2,cifar100,2,indep,indep,peers,3,200,64,0.1,0.9,0.0005,True,0,60,0.1,1.0,1,,disagreement,1.0,1,0.0,0.5,weight,complete,0.0,0.0,42,0,45000,5000,10000,73073768,47,0.1,0,54.87,0.46204999999999996,0.0002500000000000002,0.4618,0.4623,0.5104,0.048350000000000004,0.4655,0.512,0.526,0.48916798854739846,0.5266,0.4973044421703487,0.46204999999999996,wrn28x10,0.4618,0.4656,1.4618365015326575,1.4618365015326575,0.0,wrn28x10,0.4623,0.4654,1.4580094879493117,1.4580094879493117,0.0,0.0,0.0,0.0,0.0,0.0
wrn28x10x2_cifar100_K2_indep_seed0003_d001,d001,wrn28x10:2,cifar100,2,indep,indep,peers,3,200,64,0.1,0.9,0.0005,True,0,60,0.1,1.0,1,,disagreement,1.0,1,0.0,0.5,weight,complete,0.0,0.0,42,0,45000,5000,10000,73073768,48,0.1,0,54.99,0.41325,0.013749999999999984,0.3995,0.427,0.4412,0.027949999999999975,0.4193,0.4478,0.4978,0.5587195928756074,0.5095,0.5675958215989245,0.41325,wrn28x10,0.427,0.4362,1.4598371557552705,1.4598371557552705,0.0,wrn28x10,0.3995,0.4024,1.4557499082928353,1.4557499082928353,0.0,0.0,0.0,0.0,0.0,0.0
wrn28x10x2_cifar100_K2_indep_seed0003_d001,d001,wrn28x10:2,cifar100,2,indep,indep,peers,3,200,64,0.1,0.9,0.0005,True,0,60,0.1,1.0,1,,disagreement,1.0,1,0.0,0.5,weight,complete,0.0,0.0,42,0,45000,5000,10000,73073768,49,0.1,0,55.07,0.42600000000000005,0.022499999999999996,0.4035,0.4485,0.4539,0.02789999999999998,0.4219,0.453,0.5172,0.5593121235690979,0.5208,0.5583320751646824,0.42600000000000005,wrn28x10,0.4485,0.4472,1.4514717211608181,1.4514717211608181,0.0,wrn28x10,0.4035,0.3966,1.4516609123145992,1.4516609123145992,0.0,0.0,0.0,0.0,0.0,0.0
wrn28x10x2_cifar100_K2_indep_seed0003_d001,d001,wrn28x10:2,cifar100,2,indep,indep,peers,3,200,64,0.1,0.9,0.0005,True,0,60,0.1,1.0,1,,disagreement,1.0,1,0.0,0.5,weight,complete,0.0,0.0,42,0,45000,5000,10000,73073768,50,0.1,0,55.07,0.37085,0.027950000000000003,0.3429,0.3988,0.3969,0.026049999999999962,0.3782,0.4106,0.549,0.53436763052654,0.5558,0.5457691731703338,0.37085,wrn28x10,0.3988,0.4044,1.4496956074779683,1.4496956074779683,0.0,wrn28x10,0.3429,0.352,1.4512198254127393,1.4512198254127393,0.0,0.0,0.0,0.0,0.0,0.0
wrn28x10x2_cifar100_K2_indep_seed0003_d001,d001,wrn28x10:2,cifar100,2,indep,indep,peers,3,200,64,0.1,0.9,0.0005,True,0,60,0.1,1.0,1,,disagreement,1.0,1,0.0,0.5,weight,complete,0.0,0.0,42,0,45000,5000,10000,73073768,51,0.1,0,54.91,0.46575,0.022150000000000003,0.4436,0.4879,0.495,0.029249999999999998,0.4599,0.4826,0.4782,0.5662287738403831,0.4731,0.5757121285450753,0.46575,wrn28x10,0.4436,0.438,1.4492461692372507,1.4492461692372507,0.0,wrn28x10,0.4879,0.4818,1.448553459549492,1.448553459549492,0.0,0.0,0.0,0.0,0.0,0.0
wrn28x10x2_cifar100_K2_indep_seed0003_d001,d001,wrn28x10:2,cifar100,2,indep,indep,peers,3,200,64,0.1,0.9,0.0005,True,0,60,0.1,1.0,1,,disagreement,1.0,1,0.0,0.5,weight,complete,0.0,0.0,42,0,45000,5000,10000,73073768,52,0.1,0,54.93,0.42535,0.007349999999999995,0.418,0.4327,0.4652,0.03985,0.4272,0.4678,0.53,0.4903132867986903,0.5345,0.5001880519408991,0.42535,wrn28x10,0.4327,0.4408,1.4528133979236537,1.4528133979236537,0.0,wrn28x10,0.418,0.4136,1.4495818916369567,1.4495818916369567,0.0,0.0,0.0,0.0,0.0,0.0
wrn28x10x2_cifar100_K2_indep_seed0003_d001,d001,wrn28x10:2,cifar100,2,indep,indep,peers,3,200,64,0.1,0.9,0.0005,True,0,60,0.1,1.0,1,,disagreement,1.0,1,0.0,0.5,weight,complete,0.0,0.0,42,0,45000,5000,10000,73073768,53,0.1,0,54.91,0.43915,0.06324999999999997,0.3759,0.5024,0.4986,0.05945,0.4431,0.4978,0.5976,0.44593813800122695,0.6036,0.4317047321263001,0.43915,wrn28x10,0.3759,0.378,1.459185596132143,1.459185596132143,0.0,wrn28x10,0.5024,0.5082,1.4517236627977004,1.4517236627977004,0.0,0.0,0.0,0.0,0.0,0.0
wrn28x10x2_cifar100_K2_indep_seed0003_d001,d001,wrn28x10:2,cifar100,2,indep,indep,peers,3,200,64,0.1,0.9,0.0005,True,0,60,0.1,1.0,1,,disagreement,1.0,1,0.0,0.5,weight,complete,0.0,0.0,42,0,45000,5000,10000,73073768,54,0.1,0,54.91,0.43689999999999996,0.022400000000000003,0.4145,0.4593,0.4805,0.04360000000000003,0.4433,0.4836,0.5476,0.4559069753077697,0.5671,0.4636251949694364,0.43689999999999996,wrn28x10,0.4593,0.4722,1.4510293085636063,1.4510293085636063,0.0,wrn28x10,0.4145,0.4144,1.4536146595227448,1.4536146595227448,0.0,0.0,0.0,0.0,0.0,0.0
wrn28x10x2_cifar100_K2_indep_seed0003_d001,d001,wrn28x10:2,cifar100,2,indep,indep,peers,3,200,64,0.1,0.9,0.0005,True,0,60,0.1,1.0,1,,disagreement,1.0,1,0.0,0.5,weight,complete,0.0,0.0,42,0,45000,5000,10000,73073768,55,0.1,0,54.9,0.4573,0.019100000000000006,0.4382,0.4764,0.4928,0.03550000000000003,0.456,0.4898,0.482,0.5499876454360715,0.4882,0.5550358945118414,0.4573,wrn28x10,0.4764,0.4782,1.445096447640522,1.445096447640522,0.0,wrn28x10,0.4382,0.4338,1.4501456366851926,1.4501456366851926,0.0,0.0,0.0,0.0,0.0,0.0
wrn28x10x2_cifar100_K2_indep_seed0003_d001,d001,wrn28x10:2,cifar100,2,indep,indep,peers,3,200,64,0.1,0.9,0.0005,True,0,60,0.1,1.0,1,,disagreement,1.0,1,0.0,0.5,weight,complete,0.0,0.0,42,0,45000,5000,10000,73073768,56,0.1,0,54.98,0.45375,0.01815,0.4356,0.4719,0.4875,0.03375,0.4582,0.488,0.4792,0.5653113337083966,0.4865,0.5621246267189535,0.45375,wrn28x10,0.4719,0.4758,1.4434319000521845,1.4434319000521845,0.0,wrn28x10,0.4356,0.4406,1.438290798782625,1.438290798782625,0.0,0.0,0.0,0.0,0.0,0.0
wrn28x10x2_cifar100_K2_indep_seed0003_d001,d001,wrn28x10:2,cifar100,2,indep,indep,peers,3,200,64,0.1,0.9,0.0005,True,0,60,0.1,1.0,1,,disagreement,1.0,1,0.0,0.5,weight,complete,0.0,0.0,42,0,45000,5000,10000,73073768,57,0.1,0,54.95,0.4323,0.01369999999999999,0.4186,0.446,0.4706,0.0383,0.4282,0.4676,0.5168,0.5349851115486316,0.5135,0.545238183195133,0.4323,wrn28x10,0.4186,0.4186,1.442508647641675,1.442508647641675,0.0,wrn28x10,0.446,0.4378,1.445242353630337,1.445242353630337,0.0,0.0,0.0,0.0,0.0,0.0
wrn28x10x2_cifar100_K2_indep_seed0003_d001,d001,wrn28x10:2,cifar100,2,indep,indep,peers,3,200,64,0.1,0.9,0.0005,True,0,60,0.1,1.0,1,,disagreement,1.0,1,0.0,0.5,weight,complete,0.0,0.0,42,0,45000,5000,10000,73073768,58,0.1,0,54.97,0.45325000000000004,0.027850000000000014,0.4254,0.4811,0.4953,0.042049999999999976,0.4552,0.4962,0.5248,0.5136868956841784,0.5269,0.5106366306647092,0.45325000000000004,wrn28x10,0.4254,0.4228,1.4453674670816823,1.4453674670816823,0.0,wrn28x10,0.4811,0.4876,1.4526647837324576,1.4526647837324576,0.0,0.0,0.0,0.0,0.0,0.0
wrn28x10x2_cifar100_K2_indep_seed0003_d001,d001,wrn28x10:2,cifar100,2,indep,indep,peers,3,200,64,0.1,0.9,0.0005,True,0,60,0.1,1.0,1,,disagreement,1.0,1,0.0,0.5,weight,complete,0.0,0.0,42,0,45000,5000,10000,73073768,59,0.1,0,54.94,0.42485,0.027249999999999996,0.3976,0.4521,0.4579,0.03304999999999997,0.42679999999999996,0.4622,0.559,0.520788225607818,0.5537,0.5408797229501486,0.42485,wrn28x10,0.3976,0.4018,1.454509266906164,1.454509266906164,0.0,wrn28x10,0.4521,0.4518,1.4539972374385053,1.4539972374385053,0.0,0.0,0.0,0.0,0.0,0.0
wrn28x10x2_cifar100_K2_indep_seed0003_d001,d001,wrn28x10:2,cifar100,2,indep,indep,peers,3,200,64,0.1,0.9,0.0005,True,0,60,0.1,1.0,1,,disagreement,1.0,1,0.0,0.5,weight,complete,0.0,0.0,42,0,45000,5000,10000,73073768,60,0.010000000000000002,0,54.99,0.70385,0.003249999999999975,0.7006,0.7071,0.7128,0.008950000000000014,0.7119,0.7212,0.1734,0.7450449724223234,0.1771,0.7571147849197886,0.70385,wrn28x10,0.7071,0.714,0.9147696881131693,0.9147696881131693,0.0,wrn28x10,0.7006,0.7098,0.9144953077828343,0.9144953077828343,0.0,0.0,0.0,0.0,0.0,0.0
wrn28x10x2_cifar100_K2_indep_seed0003_d001,d001,wrn28x10:2,cifar100,2,indep,indep,peers,3,200,64,0.1,0.9,0.0005,True,0,60,0.1,1.0,1,,disagreement,1.0,1,0.0,0.5,weight,complete,0.0,0.0,42,0,45000,5000,10000,73073768,61,0.010000000000000002,0,54.99,0.7117,0.0,0.7117,0.7117,0.7239,0.012199999999999989,0.7173,0.7294,0.1736,0.7470629179565748,0.1833,0.7377951820693234,0.7117,wrn28x10,0.7117,0.7152,0.7430640713904392,0.7430640713904392,0.0,wrn28x10,0.7117,0.7194,0.7461606655269861,0.7461606655269861,0.0,0.0,0.0,0.0,0.0,0.0
wrn28x10x2_cifar100_K2_indep_seed0003_d001,d001,wrn28x10:2,cifar100,2,indep,indep,peers,3,200,64,0.1,0.9,0.0005,True,0,60,0.1,1.0,1,,disagreement,1.0,1,0.0,0.5,weight,complete,0.0,0.0,42,0,45000,5000,10000,73073768,62,0.010000000000000002,0,54.82,0.71785,0.006950000000000012,0.7109,0.7248,0.7323,0.014449999999999963,0.7202,0.7354,0.1828,0.7265757361084527,0.1989,0.7010390525201257,0.71785,wrn28x10,0.7248,0.7272,0.671826945321465,0.671826945321465,0.0,wrn28x10,0.7109,0.7132,0.6740860199894417,0.6740860199894417,0.0,0.0,0.0,0.0,0.0,0.0
wrn28x10x2_cifar100_K2_indep_seed0003_d001,d001,wrn28x10:2,cifar100,2,indep,indep,peers,3,200,64,0.1,0.9,0.0005,True,0,60,0.1,1.0,1,,disagreement,1.0,1,0.0,0.5,weight,complete,0.0,0.0,42,0,45000,5000,10000,73073768,63,0.010000000000000002,0,54.84,0.7202,0.003699999999999981,0.7165,0.7239,0.7372,0.017000000000000015,0.727,0.7408,0.195,0.7119645043601657,0.1991,0.6974265594337206,0.7202,wrn28x10,0.7165,0.723,0.6241614238189702,0.6241614238189702,0.0,wrn28x10,0.7239,0.731,0.6265806104056537,0.6265806104056537,0.0,0.0,0.0,0.0,0.0,0.0
wrn28x10x2_cifar100_K2_indep_seed0003_d001,d001,wrn28x10:2,cifar100,2,indep,indep,peers,3,200,64,0.1,0.9,0.0005,True,0,60,0.1,1.0,1,,disagreement,1.0,1,0.0,0.5,weight,complete,0.0,0.0,42,0,45000,5000,10000,73073768,64,0.010000000000000002,0,54.95,0.7275499999999999,0.0033500000000000196,0.7242,0.7309,0.7427,0.015150000000000108,0.7282,0.743,0.1892,0.7039987488245678,0.1954,0.6926312348716352,0.7275499999999999,wrn28x10,0.7242,0.7256,0.5746709427542307,0.5746709427542307,0.0,wrn28x10,0.7309,0.7308,0.5748939625495537,0.5748939625495537,0.0,0.0,0.0,0.0,0.0,0.0
wrn28x10x2_cifar100_K2_indep_seed0003_d001,d001,wrn28x10:2,cifar100,2,indep,indep,peers,3,200,64,0.1,0.9,0.0005,True,0,60,0.1,1.0,1,,disagreement,1.0,1,0.0,0.5,weight,complete,0.0,0.0,42,0,45000,5000,10000,73073768,65,0.010000000000000002,0,54.93,0.71685,0.005649999999999988,0.7112,0.7225,0.7345,0.017650000000000055,0.7227,0.737,0.204,0.692123918256509,0.205,0.6882099233841832,0.71685,wrn28x10,0.7225,0.723,0.5408781805414368,0.5408781805414368,0.0,wrn28x10,0.7112,0.7224,0.5451570929620754,0.5451570929620754,0.0,0.0,0.0,0.0,0.0,0.0
wrn28x10x2_cifar100_K2_indep_seed0003_d001,d001,wrn28x10:2,cifar100,2,indep,indep,peers,3,200,64,0.1,0.9,0.0005,True,0,60,0.1,1.0,1,,disagreement,1.0,1,0.0,0.5,weight,complete,0.0,0.0,42,0,45000,5000,10000,73073768,66,0.010000000000000002,0,54.85,0.72645,0.0046499999999999875,0.7218,0.7311,0.7427,0.016249999999999987,0.7313000000000001,0.7536,0.2044,0.6850255836918652,0.2125,0.6799216981036367,0.72645,wrn28x10,0.7311,0.7332,0.511029291940345,0.511029291940345,0.0,wrn28x10,0.7218,0.7294,0.5132778977805917,0.5132778977805917,0.0,0.0,0.0,0.0,0.0,0.0
wrn28x10x2_cifar100_K2_indep_seed0003_d001,d001,wrn28x10:2,cifar100,2,indep,indep,peers,3,200,64,0.1,0.9,0.0005,True,0,60,0.1,1.0,1,,disagreement,1.0,1,0.0,0.5,weight,complete,0.0,0.0,42,0,45000,5000,10000,73073768,67,0.010000000000000002,0,54.94,0.7198,0.0016000000000000458,0.7182,0.7214,0.7388,0.019000000000000017,0.7238,0.743,0.2016,0.6808657098233717,0.2107,0.6871660654632429,0.7198,wrn28x10,0.7214,0.7232,0.4795790093273602,0.4795790093273602,0.0,wrn28x10,0.7182,0.7244,0.48383697103285656,0.48383697103285656,0.0,0.0,0.0,0.0,0.0,0.0
wrn28x10x2_cifar100_K2_indep_seed0003_d001,d001,wrn28x10:2,cifar100,2,indep,indep,peers,3,200,64,0.1,0.9,0.0005,True,0,60,0.1,1.0,1,,disagreement,1.0,1,0.0,0.5,weight,complete,0.0,0.0,42,0,45000,5000,10000,73073768,68,0.010000000000000002,0,54.94,0.7118,0.0033999999999999586,0.7084,0.7152,0.73,0.018199999999999994,0.7153,0.7342,0.2248,0.6618991171573985,0.23,0.6661932496925498,0.7118,wrn28x10,0.7084,0.7104,0.45188888124274934,0.45188888124274934,0.0,wrn28x10,0.7152,0.7202,0.456299244934185,0.456299244934185,0.0,0.0,0.0,0.0,0.0,0.0
wrn28x10x2_cifar100_K2_indep_seed0003_d001,d001,wrn28x10:2,cifar100,2,indep,indep,peers,3,200,64,0.1,0.9,0.0005,True,0,60,0.1,1.0,1,,disagreement,1.0,1,0.0,0.5,weight,complete,0.0,0.0,42,0,45000,5000,10000,73073768,69,0.010000000000000002,0,54.99,0.72,0.006800000000000028,0.7132,0.7268,0.7392,0.019199999999999995,0.7158,0.7352,0.226,0.6592461853131694,0.2269,0.6507479313097149,0.72,wrn28x10,0.7268,0.7222,0.4381702116224915,0.4381702116224915,0.0,wrn28x10,0.7132,0.7094,0.43607377481054177,0.43607377481054177,0.0,0.0,0.0,0.0,0.0,0.0
wrn28x10x2_cifar100_K2_indep_seed0003_d001,d001,wrn28x10:2,cifar100,2,indep,indep,peers,3,200,64,0.1,0.9,0.0005,True,0,60,0.1,1.0,1,,disagreement,1.0,1,0.0,0.5,weight,complete,0.0,0.0,42,0,45000,5000,10000,73073768,70,0.010000000000000002,0,54.97,0.7163,0.0020000000000000018,0.7143,0.7183,0.7418,0.025499999999999967,0.7205,0.7394,0.2358,0.6419816882979453,0.2327,0.6408114346763291,0.7163,wrn28x10,0.7143,0.7194,0.4164273153397847,0.4164273153397847,0.0,wrn28x10,0.7183,0.7216,0.41648510949347506,0.41648510949347506,0.0,0.0,0.0,0.0,0.0,0.0
wrn28x10x2_cifar100_K2_indep_seed0003_d001,d001,wrn28x10:2,cifar100,2,indep,indep,peers,3,200,64,0.1,0.9,0.0005,True,0,60,0.1,1.0,1,,disagreement,1.0,1,0.0,0.5,weight,complete,0.0,0.0,42,0,45000,5000,10000,73073768,71,0.010000000000000002,0,54.95,0.706,0.0005000000000000004,0.7055,0.7065,0.7319,0.025900000000000034,0.7125,0.738,0.2496,0.6335360757703361,0.2543,0.6309594738928479,0.706,wrn28x10,0.7055,0.7084,0.4000599268527532,0.4000599268527532,0.0,wrn28x10,0.7065,0.7166,0.3990947433789684,0.3990947433789684,0.0,0.0,0.0,0.0,0.0,0.0
wrn28x10x2_cifar100_K2_indep_seed0003_d001,d001,wrn28x10:2,cifar100,2,indep,indep,peers,3,200,64,0.1,0.9,0.0005,True,0,60,0.1,1.0,1,,disagreement,1.0,1,0.0,0.5,weight,complete,0.0,0.0,42,0,45000,5000,10000,73073768,72,0.010000000000000002,0,54.95,0.7129,0.0020999999999999908,0.7108,0.715,0.7385,0.025600000000000067,0.7166,0.742,0.2498,0.6238021804167012,0.2563,0.6091742288780956,0.7129,wrn28x10,0.715,0.7164,0.3877993596252054,0.3877993596252054,0.0,wrn28x10,0.7108,0.7168,0.3946991078555584,0.3946991078555584,0.0,0.0,0.0,0.0,0.0,0.0
wrn28x10x2_cifar100_K2_indep_seed0003_d001,d001,wrn28x10:2,cifar100,2,indep,indep,peers,3,200,64,0.1,0.9,0.0005,True,0,60,0.1,1.0,1,,disagreement,1.0,1,0.0,0.5,weight,complete,0.0,0.0,42,0,45000,5000,10000,73073768,73,0.010000000000000002,0,54.93,0.7081500000000001,0.007949999999999957,0.7002,0.7161,0.7322,0.024049999999999905,0.7066,0.7344,0.2654,0.5981776565313588,0.2608,0.6142143742255463,0.7081500000000001,wrn28x10,0.7161,0.7138,0.37577523627657106,0.37577523627657106,0.0,wrn28x10,0.7002,0.6994,0.3746977679177441,0.3746977679177441,0.0,0.0,0.0,0.0,0.0,0.0
wrn28x10x2_cifar100_K2_indep_seed0003_d001,d001,wrn28x10:2,cifar100,2,indep,indep,peers,3,200,64,0.1,0.9,0.0005,True,0,60,0.1,1.0,1,,disagreement,1.0,1,0.0,0.5,weight,complete,0.0,0.0,42,0,45000,5000,10000,73073768,74,0.010000000000000002,0,54.97,0.7056,0.005800000000000027,0.6998,0.7114,0.7323,0.026699999999999946,0.7089,0.7362,0.2662,0.6085614485618739,0.2743,0.5882199133388062,0.7056,wrn28x10,0.7114,0.717,0.37039605212736537,0.37039605212736537,0.0,wrn28x10,0.6998,0.7008,0.38356849629516626,0.38356849629516626,0.0,0.0,0.0,0.0,0.0,0.0
wrn28x10x2_cifar100_K2_indep_seed0003_d001,d001,wrn28x10:2,cifar100,2,indep,indep,peers,3,200,64,0.1,0.9,0.0005,True,0,60,0.1,1.0,1,,disagreement,1.0,1,0.0,0.5,weight,complete,0.0,0.0,42,0,45000,5000,10000,73073768,75,0.010000000000000002,0,54.79,0.7110000000000001,0.004500000000000004,0.7065,0.7155,0.738,0.026999999999999913,0.7084,0.734,0.2536,0.6253372138087407,0.2639,0.6108506496972013,0.7110000000000001,wrn28x10,0.7065,0.7102,0.36701742494055495,0.36701742494055495,0.0,wrn28x10,0.7155,0.7066,0.36516417328014295,0.36516417328014295,0.0,0.0,0.0,0.0,0.0,0.0
wrn28x10x2_cifar100_K2_indep_seed0003_d001,d001,wrn28x10:2,cifar100,2,indep,indep,peers,3,200,64,0.1,0.9,0.0005,True,0,60,0.1,1.0,1,,disagreement,1.0,1,0.0,0.5,weight,complete,0.0,0.0,42,0,45000,5000,10000,73073768,76,0.010000000000000002,0,54.9,0.6973,0.006500000000000006,0.6908,0.7038,0.7289,0.03159999999999996,0.7021,0.7336,0.2652,0.6084997120441313,0.2845,0.5881811013678113,0.6973,wrn28x10,0.7038,0.6992,0.36025007060644304,0.36025007060644304,0.0,wrn28x10,0.6908,0.705,0.3614127638389949,0.3614127638389949,0.0,0.0,0.0,0.0,0.0,0.0
wrn28x10x2_cifar100_K2_indep_seed0003_d001,d001,wrn28x10:2,cifar100,2,indep,indep,peers,3,200,64,0.1,0.9,0.0005,True,0,60,0.1,1.0,1,,disagreement,1.0,1,0.0,0.5,weight,complete,0.0,0.0,42,0,45000,5000,10000,73073768,77,0.010000000000000002,0,54.86,0.70415,0.0012500000000000289,0.7029,0.7054,0.7328,0.028649999999999953,0.7067,0.7366,0.251,0.6233585833735574,0.2689,0.595593263808074,0.70415,wrn28x10,0.7029,0.7026,0.3466996944678778,0.3466996944678778,0.0,wrn28x10,0.7054,0.7108,0.3530914350201122,0.3530914350201122,0.0,0.0,0.0,0.0,0.0,0.0
wrn28x10x2_cifar100_K2_indep_seed0003_d001,d001,wrn28x10:2,cifar100,2,indep,indep,peers,3,200,64,0.1,0.9,0.0005,True,0,60,0.1,1.0,1,,disagreement,1.0,1,0.0,0.5,weight,complete,0.0,0.0,42,0,45000,5000,10000,73073768,78,0.010000000000000002,0,54.81,0.6916,0.006800000000000028,0.6848,0.6984,0.7231,0.03149999999999997,0.6945,0.7268,0.2806,0.5970659098983974,0.2825,0.6065625412378629,0.6916,wrn28x10,0.6984,0.6968,0.3356779321647165,0.3356779321647165,0.0,wrn28x10,0.6848,0.6922,0.336533440859057,0.336533440859057,0.0,0.0,0.0,0.0,0.0,0.0
wrn28x10x2_cifar100_K2_indep_seed0003_d001,d001,wrn28x10:2,cifar100,2,indep,indep,peers,3,200,64,0.1,0.9,0.0005,True,0,60,0.1,1.0,1,,disagreement,1.0,1,0.0,0.5,weight,complete,0.0,0.0,42,0,45000,5000,10000,73073768,79,0.010000000000000002,0,54.97,0.69665,0.005549999999999999,0.6911,0.7022,0.7309,0.03425,0.7006,0.7314,0.2828,0.5862151389697506,0.2904,0.5755666592041717,0.69665,wrn28x10,0.6911,0.699,0.3413869104856117,0.3413869104856117,0.0,wrn28x10,0.7022,0.7022,0.33733472964641725,0.33733472964641725,0.0,0.0,0.0,0.0,0.0,0.0
wrn28x10x2_cifar100_K2_indep_seed0003_d001,d001,wrn28x10:2,cifar100,2,indep,indep,peers,3,200,64,0.1,0.9,0.0005,True,0,60,0.1,1.0,1,,disagreement,1.0,1,0.0,0.5,weight,complete,0.0,0.0,42,0,45000,5000,10000,73073768,80,0.010000000000000002,0,55.06,0.6977,0.007599999999999996,0.6901,0.7053,0.7247,0.027000000000000024,0.7038,0.7364,0.2788,0.5817736929146756,0.2762,0.5970173367821917,0.6977,wrn28x10,0.7053,0.7066,0.32565089051654056,0.32565089051654056,0.0,wrn28x10,0.6901,0.701,0.3319157038243826,0.3319157038243826,0.0,0.0,0.0,0.0,0.0,0.0
wrn28x10x2_cifar100_K2_indep_seed0003_d001,d001,wrn28x10:2,cifar100,2,indep,indep,peers,3,200,64,0.1,0.9,0.0005,True,0,60,0.1,1.0,1,,disagreement,1.0,1,0.0,0.5,weight,complete,0.0,0.0,42,0,45000,5000,10000,73073768,81,0.010000000000000002,0,54.94,0.69215,0.014450000000000018,0.6777,0.7066,0.7229,0.030749999999999944,0.6901999999999999,0.7258,0.2938,0.5681995300445256,0.2895,0.5871187258954844,0.69215,wrn28x10,0.7066,0.7026,0.3167246124834161,0.3167246124834161,0.0,wrn28x10,0.6777,0.6778,0.33087536923333327,0.33087536923333327,0.0,0.0,0.0,0.0,0.0,0.0
wrn28x10x2_cifar100_K2_indep_seed0003_d001,d001,wrn28x10:2,cifar100,2,indep,indep,peers,3,200,64,0.1,0.9,0.0005,True,0,60,0.1,1.0,1,,disagreement,1.0,1,0.0,0.5,weight,complete,0.0,0.0,42,0,45000,5000,10000,73073768,82,0.010000000000000002,0,54.94,0.7069000000000001,0.002599999999999991,0.7043,0.7095,0.7359,0.028999999999999915,0.7033,0.736,0.288,0.5845556983229884,0.2851,0.5719544725494369,0.7069000000000001,wrn28x10,0.7095,0.7056,0.32617528044449334,0.32617528044449334,0.0,wrn28x10,0.7043,0.701,0.33202575699595566,0.33202575699595566,0.0,0.0,0.0,0.0,0.0,0.0
wrn28x10x2_cifar100_K2_indep_seed0003_d001,d001,wrn28x10:2,cifar100,2,indep,indep,peers,3,200,64,0.1,0.9,0.0005,True,0,60,0.1,1.0,1,,disagreement,1.0,1,0.0,0.5,weight,complete,0.0,0.0,42,0,45000,5000,10000,73073768,83,0.010000000000000002,0,54.92,0.71095,0.005850000000000022,0.7051,0.7168,0.745,0.034050000000000025,0.7131000000000001,0.7428,0.2732,0.5925819432782108,0.2834,0.5679421918360704,0.71095,wrn28x10,0.7051,0.7042,0.3115296548930928,0.3115296548930928,0.0,wrn28x10,0.7168,0.722,0.30601659550500865,0.30601659550500865,0.0,0.0,0.0,0.0,0.0,0.0
wrn28x10x2_cifar100_K2_indep_seed0003_d001,d001,wrn28x10:2,cifar100,2,indep,indep,peers,3,200,64,0.1,0.9,0.0005,True,0,60,0.1,1.0,1,,disagreement,1.0,1,0.0,0.5,weight,complete,0.0,0.0,42,0,45000,5000,10000,73073768,84,0.010000000000000002,0,54.98,0.70305,0.005049999999999999,0.698,0.7081,0.7334,0.0303500000000001,0.7077,0.7428,0.2764,0.5836768117596218,0.2779,0.5832569026365345,0.70305,wrn28x10,0.7081,0.7176,0.3114930762782354,0.3114930762782354,0.0,wrn28x10,0.698,0.6978,0.3138209797272628,0.3138209797272628,0.0,0.0,0.0,0.0,0.0,0.0
wrn28x10x2_cifar100_K2_indep_seed0003_d001,d001,wrn28x10:2,cifar100,2,indep,indep,peers,3,200,64,0.1,0.9,0.0005,True,0,60,0.1,1.0,1,,disagreement,1.0,1,0.0,0.5,weight,complete,0.0,0.0,42,0,45000,5000,10000,73073768,85,0.010000000000000002,0,54.96,0.68625,0.0046499999999999875,0.6816,0.6909,0.7216,0.03534999999999999,0.7001,0.7288,0.296,0.5776825145158945,0.3097,0.5563975017585453,0.68625,wrn28x10,0.6816,0.696,0.2995032664832913,0.2995032664832913,0.0,wrn28x10,0.6909,0.7042,0.31304941297805106,0.31304941297805106,0.0,0.0,0.0,0.0,0.0,0.0
wrn28x10x2_cifar100_K2_indep_seed0003_d001,d001,wrn28x10:2,cifar100,2,indep,indep,peers,3,200,64,0.1,0.9,0.0005,True,0,60,0.1,1.0,1,,disagreement,1.0,1,0.0,0.5,weight,complete,0.0,0.0,42,0,45000,5000,10000,73073768,86,0.010000000000000002,0,54.95,0.7094,0.0015999999999999903,0.7078,0.711,0.7444,0.03499999999999992,0.7081999999999999,0.7386,0.2936,0.5599604730106891,0.2839,0.5799435611384575,0.7094,wrn28x10,0.711,0.7022,0.2860327081924135,0.2860327081924135,0.0,wrn28x10,0.7078,0.7142,0.3008195079905404,0.3008195079905404,0.0,0.0,0.0,0.0,0.0,0.0
wrn28x10x2_cifar100_K2_indep_seed0003_d001,d001,wrn28x10:2,cifar100,2,indep,indep,peers,3,200,64,0.1,0.9,0.0005,True,0,60,0.1,1.0,1,,disagreement,1.0,1,0.0,0.5,weight,complete,0.0,0.0,42,0,45000,5000,10000,73073768,87,0.010000000000000002,0,54.98,0.67945,0.0005500000000000504,0.6789,0.68,0.7122,0.03275000000000006,0.6751,0.7142,0.3216,0.5540537324396955,0.3116,0.5755259445683691,0.67945,wrn28x10,0.68,0.668,0.28906615667934105,0.28906615667934105,0.0,wrn28x10,0.6789,0.6822,0.2827528719684448,0.2827528719684448,0.0,0.0,0.0,0.0,0.0,0.0
wrn28x10x2_cifar100_K2_indep_seed0003_d001,d001,wrn28x10:2,cifar100,2,indep,indep,peers,3,200,64,0.1,0.9,0.0005,True,0,60,0.1,1.0,1,,disagreement,1.0,1,0.0,0.5,weight,complete,0.0,0.0,42,0,45000,5000,10000,73073768,88,0.010000000000000002,0,54.96,0.6883999999999999,0.004500000000000004,0.6839,0.6929,0.7215,0.03310000000000013,0.6896,0.7236,0.3044,0.5716333371496213,0.3056,0.5652114173370212,0.6883999999999999,wrn28x10,0.6929,0.7028,0.3011988921260292,0.3011988921260292,0.0,wrn28x10,0.6839,0.6764,0.29685302172914485,0.29685302172914485,0.0,0.0,0.0,0.0,0.0,0.0
wrn28x10x2_cifar100_K2_indep_seed0003_d001,d001,wrn28x10:2,cifar100,2,indep,indep,peers,3,200,64,0.1,0.9,0.0005,True,0,60,0.1,1.0,1,,disagreement,1.0,1,0.0,0.5,weight,complete,0.0,0.0,42,0,45000,5000,10000,73073768,89,0.010000000000000002,0,54.85,0.69055,0.007249999999999979,0.6833,0.6978,0.7245,0.033950000000000036,0.6872,0.727,0.3258,0.5316814547898105,0.3141,0.5457968073602494,0.69055,wrn28x10,0.6833,0.6784,0.29571376445660874,0.29571376445660874,0.0,wrn28x10,0.6978,0.696,0.2952315962492404,0.2952315962492404,0.0,0.0,0.0,0.0,0.0,0.0
wrn28x10x2_cifar100_K2_indep_seed0003_d001,d001,wrn28x10:2,cifar100,2,indep,indep,peers,3,200,64,0.1,0.9,0.0005,True,0,60,0.1,1.0,1,,disagreement,1.0,1,0.0,0.5,weight,complete,0.0,0.0,42,0,45000,5000,10000,73073768,90,0.010000000000000002,0,54.9,0.70565,0.0010499999999999954,0.7046,0.7067,0.7404,0.03474999999999995,0.7073,0.7408,0.2964,0.5416583726860225,0.3015,0.5486547879697129,0.70565,wrn28x10,0.7046,0.7048,0.29012816630049865,0.29012816630049865,0.0,wrn28x10,0.7067,0.7098,0.27309278066439385,0.27309278066439385,0.0,0.0,0.0,0.0,0.0,0.0
wrn28x10x2_cifar100_K2_indep_seed0003_d001,d001,wrn28x10:2,cifar100,2,indep,indep,peers,3,200,64,0.1,0.9,0.0005,True,0,60,0.1,1.0,1,,disagreement,1.0,1,0.0,0.5,weight,complete,0.0,0.0,42,0,45000,5000,10000,73073768,91,0.010000000000000002,0,54.96,0.6992,0.004400000000000015,0.6948,0.7036,0.7311,0.03189999999999993,0.6976,0.7378,0.3108,0.533564212416418,0.3038,0.5536983611252168,0.6992,wrn28x10,0.7036,0.6962,0.27332420758268033,0.27332420758268033,0.0,wrn28x10,0.6948,0.699,0.27398461146830494,0.27398461146830494,0.0,0.0,0.0,0.0,0.0,0.0
wrn28x10x2_cifar100_K2_indep_seed0003_d001,d001,wrn28x10:2,cifar100,2,indep,indep,peers,3,200,64,0.1,0.9,0.0005,True,0,60,0.1,1.0,1,,disagreement,1.0,1,0.0,0.5,weight,complete,0.0,0.0,42,0,45000,5000,10000,73073768,92,0.010000000000000002,0,54.97,0.70885,0.00934999999999997,0.6995,0.7182,0.7422,0.03334999999999999,0.7081999999999999,0.7422,0.2864,0.5777197513935259,0.2887,0.5707391193039114,0.70885,wrn28x10,0.7182,0.7168,0.26966452711812133,0.26966452711812133,0.0,wrn28x10,0.6995,0.6996,0.27648749262814154,0.27648749262814154,0.0,0.0,0.0,0.0,0.0,0.0
wrn28x10x2_cifar100_K2_indep_seed0003_d001,d001,wrn28x10:2,cifar100,2,indep,indep,peers,3,200,64,0.1,0.9,0.0005,True,0,60,0.1,1.0,1,,disagreement,1.0,1,0.0,0.5,weight,complete,0.0,0.0,42,0,45000,5000,10000,73073768,93,0.010000000000000002,0,54.97,0.69875,0.0018500000000000183,0.6969,0.7006,0.7334,0.03465000000000007,0.7009000000000001,0.7318,0.3054,0.550198436772112,0.3085,0.5551322585427579,0.69875,wrn28x10,0.7006,0.7024,0.2539758152878759,0.2539758152878759,0.0,wrn28x10,0.6969,0.6994,0.26596837454814126,0.26596837454814126,0.0,0.0,0.0,0.0,0.0,0.0
wrn28x10x2_cifar100_K2_indep_seed0003_d001,d001,wrn28x10:2,cifar100,2,indep,indep,peers,3,200,64,0.1,0.9,0.0005,True,0,60,0.1,1.0,1,,disagreement,1.0,1,0.0,0.5,weight,complete,0.0,0.0,42,0,45000,5000,10000,73073768,94,0.010000000000000002,0,54.86,0.69575,0.004049999999999998,0.6917,0.6998,0.732,0.036250000000000004,0.6927,0.7294,0.3084,0.5515139292349234,0.3034,0.5648141740449607,0.69575,wrn28x10,0.6917,0.6884,0.25641797549641604,0.25641797549641604,0.0,wrn28x10,0.6998,0.697,0.27091478200798685,0.27091478200798685,0.0,0.0,0.0,0.0,0.0,0.0
wrn28x10x2_cifar100_K2_indep_seed0003_d001,d001,wrn28x10:2,cifar100,2,indep,indep,peers,3,200,64,0.1,0.9,0.0005,True,0,60,0.1,1.0,1,,disagreement,1.0,1,0.0,0.5,weight,complete,0.0,0.0,42,0,45000,5000,10000,73073768,95,0.010000000000000002,0,54.86,0.69665,0.006149999999999989,0.6905,0.7028,0.737,0.04035,0.7045,0.7394,0.3116,0.5451494802856425,0.3212,0.5287681194765775,0.69665,wrn28x10,0.7028,0.7022,0.2574451024940407,0.2574451024940407,0.0,wrn28x10,0.6905,0.7068,0.26157766816587275,0.26157766816587275,0.0,0.0,0.0,0.0,0.0,0.0
wrn28x10x2_cifar100_K2_indep_seed0003_d001,d001,wrn28x10:2,cifar100,2,indep,indep,peers,3,200,64,0.1,0.9,0.0005,True,0,60,0.1,1.0,1,,disagreement,1.0,1,0.0,0.5,weight,complete,0.0,0.0,42,0,45000,5000,10000,73073768,96,0.010000000000000002,0,54.95,0.69,0.015400000000000025,0.6746,0.7054,0.7285,0.03850000000000009,0.696,0.7328,0.3152,0.5430865895895156,0.3252,0.5357979278556557,0.69,wrn28x10,0.6746,0.6756,0.2553317543140359,0.2553317543140359,0.0,wrn28x10,0.7054,0.7164,0.2654562048423527,0.2654562048423527,0.0,0.0,0.0,0.0,0.0,0.0
wrn28x10x2_cifar100_K2_indep_seed0003_d001,d001,wrn28x10:2,cifar100,2,indep,indep,peers,3,200,64,0.1,0.9,0.0005,True,0,60,0.1,1.0,1,,disagreement,1.0,1,0.0,0.5,weight,complete,0.0,0.0,42,0,45000,5000,10000,73073768,97,0.010000000000000002,0,54.94,0.69575,0.013950000000000018,0.6818,0.7097,0.7332,0.03744999999999998,0.6926,0.735,0.3194,0.5400101475002653,0.322,0.5317767415201965,0.69575,wrn28x10,0.7097,0.705,0.2628401850498366,0.2628401850498366,0.0,wrn28x10,0.6818,0.6802,0.24573089179201899,0.24573089179201899,0.0,0.0,0.0,0.0,0.0,0.0
wrn28x10x2_cifar100_K2_indep_seed0003_d001,d001,wrn28x10:2,cifar100,2,indep,indep,peers,3,200,64,0.1,0.9,0.0005,True,0,60,0.1,1.0,1,,disagreement,1.0,1,0.0,0.5,weight,complete,0.0,0.0,42,0,45000,5000,10000,73073768,98,0.010000000000000002,0,54.94,0.6792,0.023399999999999976,0.6558,0.7026,0.72,0.04079999999999995,0.679,0.721,0.3336,0.5326751173293998,0.3443,0.5057370186737904,0.6792,wrn28x10,0.7026,0.705,0.24995700337670065,0.24995700337670065,0.0,wrn28x10,0.6558,0.653,0.25057451268234715,0.25057451268234715,0.0,0.0,0.0,0.0,0.0,0.0
wrn28x10x2_cifar100_K2_indep_seed0003_d001,d001,wrn28x10:2,cifar100,2,indep,indep,peers,3,200,64,0.1,0.9,0.0005,True,0,60,0.1,1.0,1,,disagreement,1.0,1,0.0,0.5,weight,complete,0.0,0.0,42,0,45000,5000,10000,73073768,99,0.010000000000000002,0,55.04,0.7048,0.007199999999999984,0.6976,0.712,0.7374,0.03260000000000007,0.703,0.7384,0.2868,0.5797003419238915,0.2928,0.5707587061022643,0.7048,wrn28x10,0.712,0.708,0.24227738375140523,0.24227738375140523,0.0,wrn28x10,0.6976,0.698,0.25490922160150314,0.25490922160150314,0.0,0.0,0.0,0.0,0.0,0.0
wrn28x10x2_cifar100_K2_indep_seed0003_d001,d001,wrn28x10:2,cifar100,2,indep,indep,peers,3,200,64,0.1,0.9,0.0005,True,0,60,0.1,1.0,1,,disagreement,1.0,1,0.0,0.5,weight,complete,0.0,0.0,42,0,45000,5000,10000,73073768,100,0.010000000000000002,0,55.17,0.70095,0.010250000000000037,0.6907,0.7112,0.737,0.036050000000000026,0.6930000000000001,0.7276,0.3206,0.5234171660325011,0.3067,0.5369373337839863,0.70095,wrn28x10,0.6907,0.682,0.2527260617194274,0.2527260617194274,0.0,wrn28x10,0.7112,0.704,0.24563307927879083,0.24563307927879083,0.0,0.0,0.0,0.0,0.0,0.0
wrn28x10x2_cifar100_K2_indep_seed0003_d001,d001,wrn28x10:2,cifar100,2,indep,indep,peers,3,200,64,0.1,0.9,0.0005,True,0,60,0.1,1.0,1,,disagreement,1.0,1,0.0,0.5,weight,complete,0.0,0.0,42,0,45000,5000,10000,73073768,101,0.010000000000000002,0,55.08,0.6953499999999999,0.0043500000000000205,0.691,0.6997,0.7327,0.037350000000000105,0.7011000000000001,0.7348,0.3162,0.5395227931863883,0.3226,0.5453277094455787,0.6953499999999999,wrn28x10,0.6997,0.7024,0.23767769263676283,0.23767769263676283,0.0,wrn28x10,0.691,0.6998,0.2465904980834404,0.2465904980834404,0.0,0.0,0.0,0.0,0.0,0.0
wrn28x10x2_cifar100_K2_indep_seed0003_d001,d001,wrn28x10:2,cifar100,2,indep,indep,peers,3,200,64,0.1,0.9,0.0005,True,0,60,0.1,1.0,1,,disagreement,1.0,1,0.0,0.5,weight,complete,0.0,0.0,42,0,45000,5000,10000,73073768,102,0.010000000000000002,0,54.97,0.7033,0.010000000000000009,0.6933,0.7133,0.745,0.04169999999999996,0.7086,0.744,0.2956,0.5589157596089421,0.3049,0.5518122119894996,0.7033,wrn28x10,0.6933,0.6952,0.2328884423160079,0.2328884423160079,0.0,wrn28x10,0.7133,0.722,0.240371239408639,0.240371239408639,0.0,0.0,0.0,0.0,0.0,0.0
wrn28x10x2_cifar100_K2_indep_seed0003_d001,d001,wrn28x10:2,cifar100,2,indep,indep,peers,3,200,64,0.1,0.9,0.0005,True,0,60,0.1,1.0,1,,disagreement,1.0,1,0.0,0.5,weight,complete,0.0,0.0,42,0,45000,5000,10000,73073768,103,0.010000000000000002,0,54.92,0.69135,0.015149999999999997,0.6762,0.7065,0.7277,0.03634999999999999,0.6883999999999999,0.7236,0.3256,0.5215093700348925,0.3225,0.5475242100813366,0.69135,wrn28x10,0.6762,0.6738,0.24459105589300056,0.24459105589300056,0.0,wrn28x10,0.7065,0.703,0.24542383471800183,0.24542383471800183,0.0,0.0,0.0,0.0,0.0,0.0
wrn28x10x2_cifar100_K2_indep_seed0003_d001,d001,wrn28x10:2,cifar100,2,indep,indep,peers,3,200,64,0.1,0.9,0.0005,True,0,60,0.1,1.0,1,,disagreement,1.0,1,0.0,0.5,weight,complete,0.0,0.0,42,0,45000,5000,10000,73073768,104,0.010000000000000002,0,54.94,0.6925,0.00019999999999997797,0.6923,0.6927,0.7334,0.04090000000000005,0.696,0.7324,0.3174,0.5275225861795365,0.321,0.5379064612355793,0.6925,wrn28x10,0.6927,0.6844,0.2367050682236864,0.2367050682236864,0.0,wrn28x10,0.6923,0.7076,0.23260308931243012,0.23260308931243012,0.0,0.0,0.0,0.0,0.0,0.0
wrn28x10x2_cifar100_K2_indep_seed0003_d001,d001,wrn28x10:2,cifar100,2,indep,indep,peers,3,200,64,0.1,0.9,0.0005,True,0,60,0.1,1.0,1,,disagreement,1.0,1,0.0,0.5,weight,complete,0.0,0.0,42,0,45000,5000,10000,73073768,105,0.010000000000000002,0,54.94,0.69715,0.005049999999999999,0.6921,0.7022,0.7313,0.0341499999999999,0.6952,0.7344,0.3034,0.5545405146935185,0.3042,0.5618620303634714,0.69715,wrn28x10,0.6921,0.693,0.23195628069383514,0.23195628069383514,0.0,wrn28x10,0.7022,0.6974,0.24142009315123272,0.24142009315123272,0.0,0.0,0.0,0.0,0.0,0.0
wrn28x10x2_cifar100_K2_indep_seed0003_d001,d001,wrn28x10:2,cifar100,2,indep,indep,peers,3,200,64,0.1,0.9,0.0005,True,0,60,0.1,1.0,1,,disagreement,1.0,1,0.0,0.5,weight,complete,0.0,0.0,42,0,45000,5000,10000,73073768,106,0.010000000000000002,0,54.84,0.6819500000000001,0.005350000000000021,0.6766,0.6873,0.7233,0.04135,0.6818,0.7214,0.3346,0.5188697360053321,0.3337,0.530639578175064,0.6819500000000001,wrn28x10,0.6766,0.6784,0.23327623687642204,0.23327623687642204,0.0,wrn28x10,0.6873,0.6852,0.22396489184095777,0.22396489184095777,0.0,0.0,0.0,0.0,0.0,0.0
wrn28x10x2_cifar100_K2_indep_seed0003_d001,d001,wrn28x10:2,cifar100,2,indep,indep,peers,3,200,64,0.1,0.9,0.0005,True,0,60,0.1,1.0,1,,disagreement,1.0,1,0.0,0.5,weight,complete,0.0,0.0,42,0,45000,5000,10000,73073768,107,0.010000000000000002,0,54.98,0.7008,0.0028000000000000247,0.698,0.7036,0.7348,0.03400000000000003,0.6942999999999999,0.727,0.3026,0.5689002872886507,0.303,0.5627321098832255,0.7008,wrn28x10,0.7036,0.694,0.237965671017512,0.237965671017512,0.0,wrn28x10,0.698,0.6946,0.2271443261680278,0.2271443261680278,0.0,0.0,0.0,0.0,0.0,0.0
wrn28x10x2_cifar100_K2_indep_seed0003_d001,d001,wrn28x10:2,cifar100,2,indep,indep,peers,3,200,64,0.1,0.9,0.0005,True,0,60,0.1,1.0,1,,disagreement,1.0,1,0.0,0.5,weight,complete,0.0,0.0,42,0,45000,5000,10000,73073768,108,0.010000000000000002,0,54.96,0.70445,0.0013500000000000179,0.7031,0.7058,0.7379,0.03344999999999998,0.7002999999999999,0.733,0.2942,0.5794727804463098,0.2955,0.5641371256533394,0.70445,wrn28x10,0.7031,0.6956,0.2182622967944057,0.2182622967944057,0.0,wrn28x10,0.7058,0.705,0.24077134798492558,0.24077134798492558,0.0,0.0,0.0,0.0,0.0,0.0
wrn28x10x2_cifar100_K2_indep_seed0003_d001,d001,wrn28x10:2,cifar100,2,indep,indep,peers,3,200,64,0.1,0.9,0.0005,True,0,60,0.1,1.0,1,,disagreement,1.0,1,0.0,0.5,weight,complete,0.0,0.0,42,0,45000,5000,10000,73073768,109,0.010000000000000002,0,54.95,0.7060500000000001,0.008949999999999958,0.6971,0.715,0.7431,0.037049999999999916,0.7078,0.7404,0.2954,0.5519662739041603,0.2942,0.5711479072615654,0.7060500000000001,wrn28x10,0.6971,0.699,0.23976444773143157,0.23976444773143157,0.0,wrn28x10,0.715,0.7166,0.24515767642085187,0.24515767642085187,0.0,0.0,0.0,0.0,0.0,0.0
wrn28x10x2_cifar100_K2_indep_seed0003_d001,d001,wrn28x10:2,cifar100,2,indep,indep,peers,3,200,64,0.1,0.9,0.0005,True,0,60,0.1,1.0,1,,disagreement,1.0,1,0.0,0.5,weight,complete,0.0,0.0,42,0,45000,5000,10000,73073768,110,0.010000000000000002,0,54.98,0.6588,0.03789999999999999,0.6209,0.6967,0.6961,0.0373,0.6647000000000001,0.7012,0.3442,0.5368310397162472,0.3549,0.5287335204197114,0.6588,wrn28x10,0.6209,0.6278,0.2273066641328941,0.2273066641328941,0.0,wrn28x10,0.6967,0.7016,0.23326544340869243,0.23326544340869243,0.0,0.0,0.0,0.0,0.0,0.0
wrn28x10x2_cifar100_K2_indep_seed0003_d001,d001,wrn28x10:2,cifar100,2,indep,indep,peers,3,200,64,0.1,0.9,0.0005,True,0,60,0.1,1.0,1,,disagreement,1.0,1,0.0,0.5,weight,complete,0.0,0.0,42,0,45000,5000,10000,73073768,111,0.010000000000000002,0,54.99,0.69855,0.013850000000000029,0.6847,0.7124,0.7419,0.04335,0.6987,0.7386,0.3274,0.5124315779574159,0.3211,0.5259736762690507,0.69855,wrn28x10,0.6847,0.6864,0.24733040643728932,0.24733040643728932,0.0,wrn28x10,0.7124,0.711,0.22186304357918826,0.22186304357918826,0.0,0.0,0.0,0.0,0.0,0.0
wrn28x10x2_cifar100_K2_indep_seed0003_d001,d001,wrn28x10:2,cifar100,2,indep,indep,peers,3,200,64,0.1,0.9,0.0005,True,0,60,0.1,1.0,1,,disagreement,1.0,1,0.0,0.5,weight,complete,0.0,0.0,42,0,45000,5000,10000,73073768,112,0.010000000000000002,0,55.06,0.70185,0.0012499999999999734,0.7006,0.7031,0.7349,0.033050000000000024,0.6945,0.7336,0.3036,0.551294763660629,0.3029,0.5644236695088319,0.70185,wrn28x10,0.7006,0.687,0.2262539177582684,0.2262539177582684,0.0,wrn28x10,0.7031,0.702,0.22712864089672538,0.22712864089672538,0.0,0.0,0.0,0.0,0.0,0.0
wrn28x10x2_cifar100_K2_indep_seed0003_d001,d001,wrn28x10:2,cifar100,2,indep,indep,peers,3,200,64,0.1,0.9,0.0005,True,0,60,0.1,1.0,1,,disagreement,1.0,1,0.0,0.5,weight,complete,0.0,0.0,42,0,45000,5000,10000,73073768,113,0.010000000000000002,0,54.89,0.6998500000000001,0.00035000000000001696,0.6995,0.7002,0.7366,0.03674999999999995,0.6985,0.7352,0.3082,0.5370684860737501,0.3157,0.5394182773664623,0.6998500000000001,wrn28x10,0.7002,0.6964,0.21806003724817524,0.21806003724817524,0.0,wrn28x10,0.6995,0.7006,0.21641010913828557,0.21641010913828557,0.0,0.0,0.0,0.0,0.0,0.0
wrn28x10x2_cifar100_K2_indep_seed0003_d001,d001,wrn28x10:2,cifar100,2,indep,indep,peers,3,200,64,0.1,0.9,0.0005,True,0,60,0.1,1.0,1,,disagreement,1.0,1,0.0,0.5,weight,complete,0.0,0.0,42,0,45000,5000,10000,73073768,114,0.010000000000000002,0,54.98,0.70625,0.006949999999999956,0.6993,0.7132,0.7419,0.03564999999999996,0.7133,0.7516,0.2892,0.5450341999620687,0.2989,0.5538245705363435,0.70625,wrn28x10,0.7132,0.719,0.20812745887616818,0.20812745887616818,0.0,wrn28x10,0.6993,0.7076,0.21637729350054127,0.21637729350054127,0.0,0.0,0.0,0.0,0.0,0.0
wrn28x10x2_cifar100_K2_indep_seed0003_d001,d001,wrn28x10:2,cifar100,2,indep,indep,peers,3,200,64,0.1,0.9,0.0005,True,0,60,0.1,1.0,1,,disagreement,1.0,1,0.0,0.5,weight,complete,0.0,0.0,42,0,45000,5000,10000,73073768,115,0.010000000000000002,0,54.83,0.6841999999999999,0.010799999999999976,0.6734,0.695,0.7215,0.03730000000000011,0.681,0.715,0.3136,0.5505328579578675,0.3133,0.554782457728127,0.6841999999999999,wrn28x10,0.695,0.6906,0.21715660857841035,0.21715660857841035,0.0,wrn28x10,0.6734,0.6714,0.21474027488677,0.21474027488677,0.0,0.0,0.0,0.0,0.0,0.0
wrn28x10x2_cifar100_K2_indep_seed0003_d001,d001,wrn28x10:2,cifar100,2,indep,indep,peers,3,200,64,0.1,0.9,0.0005,True,0,60,0.1,1.0,1,,disagreement,1.0,1,0.0,0.5,weight,complete,0.0,0.0,42,0,45000,5000,10000,73073768,116,0.010000000000000002,0,54.87,0.7171000000000001,0.0013000000000000234,0.7158,0.7184,0.7532,0.03609999999999991,0.7121999999999999,0.7454,0.2958,0.5492272366096878,0.2964,0.5470101656301165,0.7171000000000001,wrn28x10,0.7158,0.7138,0.20846988059135832,0.20846988059135832,0.0,wrn28x10,0.7184,0.7106,0.2233497808285227,0.2233497808285227,0.0,0.0,0.0,0.0,0.0,0.0
