run_id,run_tag,cohort,dataset,K,arm,arm_label,target,seed,epochs,batch_size,base_lr,momentum,weight_decay,nesterov,graph_seed,lr_step,lr_gamma,kd_T,k_matchings,k_anneal,match_weight,kappa,rematch_every_epochs,recency_lambda,recency_gamma,peel_weighting,graph,label_noise_rate,actual_noise_rate,noise_seed,split_seed,n_train,n_valid,n_test,cohort_params,epoch,lr,k_current,epoch_seconds,avg_test_acc,std_test_acc,min_test_acc,max_test_acc,ensemble_test_acc,ens_minus_avg_test,avg_val_acc,ensemble_val_acc,disagreement_val,rho_val,disagreement_test,rho_test,avg_test_acc_resnet32,avg_test_acc_wrn28x10,model_00_arch,model_00_test_acc,model_00_val_acc,model_00_train_loss,model_00_ce_loss,model_00_kd_loss,model_01_arch,model_01_test_acc,model_01_val_acc,model_01_train_loss,model_01_ce_loss,model_01_kd_loss,comm_logit_floats_epoch,comm_matcher_ints_epoch,comm_bytes_epoch,comm_bytes_cum,comm_bytes_cum_cohort
wrn28x10x1-resnet32x1_cifar100_K2_indep_seed0004_d001,d001,"wrn28x10:1,resnet32:1",cifar100,2,indep,indep,peers,4,200,64,0.1,0.9,0.0005,True,0,60,0.1,1.0,1,,disagreement,1.0,1,0.0,0.5,weight,complete,0.0,0.0,42,0,45000,5000,10000,37006888,0,0.1,0,36.76,0.11285,0.028750000000000005,0.0841,0.1416,0.1395,0.026650000000000007,0.10650000000000001,0.1332,0.9008,0.16664779567922794,0.8992,0.15596680398609308,0.0841,0.1416,wrn28x10,0.1416,0.1388,3.620501710948619,3.620501710948619,0.0,resnet32,0.0841,0.0742,4.246381965889172,4.246381965889172,0.0,0.0,0.0,0.0,0.0,0.0
wrn28x10x1-resnet32x1_cifar100_K2_indep_seed0004_d001,d001,"wrn28x10:1,resnet32:1",cifar100,2,indep,indep,peers,4,200,64,0.1,0.9,0.0005,True,0,60,0.1,1.0,1,,disagreement,1.0,1,0.0,0.5,weight,complete,0.0,0.0,42,0,45000,5000,10000,37006888,1,0.1,0,33.64,0.1755,0.004799999999999999,0.1707,0.1803,0.1994,0.023900000000000005,0.1837,0.204,0.8414,0.30727906816868517,0.852,0.269786610983953,0.1803,0.1707,wrn28x10,0.1707,0.18,2.853600089861588,2.853600089861588,0.0,resnet32,0.1803,0.1874,3.572476592253555,3.572476592253555,0.0,0.0,0.0,0.0,0.0,0.0
wrn28x10x1-resnet32x1_cifar100_K2_indep_seed0004_d001,d001,"wrn28x10:1,resnet32:1",cifar100,2,indep,indep,peers,4,200,64,0.1,0.9,0.0005,True,0,60,0.1,1.0,1,,disagreement,1.0,1,0.0,0.5,weight,complete,0.0,0.0,42,0,45000,5000,10000,37006888,2,0.1,0,33.69,0.2046,0.0199,0.1847,0.2245,0.2456,0.04100000000000001,0.2054,0.2478,0.7962,0.31397645520194667,0.8008,0.30592826913647275,0.1847,0.2245,wrn28x10,0.2245,0.225,2.4685350451618433,2.4685350451618433,0.0,resnet32,0.1847,0.1858,3.117616170509295,3.117616170509295,0.0,0.0,0.0,0.0,0.0,0.0
wrn28x10x1-resnet32x1_cifar100_K2_indep_seed0004_d001,d001,"wrn28x10:1,resnet32:1",cifar100,2,indep,indep,peers,4,200,64,0.1,0.9,0.0005,True,0,60,0.1,1.0,1,,disagreement,1.0,1,0.0,0.5,weight,complete,0.0,0.0,42,0,45000,5000,10000,37006888,3,0.1,0,33.67,0.2427,0.026999999999999996,0.2157,0.2697,0.2677,0.024999999999999994,0.245,0.2718,0.785,0.3141925391733365,0.7825,0.32281040186188686,0.2697,0.2157,wrn28x10,0.2157,0.2262,2.25442936017432,2.25442936017432,0.0,resnet32,0.2697,0.2638,2.8108689937401903,2.8108689937401903,0.0,0.0,0.0,0.0,0.0,0.0
wrn28x10x1-resnet32x1_cifar100_K2_indep_seed0004_d001,d001,"wrn28x10:1,resnet32:1",cifar100,2,indep,indep,peers,4,200,64,0.1,0.9,0.0005,True,0,60,0.1,1.0,1,,disagreement,1.0,1,0.0,0.5,weight,complete,0.0,0.0,42,0,45000,5000,10000,37006888,4,0.1,0,33.65,0.24595,0.02935,0.2166,0.2753,0.2788,0.03284999999999999,0.247,0.2764,0.7964,0.3151245298195219,0.8041,0.2971296467715072,0.2753,0.2166,wrn28x10,0.2166,0.2188,2.1128289054401894,2.1128289054401894,0.0,resnet32,0.2753,0.2752,2.595855172384869,2.595855172384869,0.0,0.0,0.0,0.0,0.0,0.0
wrn28x10x1-resnet32x1_cifar100_K2_indep_seed0004_d001,d001,"wrn28x10:1,resnet32:1",cifar100,2,indep,indep,peers,4,200,64,0.1,0.9,0.0005,True,0,60,0.1,1.0,1,,disagreement,1.0,1,0.0,0.5,weight,complete,0.0,0.0,42,0,45000,5000,10000,37006888,5,0.1,0,33.76,0.26775000000000004,0.018350000000000005,0.2494,0.2861,0.2969,0.029149999999999954,0.2719,0.297,0.7332,0.41961733586793815,0.7306,0.41090147800971116,0.2861,0.2494,wrn28x10,0.2494,0.2498,1.9964293515817686,1.9964293515817686,0.0,resnet32,0.2861,0.294,2.4396341150118546,2.4396341150118546,0.0,0.0,0.0,0.0,0.0,0.0
wrn28x10x1-resnet32x1_cifar100_K2_indep_seed0004_d001,d001,"wrn28x10:1,resnet32:1",cifar100,2,indep,indep,peers,4,200,64,0.1,0.9,0.0005,True,0,60,0.1,1.0,1,,disagreement,1.0,1,0.0,0.5,weight,complete,0.0,0.0,42,0,45000,5000,10000,37006888,6,0.1,0,33.81,0.32465,0.020449999999999996,0.3042,0.3451,0.3651,0.040449999999999986,0.3335,0.3686,0.635,0.44774606160456804,0.6527,0.4367321452245225,0.3451,0.3042,wrn28x10,0.3042,0.3186,1.9176440140740438,1.9176440140740438,0.0,resnet32,0.3451,0.3484,2.326002237471667,2.326002237471667,0.0,0.0,0.0,0.0,0.0,0.0
wrn28x10x1-resnet32x1_cifar100_K2_indep_seed0004_d001,d001,"wrn28x10:1,resnet32:1",cifar100,2,indep,indep,peers,4,200,64,0.1,0.9,0.0005,True,0,60,0.1,1.0,1,,disagreement,1.0,1,0.0,0.5,weight,complete,0.0,0.0,42,0,45000,5000,10000,37006888,7,0.1,0,33.71,0.3691,0.011300000000000004,0.3578,0.3804,0.4162,0.04710000000000003,0.3713,0.417,0.6274,0.44198919903451855,0.6263,0.4511579050682658,0.3578,0.3804,wrn28x10,0.3804,0.3884,1.8466200208799406,1.8466200208799406,0.0,resnet32,0.3578,0.3542,2.228694527663968,2.228694527663968,0.0,0.0,0.0,0.0,0.0,0.0
wrn28x10x1-resnet32x1_cifar100_K2_indep_seed0004_d001,d001,"wrn28x10:1,resnet32:1",cifar100,2,indep,indep,peers,4,200,64,0.1,0.9,0.0005,True,0,60,0.1,1.0,1,,disagreement,1.0,1,0.0,0.5,weight,complete,0.0,0.0,42,0,45000,5000,10000,37006888,8,0.1,0,33.59,0.3831,0.02360000000000001,0.3595,0.4067,0.4185,0.03539999999999999,0.3816,0.4224,0.5636,0.5097445301602903,0.5827,0.48826928954279686,0.3595,0.4067,wrn28x10,0.4067,0.3996,1.8069394857368686,1.8069394857368686,0.0,resnet32,0.3595,0.3636,2.1600153102454813,2.1600153102454813,0.0,0.0,0.0,0.0,0.0,0.0
wrn28x10x1-resnet32x1_cifar100_K2_indep_seed0004_d001,d001,"wrn28x10:1,resnet32:1",cifar100,2,indep,indep,peers,4,200,64,0.1,0.9,0.0005,True,0,60,0.1,1.0,1,,disagreement,1.0,1,0.0,0.5,weight,complete,0.0,0.0,42,0,45000,5000,10000,37006888,9,0.1,0,33.89,0.39,0.016399999999999998,0.3736,0.4064,0.4347,0.04469999999999996,0.3866,0.4318,0.6042,0.42413766572487427,0.6151,0.43588960398661625,0.4064,0.3736,wrn28x10,0.3736,0.3814,1.7556850668042898,1.7556850668042898,0.0,resnet32,0.4064,0.3918,2.0998045146803963,2.0998045146803963,0.0,0.0,0.0,0.0,0.0,0.0
wrn28x10x1-resnet32x1_cifar100_K2_indep_seed0004_d001,d001,"wrn28x10:1,resnet32:1",cifar100,2,indep,indep,peers,4,200,64,0.1,0.9,0.0005,True,0,60,0.1,1.0,1,,disagreement,1.0,1,0.0,0.5,weight,complete,0.0,0.0,42,0,45000,5000,10000,37006888,10,0.1,0,34.64,0.3572,0.0020999999999999908,0.3551,0.3593,0.3932,0.035999999999999976,0.356,0.3892,0.5986,0.501018876271735,0.6196,0.46999640974499296,0.3593,0.3551,wrn28x10,0.3551,0.357,1.7276940052820877,1.7276940052820877,0.0,resnet32,0.3593,0.355,2.073264576664025,2.073264576664025,0.0,0.0,0.0,0.0,0.0,0.0
wrn28x10x1-resnet32x1_cifar100_K2_indep_seed0004_d001,d001,"wrn28x10:1,resnet32:1",cifar100,2,indep,indep,peers,4,200,64,0.1,0.9,0.0005,True,0,60,0.1,1.0,1,,disagreement,1.0,1,0.0,0.5,weight,complete,0.0,0.0,42,0,45000,5000,10000,37006888,11,0.1,0,34.6,0.36029999999999995,0.0022999999999999965,0.358,0.3626,0.4047,0.04440000000000005,0.3621,0.4056,0.6354,0.43422992699481894,0.6314,0.4507559261771829,0.3626,0.358,wrn28x10,0.358,0.3588,1.6953376325016671,1.6953376325016671,0.0,resnet32,0.3626,0.3654,2.0290195516903293,2.0290195516903293,0.0,0.0,0.0,0.0,0.0,0.0
wrn28x10x1-resnet32x1_cifar100_K2_indep_seed0004_d001,d001,"wrn28x10:1,resnet32:1",cifar100,2,indep,indep,peers,4,200,64,0.1,0.9,0.0005,True,0,60,0.1,1.0,1,,disagreement,1.0,1,0.0,0.5,weight,complete,0.0,0.0,42,0,45000,5000,10000,37006888,12,0.1,0,34.23,0.37875000000000003,0.004650000000000015,0.3741,0.3834,0.4201,0.04134999999999994,0.3772,0.412,0.5868,0.459639297297843,0.595,0.44658572404842317,0.3741,0.3834,wrn28x10,0.3834,0.3834,1.6619627052410082,1.6619627052410082,0.0,resnet32,0.3741,0.371,2.006000041623007,2.006000041623007,0.0,0.0,0.0,0.0,0.0,0.0
wrn28x10x1-resnet32x1_cifar100_K2_indep_seed0004_d001,d001,"wrn28x10:1,resnet32:1",cifar100,2,indep,indep,peers,4,200,64,0.1,0.9,0.0005,True,0,60,0.1,1.0,1,,disagreement,1.0,1,0.0,0.5,weight,complete,0.0,0.0,42,0,45000,5000,10000,37006888,13,0.1,0,34.48,0.32430000000000003,0.05600000000000002,0.2683,0.3803,0.3654,0.04109999999999997,0.31820000000000004,0.3602,0.6838,0.39615195651915247,0.6966,0.3731626726275075,0.3803,0.2683,wrn28x10,0.2683,0.2644,1.6457311135124078,1.6457311135124078,0.0,resnet32,0.3803,0.372,1.9854229466820306,1.9854229466820306,0.0,0.0,0.0,0.0,0.0,0.0
wrn28x10x1-resnet32x1_cifar100_K2_indep_seed0004_d001,d001,"wrn28x10:1,resnet32:1",cifar100,2,indep,indep,peers,4,200,64,0.1,0.9,0.0005,True,0,60,0.1,1.0,1,,disagreement,1.0,1,0.0,0.5,weight,complete,0.0,0.0,42,0,45000,5000,10000,37006888,14,0.1,0,34.59,0.38885000000000003,0.03814999999999999,0.3507,0.427,0.423,0.03414999999999996,0.3831,0.4262,0.6148,0.4588458346682059,0.6192,0.47768208596448336,0.427,0.3507,wrn28x10,0.3507,0.3526,1.628304025158286,1.628304025158286,0.0,resnet32,0.427,0.4136,1.9686051371761344,1.9686051371761344,0.0,0.0,0.0,0.0,0.0,0.0
wrn28x10x1-resnet32x1_cifar100_K2_indep_seed0004_d001,d001,"wrn28x10:1,resnet32:1",cifar100,2,indep,indep,peers,4,200,64,0.1,0.9,0.0005,True,0,60,0.1,1.0,1,,disagreement,1.0,1,0.0,0.5,weight,complete,0.0,0.0,42,0,45000,5000,10000,37006888,15,0.1,0,34.82,0.39815,0.0044500000000000095,0.3937,0.4026,0.437,0.038849999999999996,0.39490000000000003,0.4348,0.5686,0.48402417919675556,0.5601,0.5079040476872656,0.4026,0.3937,wrn28x10,0.3937,0.393,1.6082353817129678,1.6082353817129678,0.0,resnet32,0.4026,0.3968,1.9494746616956862,1.9494746616956862,0.0,0.0,0.0,0.0,0.0,0.0
wrn28x10x1-resnet32x1_cifar100_K2_indep_seed0004_d001,d001,"wrn28x10:1,resnet32:1",cifar100,2,indep,indep,peers,4,200,64,0.1,0.9,0.0005,True,0,60,0.1,1.0,1,,disagreement,1.0,1,0.0,0.5,weight,complete,0.0,0.0,42,0,45000,5000,10000,37006888,16,0.1,0,34.7,0.40895,0.027249999999999996,0.3817,0.4362,0.4483,0.039349999999999996,0.40800000000000003,0.4342,0.5948,0.46772646929081874,0.6051,0.4603361805488482,0.4362,0.3817,wrn28x10,0.3817,0.3874,1.5932932214980775,1.5932932214980775,0.0,resnet32,0.4362,0.4286,1.9331136588007212,1.9331136588007212,0.0,0.0,0.0,0.0,0.0,0.0
wrn28x10x1-resnet32x1_cifar100_K2_indep_seed0004_d001,d001,"wrn28x10:1,resnet32:1",cifar100,2,indep,indep,peers,4,200,64,0.1,0.9,0.0005,True,0,60,0.1,1.0,1,,disagreement,1.0,1,0.0,0.5,weight,complete,0.0,0.0,42,0,45000,5000,10000,37006888,17,0.1,0,34.43,0.4179,0.0015999999999999903,0.4163,0.4195,0.4566,0.03870000000000001,0.41700000000000004,0.4534,0.5544,0.50633966011482,0.5555,0.5034272654784012,0.4163,0.4195,wrn28x10,0.4195,0.428,1.588026466186751,1.588026466186751,0.0,resnet32,0.4163,0.406,1.9325037265027112,1.9325037265027112,0.0,0.0,0.0,0.0,0.0,0.0
wrn28x10x1-resnet32x1_cifar100_K2_indep_seed0004_d001,d001,"wrn28x10:1,resnet32:1",cifar100,2,indep,indep,peers,4,200,64,0.1,0.9,0.0005,True,0,60,0.1,1.0,1,,disagreement,1.0,1,0.0,0.5,weight,complete,0.0,0.0,42,0,45000,5000,10000,37006888,18,0.1,0,34.42,0.38925,0.011449999999999986,0.3778,0.4007,0.4344,0.04515000000000002,0.3899,0.4332,0.6396,0.4291241200369699,0.6364,0.43232302230337327,0.4007,0.3778,wrn28x10,0.3778,0.3756,1.574337191964415,1.574337191964415,0.0,resnet32,0.4007,0.4042,1.9164434842426668,1.9164434842426668,0.0,0.0,0.0,0.0,0.0,0.0
wrn28x10x1-resnet32x1_cifar100_K2_indep_seed0004_d001,d001,"wrn28x10:1,resnet32:1",cifar100,2,indep,indep,peers,4,200,64,0.1,0.9,0.0005,True,0,60,0.1,1.0,1,,disagreement,1.0,1,0.0,0.5,weight,complete,0.0,0.0,42,0,45000,5000,10000,37006888,19,0.1,0,34.59,0.4239,0.0050000000000000044,0.4189,0.4289,0.4684,0.044499999999999984,0.4149,0.4542,0.5864,0.4890089845649002,0.5818,0.47396410729103927,0.4289,0.4189,wrn28x10,0.4189,0.409,1.5708197086033495,1.5708197086033495,0.0,resnet32,0.4289,0.4208,1.91628050905737,1.91628050905737,0.0,0.0,0.0,0.0,0.0,0.0
wrn28x10x1-resnet32x1_cifar100_K2_indep_seed0004_d001,d001,"wrn28x10:1,resnet32:1",cifar100,2,indep,indep,peers,4,200,64,0.1,0.9,0.0005,True,0,60,0.1,1.0,1,,disagreement,1.0,1,0.0,0.5,weight,complete,0.0,0.0,42,0,45000,5000,10000,37006888,20,0.1,0,34.61,0.33975,0.028849999999999987,0.3109,0.3686,0.3794,0.03965000000000002,0.3496,0.379,0.6596,0.4417728810939984,0.6592,0.4245582167201983,0.3686,0.3109,wrn28x10,0.3109,0.3186,1.5532654379917816,1.5532654379917816,0.0,resnet32,0.3686,0.3806,1.890183517540043,1.890183517540043,0.0,0.0,0.0,0.0,0.0,0.0
wrn28x10x1-resnet32x1_cifar100_K2_indep_seed0004_d001,d001,"wrn28x10:1,resnet32:1",cifar100,2,indep,indep,peers,4,200,64,0.1,0.9,0.0005,True,0,60,0.1,1.0,1,,disagreement,1.0,1,0.0,0.5,weight,complete,0.0,0.0,42,0,45000,5000,10000,37006888,21,0.1,0,34.72,0.41290000000000004,0.026400000000000007,0.3865,0.4393,0.4444,0.03149999999999997,0.4129,0.452,0.5748,0.4444139192220655,0.5774,0.45354924110436,0.4393,0.3865,wrn28x10,0.3865,0.3866,1.5471526816148649,1.5471526816148649,0.0,resnet32,0.4393,0.4392,1.895764476873658,1.895764476873658,0.0,0.0,0.0,0.0,0.0,0.0
wrn28x10x1-resnet32x1_cifar100_K2_indep_seed0004_d001,d001,"wrn28x10:1,resnet32:1",cifar100,2,indep,indep,peers,4,200,64,0.1,0.9,0.0005,True,0,60,0.1,1.0,1,,disagreement,1.0,1,0.0,0.5,weight,complete,0.0,0.0,42,0,45000,5000,10000,37006888,22,0.1,0,34.84,0.3759,0.010699999999999987,0.3652,0.3866,0.4179,0.04199999999999998,0.3906,0.4286,0.6086,0.47246268091086646,0.62,0.4743201311419653,0.3652,0.3866,wrn28x10,0.3866,0.395,1.5420986806804484,1.5420986806804484,0.0,resnet32,0.3652,0.3862,1.8909332113848492,1.8909332113848492,0.0,0.0,0.0,0.0,0.0,0.0
wrn28x10x1-resnet32x1_cifar100_K2_indep_seed0004_d001,d001,"wrn28x10:1,resnet32:1",cifar100,2,indep,indep,peers,4,200,64,0.1,0.9,0.0005,True,0,60,0.1,1.0,1,,disagreement,1.0,1,0.0,0.5,weight,complete,0.0,0.0,42,0,45000,5000,10000,37006888,23,0.1,0,34.99,0.35745,0.036250000000000004,0.3212,0.3937,0.3984,0.040949999999999986,0.3601,0.4054,0.6462,0.45388806670974613,0.6488,0.44598654110522123,0.3212,0.3937,wrn28x10,0.3937,0.4048,1.5371771677481858,1.5371771677481858,0.0,resnet32,0.3212,0.3154,1.8800328014926477,1.8800328014926477,0.0,0.0,0.0,0.0,0.0,0.0
wrn28x10x1-resnet32x1_cifar100_K2_indep_seed0004_d001,d001,"wrn28x10:1,resnet32:1",cifar100,2,indep,indep,peers,4,200,64,0.1,0.9,0.0005,True,0,60,0.1,1.0,1,,disagreement,1.0,1,0.0,0.5,weight,complete,0.0,0.0,42,0,45000,5000,10000,37006888,24,0.1,0,34.77,0.40805,0.06955,0.3385,0.4776,0.4636,0.05554999999999999,0.4074,0.461,0.6044,0.4486892139901454,0.599,0.44183208960007886,0.3385,0.4776,wrn28x10,0.4776,0.4776,1.528767347420481,1.528767347420481,0.0,resnet32,0.3385,0.3372,1.877211295576258,1.877211295576258,0.0,0.0,0.0,0.0,0.0,0.0
wrn28x10x1-resnet32x1_cifar100_K2_indep_seed0004_d001,d001,"wrn28x10:1,resnet32:1",cifar100,2,indep,indep,peers,4,200,64,0.1,0.9,0.0005,True,0,60,0.1,1.0,1,,disagreement,1.0,1,0.0,0.5,weight,complete,0.0,0.0,42,0,45000,5000,10000,37006888,25,0.1,0,34.59,0.44065,0.02024999999999999,0.4204,0.4609,0.4933,0.05265000000000003,0.4356,0.4822,0.5368,0.49318712849518226,0.542,0.49109857358894216,0.4204,0.4609,wrn28x10,0.4609,0.4586,1.517783543010327,1.517783543010327,0.0,resnet32,0.4204,0.4126,1.8634207980199293,1.8634207980199293,0.0,0.0,0.0,0.0,0.0,0.0
wrn28x10x1-resnet32x1_cifar100_K2_indep_seed0004_d001,d001,"wrn28x10:1,resnet32:1",cifar100,2,indep,indep,peers,4,200,64,0.1,0.9,0.0005,True,0,60,0.1,1.0,1,,disagreement,1.0,1,0.0,0.5,weight,complete,0.0,0.0,42,0,45000,5000,10000,37006888,26,0.1,0,34.65,0.46755,0.03075,0.4368,0.4983,0.5205,0.05294999999999994,0.45840000000000003,0.5096,0.5286,0.4955842148694913,0.5133,0.5074431712301865,0.4368,0.4983,wrn28x10,0.4983,0.4946,1.508615150370381,1.508615150370381,0.0,resnet32,0.4368,0.4222,1.8495889792049474,1.8495889792049474,0.0,0.0,0.0,0.0,0.0,0.0
wrn28x10x1-resnet32x1_cifar100_K2_indep_seed0004_d001,d001,"wrn28x10:1,resnet32:1",cifar100,2,indep,indep,peers,4,200,64,0.1,0.9,0.0005,True,0,60,0.1,1.0,1,,disagreement,1.0,1,0.0,0.5,weight,complete,0.0,0.0,42,0,45000,5000,10000,37006888,27,0.1,0,34.47,0.39949999999999997,0.025599999999999984,0.3739,0.4251,0.425,0.025500000000000023,0.3993,0.4266,0.5844,0.48129656369535023,0.5931,0.4793493293033174,0.4251,0.3739,wrn28x10,0.3739,0.3752,1.500479301099073,1.500479301099073,0.0,resnet32,0.4251,0.4234,1.8515348857776686,1.8515348857776686,0.0,0.0,0.0,0.0,0.0,0.0
wrn28x10x1-resnet32x1_cifar100_K2_indep_seed0004_d001,d001,"wrn28x10:1,resnet32:1",cifar100,2,indep,indep,peers,4,200,64,0.1,0.9,0.0005,True,0,60,0.1,1.0,1,,disagreement,1.0,1,0.0,0.5,weight,complete,0.0,0.0,42,0,45000,5000,10000,37006888,28,0.1,0,34.8,0.41569999999999996,0.028099999999999986,0.3876,0.4438,0.4684,0.052700000000000025,0.4285,0.4802,0.5684,0.46617634811333214,0.5749,0.4651089146397871,0.3876,0.4438,wrn28x10,0.4438,0.4566,1.5009933654218912,1.5009933654218912,0.0,resnet32,0.3876,0.4004,1.8522237234494903,1.8522237234494903,0.0,0.0,0.0,0.0,0.0,0.0
wrn28x10x1-resnet32x1_cifar100_K2_indep_seed0004_d001,d001,"wrn28x10:1,resnet32:1",cifar100,2,indep,indep,peers,4,200,64,0.1,0.9,0.0005,True,0,60,0.1,1.0,1,,disagreement,1.0,1,0.0,0.5,weight,complete,0.0,0.0,42,0,45000,5000,10000,37006888,29,0.1,0,34.38,0.44165,0.011649999999999994,0.43,0.4533,0.4822,0.04055000000000003,0.4367,0.4804,0.5298,0.5351208059389149,0.5377,0.5188800481081921,0.43,0.4533,wrn28x10,0.4533,0.4554,1.5023451820015907,1.5023451820015907,0.0,resnet32,0.43,0.418,1.8464356906373391,1.8464356906373391,0.0,0.0,0.0,0.0,0.0,0.0
wrn28x10x1-resnet32x1_cifar100_K2_indep_seed0004_d001,d001,"wrn28x10:1,resnet32:1",cifar100,2,indep,indep,peers,4,200,64,0.1,0.9,0.0005,True,0,60,0.1,1.0,1,,disagreement,1.0,1,0.0,0.5,weight,complete,0.0,0.0,42,0,45000,5000,10000,37006888,30,0.1,0,34.67,0.44179999999999997,0.0345,0.4073,0.4763,0.4955,0.053700000000000025,0.4387,0.4948,0.5612,0.45338592431844843,0.5717,0.44461128942206857,0.4073,0.4763,wrn28x10,0.4763,0.4816,1.5003532640297303,1.5003532640297303,0.0,resnet32,0.4073,0.3958,1.8492737309160558,1.8492737309160558,0.0,0.0,0.0,0.0,0.0,0.0
wrn28x10x1-resnet32x1_cifar100_K2_indep_seed0004_d001,d001,"wrn28x10:1,resnet32:1",cifar100,2,indep,indep,peers,4,200,64,0.1,0.9,0.0005,True,0,60,0.1,1.0,1,,disagreement,1.0,1,0.0,0.5,weight,complete,0.0,0.0,42,0,45000,5000,10000,37006888,31,0.1,0,33.77,0.4279,0.03860000000000002,0.3893,0.4665,0.4814,0.05349999999999999,0.4251,0.4776,0.5638,0.4887824498936415,0.5701,0.4743782944034346,0.3893,0.4665,wrn28x10,0.4665,0.475,1.494949939914725,1.494949939914725,0.0,resnet32,0.3893,0.3752,1.8488716789605943,1.8488716789605943,0.0,0.0,0.0,0.0,0.0,0.0
wrn28x10x1-resnet32x1_cifar100_K2_indep_seed0004_d001,d001,"wrn28x10:1,resnet32:1",cifar100,2,indep,indep,peers,4,200,64,0.1,0.9,0.0005,True,0,60,0.1,1.0,1,,disagreement,1.0,1,0.0,0.5,weight,complete,0.0,0.0,42,0,45000,5000,10000,37006888,32,0.1,0,33.81,0.43465,0.008050000000000002,0.4266,0.4427,0.4816,0.04694999999999999,0.43720000000000003,0.497,0.582,0.435463285840626,0.5804,0.4601608382857665,0.4266,0.4427,wrn28x10,0.4427,0.4514,1.4854499022899703,1.4854499022899703,0.0,resnet32,0.4266,0.423,1.8397636217149822,1.8397636217149822,0.0,0.0,0.0,0.0,0.0,0.0
wrn28x10x1-resnet32x1_cifar100_K2_indep_seed0004_d001,d001,"wrn28x10:1,resnet32:1",cifar100,2,indep,indep,peers,4,200,64,0.1,0.9,0.0005,True,0,60,0.1,1.0,1,,disagreement,1.0,1,0.0,0.5,weight,complete,0.0,0.0,42,0,45000,5000,10000,37006888,33,0.1,0,33.76,0.4438,0.012399999999999994,0.4314,0.4562,0.4791,0.035300000000000054,0.43879999999999997,0.4756,0.5484,0.48948104564361666,0.546,0.4981895397198742,0.4562,0.4314,wrn28x10,0.4314,0.4314,1.483131307600574,1.483131307600574,0.0,resnet32,0.4562,0.4462,1.8264891632239928,1.8264891632239928,0.0,0.0,0.0,0.0,0.0,0.0
wrn28x10x1-resnet32x1_cifar100_K2_indep_seed0004_d001,d001,"wrn28x10:1,resnet32:1",cifar100,2,indep,indep,peers,4,200,64,0.1,0.9,0.0005,True,0,60,0.1,1.0,1,,disagreement,1.0,1,0.0,0.5,weight,complete,0.0,0.0,42,0,45000,5000,10000,37006888,34,0.1,0,33.68,0.417,0.0020999999999999908,0.4149,0.4191,0.4736,0.05660000000000004,0.40869999999999995,0.4628,0.6222,0.4268328418866042,0.6182,0.416342124081261,0.4191,0.4149,wrn28x10,0.4149,0.42,1.4809544166888704,1.4809544166888704,0.0,resnet32,0.4191,0.3974,1.8207639628513292,1.8207639628513292,0.0,0.0,0.0,0.0,0.0,0.0
wrn28x10x1-resnet32x1_cifar100_K2_indep_seed0004_d001,d001,"wrn28x10:1,resnet32:1",cifar100,2,indep,indep,peers,4,200,64,0.1,0.9,0.0005,True,0,60,0.1,1.0,1,,disagreement,1.0,1,0.0,0.5,weight,complete,0.0,0.0,42,0,45000,5000,10000,37006888,35,0.1,0,33.61,0.3575,0.0040000000000000036,0.3535,0.3615,0.4014,0.043899999999999995,0.3591,0.4072,0.6432,0.41663459449595863,0.6407,0.42194310838082044,0.3535,0.3615,wrn28x10,0.3615,0.3718,1.4877918678420512,1.4877918678420512,0.0,resnet32,0.3535,0.3464,1.8317840400744567,1.8317840400744567,0.0,0.0,0.0,0.0,0.0,0.0
wrn28x10x1-resnet32x1_cifar100_K2_indep_seed0004_d001,d001,"wrn28x10:1,resnet32:1",cifar100,2,indep,indep,peers,4,200,64,0.1,0.9,0.0005,True,0,60,0.1,1.0,1,,disagreement,1.0,1,0.0,0.5,weight,complete,0.0,0.0,42,0,45000,5000,10000,37006888,36,0.1,0,33.81,0.43595,0.05995,0.376,0.4959,0.4955,0.05954999999999999,0.4361,0.493,0.5906,0.4490221310708001,0.6004,0.4419885022560923,0.376,0.4959,wrn28x10,0.4959,0.5012,1.4791235292161053,1.4791235292161053,0.0,resnet32,0.376,0.371,1.82433499971574,1.82433499971574,0.0,0.0,0.0,0.0,0.0,0.0
wrn28x10x1-resnet32x1_cifar100_K2_indep_seed0004_d001,d001,"wrn28x10:1,resnet32:1",cifar100,2,indep,indep,peers,4,200,64,0.1,0.9,0.0005,True,0,60,0.1,1.0,1,,disagreement,1.0,1,0.0,0.5,weight,complete,0.0,0.0,42,0,45000,5000,10000,37006888,37,0.1,0,33.7,0.44305,0.009550000000000003,0.4335,0.4526,0.4929,0.049850000000000005,0.4395,0.4896,0.5438,0.45418633198482444,0.5352,0.48283631249161096,0.4335,0.4526,wrn28x10,0.4526,0.445,1.4767728296362541,1.4767728296362541,0.0,resnet32,0.4335,0.434,1.8218739110637794,1.8218739110637794,0.0,0.0,0.0,0.0,0.0,0.0
wrn28x10x1-resnet32x1_cifar100_K2_indep_seed0004_d001,d001,"wrn28x10:1,resnet32:1",cifar100,2,indep,indep,peers,4,200,64,0.1,0.9,0.0005,True,0,60,0.1,1.0,1,,disagreement,1.0,1,0.0,0.5,weight,complete,0.0,0.0,42,0,45000,5000,10000,37006888,38,0.1,0,33.74,0.38065,0.053549999999999986,0.3271,0.4342,0.4396,0.05895,0.3834,0.4438,0.6612,0.404550733393959,0.6675,0.4148725272087444,0.3271,0.4342,wrn28x10,0.4342,0.4374,1.4799708727408538,1.4799708727408538,0.0,resnet32,0.3271,0.3294,1.820917652750557,1.820917652750557,0.0,0.0,0.0,0.0,0.0,0.0
wrn28x10x1-resnet32x1_cifar100_K2_indep_seed0004_d001,d001,"wrn28x10:1,resnet32:1",cifar100,2,indep,indep,peers,4,200,64,0.1,0.9,0.0005,True,0,60,0.1,1.0,1,,disagreement,1.0,1,0.0,0.5,weight,complete,0.0,0.0,42,0,45000,5000,10000,37006888,39,0.1,0,33.75,0.4269,0.022699999999999998,0.4042,0.4496,0.4741,0.04720000000000002,0.4199,0.4618,0.5598,0.47781405848795194,0.555,0.4943159126053491,0.4042,0.4496,wrn28x10,0.4496,0.447,1.4764324927871877,1.4764324927871877,0.0,resnet32,0.4042,0.3928,1.8199370947073807,1.8199370947073807,0.0,0.0,0.0,0.0,0.0,0.0
wrn28x10x1-resnet32x1_cifar100_K2_indep_seed0004_d001,d001,"wrn28x10:1,resnet32:1",cifar100,2,indep,indep,peers,4,200,64,0.1,0.9,0.0005,True,0,60,0.1,1.0,1,,disagreement,1.0,1,0.0,0.5,weight,complete,0.0,0.0,42,0,45000,5000,10000,37006888,40,0.1,0,33.77,0.42555,0.026150000000000007,0.3994,0.4517,0.4778,0.05225000000000002,0.4213,0.4728,0.5846,0.4446811552029706,0.5834,0.4672600165849483,0.3994,0.4517,wrn28x10,0.4517,0.4462,1.468354480849071,1.468354480849071,0.0,resnet32,0.3994,0.3964,1.8132229616696185,1.8132229616696185,0.0,0.0,0.0,0.0,0.0,0.0
wrn28x10x1-resnet32x1_cifar100_K2_indep_seed0004_d001,d001,"wrn28x10:1,resnet32:1",cifar100,2,indep,indep,peers,4,200,64,0.1,0.9,0.0005,True,0,60,0.1,1.0,1,,disagreement,1.0,1,0.0,0.5,weight,complete,0.0,0.0,42,0,45000,5000,10000,37006888,41,0.1,0,33.72,0.31784999999999997,0.04905000000000001,0.2688,0.3669,0.3554,0.03755000000000003,0.3164,0.359,0.6302,0.42860356861148535,0.619,0.4505895091164135,0.2688,0.3669,wrn28x10,0.3669,0.373,1.4736246659674428,1.4736246659674428,0.0,resnet32,0.2688,0.2598,1.8144361539320513,1.8144361539320513,0.0,0.0,0.0,0.0,0.0,0.0
wrn28x10x1-resnet32x1_cifar100_K2_indep_seed0004_d001,d001,"wrn28x10:1,resnet32:1",cifar100,2,indep,indep,peers,4,200,64,0.1,0.9,0.0005,True,0,60,0.1,1.0,1,,disagreement,1.0,1,0.0,0.5,weight,complete,0.0,0.0,42,0,45000,5000,10000,37006888,42,0.1,0,33.74,0.4469,0.0247,0.4222,0.4716,0.5009,0.05399999999999999,0.4475,0.4958,0.567,0.4370393748896013,0.5661,0.4367783735732075,0.4222,0.4716,wrn28x10,0.4716,0.4726,1.4677790018137207,1.4677790018137207,0.0,resnet32,0.4222,0.4224,1.8137512733651833,1.8137512733651833,0.0,0.0,0.0,0.0,0.0,0.0
wrn28x10x1-resnet32x1_cifar100_K2_indep_seed0004_d001,d001,"wrn28x10:1,resnet32:1",cifar100,2,indep,indep,peers,4,200,64,0.1,0.9,0.0005,True,0,60,0.1,1.0,1,,disagreement,1.0,1,0.0,0.5,weight,complete,0.0,0.0,42,0,45000,5000,10000,37006888,43,0.1,0,33.74,0.46245,0.06194999999999998,0.4005,0.5244,0.5271,0.06464999999999999,0.4603,0.5266,0.5664,0.45062304796519337,0.572,0.44002571302785964,0.4005,0.5244,wrn28x10,0.5244,0.5246,1.47171982801096,1.47171982801096,0.0,resnet32,0.4005,0.396,1.8185425319454886,1.8185425319454886,0.0,0.0,0.0,0.0,0.0,0.0
wrn28x10x1-resnet32x1_cifar100_K2_indep_seed0004_d001,d001,"wrn28x10:1,resnet32:1",cifar100,2,indep,indep,peers,4,200,64,0.1,0.9,0.0005,True,0,60,0.1,1.0,1,,disagreement,1.0,1,0.0,0.5,weight,complete,0.0,0.0,42,0,45000,5000,10000,37006888,44,0.1,0,33.82,0.4587,0.011699999999999988,0.447,0.4704,0.5088,0.05010000000000003,0.456,0.5056,0.5296,0.490606719486885,0.5346,0.49336476990968375,0.447,0.4704,wrn28x10,0.4704,0.4686,1.4656761395321651,1.4656761395321651,0.0,resnet32,0.447,0.4434,1.8093852087516675,1.8093852087516675,0.0,0.0,0.0,0.0,0.0,0.0
wrn28x10x1-resnet32x1_cifar100_K2_indep_seed0004_d001,d001,"wrn28x10:1,resnet32:1",cifar100,2,indep,indep,peers,4,200,64,0.1,0.9,0.0005,True,0,60,0.1,1.0,1,,disagreement,1.0,1,0.0,0.5,weight,complete,0.0,0.0,42,0,45000,5000,10000,37006888,45,0.1,0,33.64,0.44675,0.01965,0.4271,0.4664,0.5087,0.06195000000000006,0.44020000000000004,0.4926,0.57,0.4745125644007407,0.5752,0.4477886699829954,0.4271,0.4664,wrn28x10,0.4664,0.462,1.4653328759595752,1.4653328759595752,0.0,resnet32,0.4271,0.4184,1.809474852444096,1.809474852444096,0.0,0.0,0.0,0.0,0.0,0.0
wrn28x10x1-resnet32x1_cifar100_K2_indep_seed0004_d001,d001,"wrn28x10:1,resnet32:1",cifar100,2,indep,indep,peers,4,200,64,0.1,0.9,0.0005,True,0,60,0.1,1.0,1,,disagreement,1.0,1,0.0,0.5,weight,complete,0.0,0.0,42,0,45000,5000,10000,37006888,46,0.1,0,33.58,0.39705,0.03315000000000001,0.3639,0.4302,0.4448,0.04774999999999996,0.3906,0.4396,0.664,0.37953765356447644,0.6606,0.38181554222800046,0.4302,0.3639,wrn28x10,0.3639,0.3602,1.4576223079453816,1.4576223079453816,0.0,resnet32,0.4302,0.421,1.806794724342498,1.806794724342498,0.0,0.0,0.0,0.0,0.0,0.0
wrn28x10x1-resnet32x1_cifar100_K2_indep_seed0004_d001,d001,"wrn28x10:1,resnet32:1",cifar100,2,indep,indep,peers,4,200,64,0.1,0.9,0.0005,True,0,60,0.1,1.0,1,,disagreement,1.0,1,0.0,0.5,weight,complete,0.0,0.0,42,0,45000,5000,10000,37006888,47,0.1,0,33.62,0.41874999999999996,0.02704999999999999,0.3917,0.4458,0.4673,0.04855000000000004,0.4133,0.4634,0.5678,0.4540019636452366,0.5554,0.4928560258080703,0.3917,0.4458,wrn28x10,0.4458,0.4406,1.4642493731596253,1.4642493731596253,0.0,resnet32,0.3917,0.386,1.8071796247227625,1.8071796247227625,0.0,0.0,0.0,0.0,0.0,0.0
wrn28x10x1-resnet32x1_cifar100_K2_indep_seed0004_d001,d001,"wrn28x10:1,resnet32:1",cifar100,2,indep,indep,peers,4,200,64,0.1,0.9,0.0005,True,0,60,0.1,1.0,1,,disagreement,1.0,1,0.0,0.5,weight,complete,0.0,0.0,42,0,45000,5000,10000,37006888,48,0.1,0,33.59,0.4434,0.02529999999999999,0.4181,0.4687,0.4912,0.04780000000000001,0.44279999999999997,0.491,0.529,0.509083306386489,0.5392,0.5051462063307458,0.4181,0.4687,wrn28x10,0.4687,0.4668,1.4643875606019388,1.4643875606019388,0.0,resnet32,0.4181,0.4188,1.7981281776658513,1.7981281776658513,0.0,0.0,0.0,0.0,0.0,0.0
wrn28x10x1-resnet32x1_cifar100_K2_indep_seed0004_d001,d001,"wrn28x10:1,resnet32:1",cifar100,2,indep,indep,peers,4,200,64,0.1,0.9,0.0005,True,0,60,0.1,1.0,1,,disagreement,1.0,1,0.0,0.5,weight,complete,0.0,0.0,42,0,45000,5000,10000,37006888,49,0.1,0,34.4,0.4722,0.05509999999999998,0.4171,0.5273,0.5368,0.06460000000000005,0.4646,0.5262,0.545,0.4779180981884149,0.5484,0.458472651756397,0.4171,0.5273,wrn28x10,0.5273,0.5174,1.46372688756409,1.46372688756409,0.0,resnet32,0.4171,0.4118,1.7975383504209193,1.7975383504209193,0.0,0.0,0.0,0.0,0.0,0.0
wrn28x10x1-resnet32x1_cifar100_K2_indep_seed0004_d001,d001,"wrn28x10:1,resnet32:1",cifar100,2,indep,indep,peers,4,200,64,0.1,0.9,0.0005,True,0,60,0.1,1.0,1,,disagreement,1.0,1,0.0,0.5,weight,complete,0.0,0.0,42,0,45000,5000,10000,37006888,50,0.1,0,34.07,0.43979999999999997,0.004799999999999999,0.435,0.4446,0.473,0.03320000000000001,0.4357,0.4676,0.5396,0.510708172442909,0.5481,0.49035072283907105,0.4446,0.435,wrn28x10,0.435,0.4358,1.4564169619909741,1.4564169619909741,0.0,resnet32,0.4446,0.4356,1.7945752184499393,1.7945752184499393,0.0,0.0,0.0,0.0,0.0,0.0
wrn28x10x1-resnet32x1_cifar100_K2_indep_seed0004_d001,d001,"wrn28x10:1,resnet32:1",cifar100,2,indep,indep,peers,4,200,64,0.1,0.9,0.0005,True,0,60,0.1,1.0,1,,disagreement,1.0,1,0.0,0.5,weight,complete,0.0,0.0,42,0,45000,5000,10000,37006888,51,0.1,0,33.8,0.46530000000000005,0.05250000000000002,0.4128,0.5178,0.5227,0.05740000000000001,0.45909999999999995,0.5166,0.553,0.4494322390726043,0.5484,0.4896176876836808,0.4128,0.5178,wrn28x10,0.5178,0.5164,1.454107772135599,1.454107772135599,0.0,resnet32,0.4128,0.4018,1.7860933344133876,1.7860933344133876,0.0,0.0,0.0,0.0,0.0,0.0
wrn28x10x1-resnet32x1_cifar100_K2_indep_seed0004_d001,d001,"wrn28x10:1,resnet32:1",cifar100,2,indep,indep,peers,4,200,64,0.1,0.9,0.0005,True,0,60,0.1,1.0,1,,disagreement,1.0,1,0.0,0.5,weight,complete,0.0,0.0,42,0,45000,5000,10000,37006888,52,0.1,0,33.64,0.4556,0.013600000000000001,0.442,0.4692,0.5135,0.05789999999999995,0.4465,0.4976,0.5794,0.42641768399630275,0.5703,0.44066040574258075,0.442,0.4692,wrn28x10,0.4692,0.466,1.46428186040033,1.46428186040033,0.0,resnet32,0.442,0.427,1.8001468836922536,1.8001468836922536,0.0,0.0,0.0,0.0,0.0,0.0
wrn28x10x1-resnet32x1_cifar100_K2_indep_seed0004_d001,d001,"wrn28x10:1,resnet32:1",cifar100,2,indep,indep,peers,4,200,64,0.1,0.9,0.0005,True,0,60,0.1,1.0,1,,disagreement,1.0,1,0.0,0.5,weight,complete,0.0,0.0,42,0,45000,5000,10000,37006888,53,0.1,0,33.77,0.39135,0.04595000000000002,0.3454,0.4373,0.4447,0.05335000000000001,0.391,0.4444,0.5952,0.464504162133374,0.601,0.47761636560112797,0.3454,0.4373,wrn28x10,0.4373,0.4404,1.453901556743817,1.453901556743817,0.0,resnet32,0.3454,0.3416,1.789280503480272,1.789280503480272,0.0,0.0,0.0,0.0,0.0,0.0
wrn28x10x1-resnet32x1_cifar100_K2_indep_seed0004_d001,d001,"wrn28x10:1,resnet32:1",cifar100,2,indep,indep,peers,4,200,64,0.1,0.9,0.0005,True,0,60,0.1,1.0,1,,disagreement,1.0,1,0.0,0.5,weight,complete,0.0,0.0,42,0,45000,5000,10000,37006888,54,0.1,0,33.7,0.4702,0.02410000000000001,0.4461,0.4943,0.5285,0.05829999999999996,0.4742,0.5284,0.5322,0.46370835168269664,0.5383,0.4630996644855008,0.4461,0.4943,wrn28x10,0.4943,0.4958,1.4559192329814488,1.4559192329814488,0.0,resnet32,0.4461,0.4526,1.7967909449203447,1.7967909449203447,0.0,0.0,0.0,0.0,0.0,0.0
wrn28x10x1-resnet32x1_cifar100_K2_indep_seed0004_d001,d001,"wrn28x10:1,resnet32:1",cifar100,2,indep,indep,peers,4,200,64,0.1,0.9,0.0005,True,0,60,0.1,1.0,1,,disagreement,1.0,1,0.0,0.5,weight,complete,0.0,0.0,42,0,45000,5000,10000,37006888,55,0.1,0,33.78,0.4547,0.008500000000000008,0.4462,0.4632,0.4966,0.04189999999999999,0.4545,0.492,0.544,0.47638030674925097,0.54,0.4967036868191687,0.4462,0.4632,wrn28x10,0.4632,0.4618,1.455981041897427,1.455981041897427,0.0,resnet32,0.4462,0.4472,1.7963814413682981,1.7963814413682981,0.0,0.0,0.0,0.0,0.0,0.0
wrn28x10x1-resnet32x1_cifar100_K2_indep_seed0004_d001,d001,"wrn28x10:1,resnet32:1",cifar100,2,indep,indep,peers,4,200,64,0.1,0.9,0.0005,True,0,60,0.1,1.0,1,,disagreement,1.0,1,0.0,0.5,weight,complete,0.0,0.0,42,0,45000,5000,10000,37006888,56,0.1,0,33.69,0.4064,0.003700000000000009,0.4027,0.4101,0.4555,0.04910000000000003,0.4013,0.45,0.617,0.43057729028496117,0.6054,0.4404726452173882,0.4101,0.4027,wrn28x10,0.4027,0.3934,1.4453784941102972,1.4453784941102972,0.0,resnet32,0.4101,0.4092,1.7911867089569569,1.7911867089569569,0.0,0.0,0.0,0.0,0.0,0.0
wrn28x10x1-resnet32x1_cifar100_K2_indep_seed0004_d001,d001,"wrn28x10:1,resnet32:1",cifar100,2,indep,indep,peers,4,200,64,0.1,0.9,0.0005,True,0,60,0.1,1.0,1,,disagreement,1.0,1,0.0,0.5,weight,complete,0.0,0.0,42,0,45000,5000,10000,37006888,57,0.1,0,33.55,0.47209999999999996,0.047000000000000014,0.4251,0.5191,0.5255,0.0534,0.4644,0.5256,0.5466,0.4659329914977465,0.5313,0.4867661488768948,0.4251,0.5191,wrn28x10,0.5191,0.5136,1.4544172737408767,1.4544172737408767,0.0,resnet32,0.4251,0.4152,1.7950075957924128,1.7950075957924128,0.0,0.0,0.0,0.0,0.0,0.0
wrn28x10x1-resnet32x1_cifar100_K2_indep_seed0004_d001,d001,"wrn28x10:1,resnet32:1",cifar100,2,indep,indep,peers,4,200,64,0.1,0.9,0.0005,True,0,60,0.1,1.0,1,,disagreement,1.0,1,0.0,0.5,weight,complete,0.0,0.0,42,0,45000,5000,10000,37006888,58,0.1,0,33.66,0.45015,0.014649999999999996,0.4355,0.4648,0.5091,0.05895,0.4457,0.5034,0.6068,0.4274904693657733,0.5976,0.42329670665659286,0.4355,0.4648,wrn28x10,0.4648,0.4636,1.4517904487015172,1.4517904487015172,0.0,resnet32,0.4355,0.4278,1.784938410771164,1.784938410771164,0.0,0.0,0.0,0.0,0.0,0.0
wrn28x10x1-resnet32x1_cifar100_K2_indep_seed0004_d001,d001,"wrn28x10:1,resnet32:1",cifar100,2,indep,indep,peers,4,200,64,0.1,0.9,0.0005,True,0,60,0.1,1.0,1,,disagreement,1.0,1,0.0,0.5,weight,complete,0.0,0.0,42,0,45000,5000,10000,37006888,59,0.1,0,33.7,0.40835,0.010849999999999999,0.3975,0.4192,0.4618,0.05345,0.4054,0.4526,0.6494,0.39942229360232734,0.6463,0.40280880307967737,0.4192,0.3975,wrn28x10,0.3975,0.4008,1.4470650728114627,1.4470650728114627,0.0,resnet32,0.4192,0.41,1.7887948280708357,1.7887948280708357,0.0,0.0,0.0,0.0,0.0,0.0
wrn28x10x1-resnet32x1_cifar100_K2_indep_seed0004_d001,d001,"wrn28x10:1,resnet32:1",cifar100,2,indep,indep,peers,4,200,64,0.1,0.9,0.0005,True,0,60,0.1,1.0,1,,disagreement,1.0,1,0.0,0.5,weight,complete,0.0,0.0,42,0,45000,5000,10000,37006888,60,0.010000000000000002,0,33.47,0.66815,0.04025000000000001,0.6279,0.7084,0.7095,0.04135,0.6682999999999999,0.7056,0.2986,0.5920898441060919,0.3011,0.5853533815371951,0.6279,0.7084,wrn28x10,0.7084,0.7142,0.9106847580776296,0.9106847580776296,0.0,resnet32,0.6279,0.6224,1.3165085946463726,1.3165085946463726,0.0,0.0,0.0,0.0,0.0,0.0
wrn28x10x1-resnet32x1_cifar100_K2_indep_seed0004_d001,d001,"wrn28x10:1,resnet32:1",cifar100,2,indep,indep,peers,4,200,64,0.1,0.9,0.0005,True,0,60,0.1,1.0,1,,disagreement,1.0,1,0.0,0.5,weight,complete,0.0,0.0,42,0,45000,5000,10000,37006888,61,0.010000000000000002,0,33.75,0.6860999999999999,0.0388,0.6473,0.7249,0.7218,0.035700000000000065,0.6773,0.7194,0.2994,0.569629216362636,0.2903,0.5866351899325633,0.6473,0.7249,wrn28x10,0.7249,0.7218,0.7413642410696908,0.7413642410696908,0.0,resnet32,0.6473,0.6328,1.1713865329934792,1.1713865329934792,0.0,0.0,0.0,0.0,0.0,0.0
wrn28x10x1-resnet32x1_cifar100_K2_indep_seed0004_d001,d001,"wrn28x10:1,resnet32:1",cifar100,2,indep,indep,peers,4,200,64,0.1,0.9,0.0005,True,0,60,0.1,1.0,1,,disagreement,1.0,1,0.0,0.5,weight,complete,0.0,0.0,42,0,45000,5000,10000,37006888,62,0.010000000000000002,0,33.69,0.68805,0.03694999999999998,0.6511,0.725,0.7258,0.03774999999999995,0.6819999999999999,0.7236,0.2966,0.5754330385041181,0.2941,0.5739746041040221,0.6511,0.725,wrn28x10,0.725,0.7242,0.6691713111305778,0.6691713111305778,0.0,resnet32,0.6511,0.6398,1.1186537867919966,1.1186537867919966,0.0,0.0,0.0,0.0,0.0,0.0
wrn28x10x1-resnet32x1_cifar100_K2_indep_seed0004_d001,d001,"wrn28x10:1,resnet32:1",cifar100,2,indep,indep,peers,4,200,64,0.1,0.9,0.0005,True,0,60,0.1,1.0,1,,disagreement,1.0,1,0.0,0.5,weight,complete,0.0,0.0,42,0,45000,5000,10000,37006888,63,0.010000000000000002,0,33.71,0.6902999999999999,0.03899999999999998,0.6513,0.7293,0.7307,0.0404000000000001,0.6854,0.7332,0.308,0.5592017714782935,0.3045,0.5582504956268274,0.6513,0.7293,wrn28x10,0.7293,0.7266,0.6146811421283267,0.6146811421283267,0.0,resnet32,0.6513,0.6442,1.08272579185326,1.08272579185326,0.0,0.0,0.0,0.0,0.0,0.0
wrn28x10x1-resnet32x1_cifar100_K2_indep_seed0004_d001,d001,"wrn28x10:1,resnet32:1",cifar100,2,indep,indep,peers,4,200,64,0.1,0.9,0.0005,True,0,60,0.1,1.0,1,,disagreement,1.0,1,0.0,0.5,weight,complete,0.0,0.0,42,0,45000,5000,10000,37006888,64,0.010000000000000002,0,33.62,0.6917,0.03770000000000001,0.654,0.7294,0.737,0.04530000000000001,0.6952,0.7382,0.301,0.5508634184901969,0.3044,0.5478117425388936,0.654,0.7294,wrn28x10,0.7294,0.7354,0.5732466438785195,0.5732466438785195,0.0,resnet32,0.654,0.655,1.049809437668459,1.049809437668459,0.0,0.0,0.0,0.0,0.0,0.0
wrn28x10x1-resnet32x1_cifar100_K2_indep_seed0004_d001,d001,"wrn28x10:1,resnet32:1",cifar100,2,indep,indep,peers,4,200,64,0.1,0.9,0.0005,True,0,60,0.1,1.0,1,,disagreement,1.0,1,0.0,0.5,weight,complete,0.0,0.0,42,0,45000,5000,10000,37006888,65,0.010000000000000002,0,34.11,0.6936,0.040200000000000014,0.6534,0.7338,0.7396,0.04600000000000004,0.6906,0.7382,0.3072,0.5438678273015801,0.3003,0.5664256833179324,0.6534,0.7338,wrn28x10,0.7338,0.7318,0.5407058625397357,0.5407058625397357,0.0,resnet32,0.6534,0.6494,1.0314403357492252,1.0314403357492252,0.0,0.0,0.0,0.0,0.0,0.0
wrn28x10x1-resnet32x1_cifar100_K2_indep_seed0004_d001,d001,"wrn28x10:1,resnet32:1",cifar100,2,indep,indep,peers,4,200,64,0.1,0.9,0.0005,True,0,60,0.1,1.0,1,,disagreement,1.0,1,0.0,0.5,weight,complete,0.0,0.0,42,0,45000,5000,10000,37006888,66,0.010000000000000002,0,33.69,0.6883,0.0393,0.649,0.7276,0.7336,0.04530000000000001,0.6878,0.7384,0.3164,0.5259775618636927,0.322,0.5341000373473205,0.649,0.7276,wrn28x10,0.7276,0.727,0.5101609240624715,0.5101609240624715,0.0,resnet32,0.649,0.6486,1.019153714052994,1.019153714052994,0.0,0.0,0.0,0.0,0.0,0.0
wrn28x10x1-resnet32x1_cifar100_K2_indep_seed0004_d001,d001,"wrn28x10:1,resnet32:1",cifar100,2,indep,indep,peers,4,200,64,0.1,0.9,0.0005,True,0,60,0.1,1.0,1,,disagreement,1.0,1,0.0,0.5,weight,complete,0.0,0.0,42,0,45000,5000,10000,37006888,67,0.010000000000000002,0,33.72,0.67875,0.04394999999999999,0.6348,0.7227,0.7274,0.04865000000000008,0.6799,0.7322,0.3238,0.5272097074980879,0.3304,0.5336708298897013,0.6348,0.7227,wrn28x10,0.7227,0.7274,0.48590652868998324,0.48590652868998324,0.0,resnet32,0.6348,0.6324,1.002457472157072,1.002457472157072,0.0,0.0,0.0,0.0,0.0,0.0
wrn28x10x1-resnet32x1_cifar100_K2_indep_seed0004_d001,d001,"wrn28x10:1,resnet32:1",cifar100,2,indep,indep,peers,4,200,64,0.1,0.9,0.0005,True,0,60,0.1,1.0,1,,disagreement,1.0,1,0.0,0.5,weight,complete,0.0,0.0,42,0,45000,5000,10000,37006888,68,0.010000000000000002,0,33.69,0.6817500000000001,0.04065000000000002,0.6411,0.7224,0.7284,0.04664999999999997,0.6775,0.7256,0.318,0.5610790120735105,0.3211,0.5436015454346996,0.6411,0.7224,wrn28x10,0.7224,0.7192,0.4560202603567053,0.4560202603567053,0.0,resnet32,0.6411,0.6358,0.9964537893167951,0.9964537893167951,0.0,0.0,0.0,0.0,0.0,0.0
wrn28x10x1-resnet32x1_cifar100_K2_indep_seed0004_d001,d001,"wrn28x10:1,resnet32:1",cifar100,2,indep,indep,peers,4,200,64,0.1,0.9,0.0005,True,0,60,0.1,1.0,1,,disagreement,1.0,1,0.0,0.5,weight,complete,0.0,0.0,42,0,45000,5000,10000,37006888,69,0.010000000000000002,0,33.67,0.69295,0.03925000000000001,0.6537,0.7322,0.7378,0.044850000000000056,0.6905,0.7382,0.3148,0.5373533080020958,0.3144,0.5375813803182606,0.6537,0.7322,wrn28x10,0.7322,0.7364,0.43492262200875714,0.43492262200875714,0.0,resnet32,0.6537,0.6446,0.9830371574075385,0.9830371574075385,0.0,0.0,0.0,0.0,0.0,0.0
wrn28x10x1-resnet32x1_cifar100_K2_indep_seed0004_d001,d001,"wrn28x10:1,resnet32:1",cifar100,2,indep,indep,peers,4,200,64,0.1,0.9,0.0005,True,0,60,0.1,1.0,1,,disagreement,1.0,1,0.0,0.5,weight,complete,0.0,0.0,42,0,45000,5000,10000,37006888,70,0.010000000000000002,0,33.69,0.6875,0.04049999999999998,0.647,0.728,0.7354,0.047900000000000054,0.6871,0.7394,0.33,0.5131832328557421,0.3267,0.5317549326993282,0.647,0.728,wrn28x10,0.728,0.7336,0.4138869423715567,0.4138869423715567,0.0,resnet32,0.647,0.6406,0.9739602619612758,0.9739602619612758,0.0,0.0,0.0,0.0,0.0,0.0
wrn28x10x1-resnet32x1_cifar100_K2_indep_seed0004_d001,d001,"wrn28x10:1,resnet32:1",cifar100,2,indep,indep,peers,4,200,64,0.1,0.9,0.0005,True,0,60,0.1,1.0,1,,disagreement,1.0,1,0.0,0.5,weight,complete,0.0,0.0,42,0,45000,5000,10000,37006888,71,0.010000000000000002,0,34.13,0.679,0.040500000000000036,0.6385,0.7195,0.7304,0.0514,0.669,0.7216,0.3424,0.5239817393770569,0.342,0.5226245161604985,0.6385,0.7195,wrn28x10,0.7195,0.71,0.39825651894154196,0.39825651894154196,0.0,resnet32,0.6385,0.628,0.9690824525261467,0.9690824525261467,0.0,0.0,0.0,0.0,0.0,0.0
wrn28x10x1-resnet32x1_cifar100_K2_indep_seed0004_d001,d001,"wrn28x10:1,resnet32:1",cifar100,2,indep,indep,peers,4,200,64,0.1,0.9,0.0005,True,0,60,0.1,1.0,1,,disagreement,1.0,1,0.0,0.5,weight,complete,0.0,0.0,42,0,45000,5000,10000,37006888,72,0.010000000000000002,0,33.66,0.683,0.03799999999999998,0.645,0.721,0.7304,0.0474,0.6823,0.732,0.3322,0.5220447238789389,0.3316,0.5291057653235274,0.645,0.721,wrn28x10,0.721,0.7208,0.39547579627568746,0.39547579627568746,0.0,resnet32,0.645,0.6438,0.9719534241171046,0.9719534241171046,0.0,0.0,0.0,0.0,0.0,0.0
wrn28x10x1-resnet32x1_cifar100_K2_indep_seed0004_d001,d001,"wrn28x10:1,resnet32:1",cifar100,2,indep,indep,peers,4,200,64,0.1,0.9,0.0005,True,0,60,0.1,1.0,1,,disagreement,1.0,1,0.0,0.5,weight,complete,0.0,0.0,42,0,45000,5000,10000,37006888,73,0.010000000000000002,0,33.74,0.6712,0.039100000000000024,0.6321,0.7103,0.7239,0.05269999999999997,0.6757,0.7204,0.3334,0.5256110832593232,0.3483,0.5180255820565217,0.6321,0.7103,wrn28x10,0.7103,0.7162,0.3815186755647036,0.3815186755647036,0.0,resnet32,0.6321,0.6352,0.9668918199498545,0.9668918199498545,0.0,0.0,0.0,0.0,0.0,0.0
wrn28x10x1-resnet32x1_cifar100_K2_indep_seed0004_d001,d001,"wrn28x10:1,resnet32:1",cifar100,2,indep,indep,peers,4,200,64,0.1,0.9,0.0005,True,0,60,0.1,1.0,1,,disagreement,1.0,1,0.0,0.5,weight,complete,0.0,0.0,42,0,45000,5000,10000,37006888,74,0.010000000000000002,0,33.88,0.66635,0.03005000000000002,0.6363,0.6964,0.7133,0.04695000000000005,0.6707000000000001,0.7204,0.3396,0.5147194519373001,0.3476,0.5283964031146814,0.6363,0.6964,wrn28x10,0.6964,0.7048,0.3688560655679215,0.3688560655679215,0.0,resnet32,0.6363,0.6366,0.9611386029388417,0.9611386029388417,0.0,0.0,0.0,0.0,0.0,0.0
wrn28x10x1-resnet32x1_cifar100_K2_indep_seed0004_d001,d001,"wrn28x10:1,resnet32:1",cifar100,2,indep,indep,peers,4,200,64,0.1,0.9,0.0005,True,0,60,0.1,1.0,1,,disagreement,1.0,1,0.0,0.5,weight,complete,0.0,0.0,42,0,45000,5000,10000,37006888,75,0.010000000000000002,0,33.71,0.6699999999999999,0.04260000000000003,0.6274,0.7126,0.7201,0.05010000000000003,0.669,0.7206,0.351,0.5196020504289628,0.3548,0.5178768645373675,0.6274,0.7126,wrn28x10,0.7126,0.7088,0.3631625749509443,0.3631625749509443,0.0,resnet32,0.6274,0.6292,0.9559951289980249,0.9559951289980249,0.0,0.0,0.0,0.0,0.0,0.0
wrn28x10x1-resnet32x1_cifar100_K2_indep_seed0004_d001,d001,"wrn28x10:1,resnet32:1",cifar100,2,indep,indep,peers,4,200,64,0.1,0.9,0.0005,True,0,60,0.1,1.0,1,,disagreement,1.0,1,0.0,0.5,weight,complete,0.0,0.0,42,0,45000,5000,10000,37006888,76,0.010000000000000002,0,33.86,0.6731499999999999,0.04494999999999999,0.6282,0.7181,0.7263,0.05315000000000003,0.6652,0.7258,0.3534,0.5195986649525717,0.3524,0.5053739516698498,0.6282,0.7181,wrn28x10,0.7181,0.712,0.3508638931353661,0.3508638931353661,0.0,resnet32,0.6282,0.6184,0.9552644476802512,0.9552644476802512,0.0,0.0,0.0,0.0,0.0,0.0
wrn28x10x1-resnet32x1_cifar100_K2_indep_seed0004_d001,d001,"wrn28x10:1,resnet32:1",cifar100,2,indep,indep,peers,4,200,64,0.1,0.9,0.0005,True,0,60,0.1,1.0,1,,disagreement,1.0,1,0.0,0.5,weight,complete,0.0,0.0,42,0,45000,5000,10000,37006888,77,0.010000000000000002,0,33.78,0.6667000000000001,0.03260000000000002,0.6341,0.6993,0.7216,0.05489999999999995,0.6645000000000001,0.7216,0.3644,0.4902296959265025,0.363,0.4915489339510896,0.6341,0.6993,wrn28x10,0.6993,0.7002,0.3442492656388574,0.3442492656388574,0.0,resnet32,0.6341,0.6288,0.9459313178773631,0.9459313178773631,0.0,0.0,0.0,0.0,0.0,0.0
wrn28x10x1-resnet32x1_cifar100_K2_indep_seed0004_d001,d001,"wrn28x10:1,resnet32:1",cifar100,2,indep,indep,peers,4,200,64,0.1,0.9,0.0005,True,0,60,0.1,1.0,1,,disagreement,1.0,1,0.0,0.5,weight,complete,0.0,0.0,42,0,45000,5000,10000,37006888,78,0.010000000000000002,0,33.69,0.672,0.0464,0.6256,0.7184,0.7287,0.05669999999999997,0.6748000000000001,0.7278,0.3468,0.5081088323143041,0.3573,0.5079458864228513,0.6256,0.7184,wrn28x10,0.7184,0.7164,0.34779217022217135,0.34779217022217135,0.0,resnet32,0.6256,0.6332,0.9542261922562664,0.9542261922562664,0.0,0.0,0.0,0.0,0.0,0.0
wrn28x10x1-resnet32x1_cifar100_K2_indep_seed0004_d001,d001,"wrn28x10:1,resnet32:1",cifar100,2,indep,indep,peers,4,200,64,0.1,0.9,0.0005,True,0,60,0.1,1.0,1,,disagreement,1.0,1,0.0,0.5,weight,complete,0.0,0.0,42,0,45000,5000,10000,37006888,79,0.010000000000000002,0,33.87,0.6698500000000001,0.028749999999999998,0.6411,0.6986,0.7181,0.048249999999999904,0.6637,0.7164,0.358,0.5003463573324303,0.3536,0.5057863217844599,0.6411,0.6986,wrn28x10,0.6986,0.6968,0.3298183073056862,0.3298183073056862,0.0,resnet32,0.6411,0.6306,0.9454173359342597,0.9454173359342597,0.0,0.0,0.0,0.0,0.0,0.0
wrn28x10x1-resnet32x1_cifar100_K2_indep_seed0004_d001,d001,"wrn28x10:1,resnet32:1",cifar100,2,indep,indep,peers,4,200,64,0.1,0.9,0.0005,True,0,60,0.1,1.0,1,,disagreement,1.0,1,0.0,0.5,weight,complete,0.0,0.0,42,0,45000,5000,10000,37006888,80,0.010000000000000002,0,34.38,0.66545,0.03425,0.6312,0.6997,0.7181,0.052649999999999975,0.6648000000000001,0.7194,0.366,0.4950404452224604,0.361,0.4975938073960109,0.6312,0.6997,wrn28x10,0.6997,0.7098,0.32637630289801484,0.32637630289801484,0.0,resnet32,0.6312,0.6198,0.9349674100733616,0.9349674100733616,0.0,0.0,0.0,0.0,0.0,0.0
wrn28x10x1-resnet32x1_cifar100_K2_indep_seed0004_d001,d001,"wrn28x10:1,resnet32:1",cifar100,2,indep,indep,peers,4,200,64,0.1,0.9,0.0005,True,0,60,0.1,1.0,1,,disagreement,1.0,1,0.0,0.5,weight,complete,0.0,0.0,42,0,45000,5000,10000,37006888,81,0.010000000000000002,0,34.45,0.6644,0.030399999999999983,0.634,0.6948,0.7148,0.0504,0.6667,0.7176,0.3574,0.5022529364288696,0.3703,0.4886626213309233,0.634,0.6948,wrn28x10,0.6948,0.697,0.32964340243911877,0.32964340243911877,0.0,resnet32,0.634,0.6364,0.937348192981021,0.937348192981021,0.0,0.0,0.0,0.0,0.0,0.0
wrn28x10x1-resnet32x1_cifar100_K2_indep_seed0004_d001,d001,"wrn28x10:1,resnet32:1",cifar100,2,indep,indep,peers,4,200,64,0.1,0.9,0.0005,True,0,60,0.1,1.0,1,,disagreement,1.0,1,0.0,0.5,weight,complete,0.0,0.0,42,0,45000,5000,10000,37006888,82,0.010000000000000002,0,34.34,0.6655500000000001,0.02755000000000002,0.638,0.6931,0.7134,0.04784999999999995,0.6658,0.7208,0.3608,0.4967369968880768,0.3562,0.5134399288421937,0.638,0.6931,wrn28x10,0.6931,0.706,0.3290978396438401,0.3290978396438401,0.0,resnet32,0.638,0.6256,0.9431427708742294,0.9431427708742294,0.0,0.0,0.0,0.0,0.0,0.0
wrn28x10x1-resnet32x1_cifar100_K2_indep_seed0004_d001,d001,"wrn28x10:1,resnet32:1",cifar100,2,indep,indep,peers,4,200,64,0.1,0.9,0.0005,True,0,60,0.1,1.0,1,,disagreement,1.0,1,0.0,0.5,weight,complete,0.0,0.0,42,0,45000,5000,10000,37006888,83,0.010000000000000002,0,33.99,0.6689,0.03809999999999997,0.6308,0.707,0.7248,0.05589999999999995,0.6604,0.7192,0.3648,0.4858065216266316,0.3633,0.5077497167915348,0.6308,0.707,wrn28x10,0.707,0.6998,0.31251257757486944,0.31251257757486944,0.0,resnet32,0.6308,0.621,0.9325729732994329,0.9325729732994329,0.0,0.0,0.0,0.0,0.0,0.0
wrn28x10x1-resnet32x1_cifar100_K2_indep_seed0004_d001,d001,"wrn28x10:1,resnet32:1",cifar100,2,indep,indep,peers,4,200,64,0.1,0.9,0.0005,True,0,60,0.1,1.0,1,,disagreement,1.0,1,0.0,0.5,weight,complete,0.0,0.0,42,0,45000,5000,10000,37006888,84,0.010000000000000002,0,33.59,0.6793,0.0348,0.6445,0.7141,0.7315,0.052200000000000024,0.6695,0.7232,0.3584,0.48770954864276417,0.354,0.49085529932125116,0.6445,0.7141,wrn28x10,0.7141,0.7122,0.30150386778934096,0.30150386778934096,0.0,resnet32,0.6445,0.6268,0.9327763063325123,0.9327763063325123,0.0,0.0,0.0,0.0,0.0,0.0
wrn28x10x1-resnet32x1_cifar100_K2_indep_seed0004_d001,d001,"wrn28x10:1,resnet32:1",cifar100,2,indep,indep,peers,4,200,64,0.1,0.9,0.0005,True,0,60,0.1,1.0,1,,disagreement,1.0,1,0.0,0.5,weight,complete,0.0,0.0,42,0,45000,5000,10000,37006888,85,0.010000000000000002,0,33.76,0.65795,0.04065000000000002,0.6173,0.6986,0.7123,0.05435000000000001,0.6500999999999999,0.7112,0.3706,0.5000268036017932,0.3725,0.4916568176374767,0.6173,0.6986,wrn28x10,0.6986,0.696,0.30197911798446014,0.30197911798446014,0.0,resnet32,0.6173,0.6042,0.9257193849506703,0.9257193849506703,0.0,0.0,0.0,0.0,0.0,0.0
wrn28x10x1-resnet32x1_cifar100_K2_indep_seed0004_d001,d001,"wrn28x10:1,resnet32:1",cifar100,2,indep,indep,peers,4,200,64,0.1,0.9,0.0005,True,0,60,0.1,1.0,1,,disagreement,1.0,1,0.0,0.5,weight,complete,0.0,0.0,42,0,45000,5000,10000,37006888,86,0.010000000000000002,0,33.82,0.671,0.04099999999999998,0.63,0.712,0.7271,0.05609999999999993,0.6652,0.7184,0.3718,0.45912804210978553,0.3651,0.4905117643130593,0.63,0.712,wrn28x10,0.712,0.7038,0.3004275912694125,0.3004275912694125,0.0,resnet32,0.63,0.6266,0.9276497971097176,0.9276497971097176,0.0,0.0,0.0,0.0,0.0,0.0
wrn28x10x1-resnet32x1_cifar100_K2_indep_seed0004_d001,d001,"wrn28x10:1,resnet32:1",cifar100,2,indep,indep,peers,4,200,64,0.1,0.9,0.0005,True,0,60,0.1,1.0,1,,disagreement,1.0,1,0.0,0.5,weight,complete,0.0,0.0,42,0,45000,5000,10000,37006888,87,0.010000000000000002,0,33.84,0.67065,0.03634999999999999,0.6343,0.707,0.7281,0.05745,0.6655,0.7236,0.368,0.4904874298233376,0.366,0.477859543737256,0.6343,0.707,wrn28x10,0.707,0.7014,0.2809361106377434,0.2809361106377434,0.0,resnet32,0.6343,0.6296,0.9235573126934469,0.9235573126934469,0.0,0.0,0.0,0.0,0.0,0.0
wrn28x10x1-resnet32x1_cifar100_K2_indep_seed0004_d001,d001,"wrn28x10:1,resnet32:1",cifar100,2,indep,indep,peers,4,200,64,0.1,0.9,0.0005,True,0,60,0.1,1.0,1,,disagreement,1.0,1,0.0,0.5,weight,complete,0.0,0.0,42,0,45000,5000,10000,37006888,88,0.010000000000000002,0,33.76,0.6695,0.0237,0.6458,0.6932,0.7168,0.04730000000000001,0.6657,0.7186,0.3542,0.5057428800228795,0.3648,0.49252160162853986,0.6458,0.6932,wrn28x10,0.6932,0.694,0.28769832986025984,0.28769832986025984,0.0,resnet32,0.6458,0.6374,0.9221393378366801,0.9221393378366801,0.0,0.0,0.0,0.0,0.0,0.0
wrn28x10x1-resnet32x1_cifar100_K2_indep_seed0004_d001,d001,"wrn28x10:1,resnet32:1",cifar100,2,indep,indep,peers,4,200,64,0.1,0.9,0.0005,True,0,60,0.1,1.0,1,,disagreement,1.0,1,0.0,0.5,weight,complete,0.0,0.0,42,0,45000,5000,10000,37006888,89,0.010000000000000002,0,33.81,0.6678,0.045899999999999996,0.6219,0.7137,0.7265,0.058700000000000085,0.6693,0.7312,0.363,0.48368255909564734,0.3672,0.4929382411645139,0.6219,0.7137,wrn28x10,0.7137,0.718,0.2885476052126085,0.2885476052126085,0.0,resnet32,0.6219,0.6206,0.9090421689166264,0.9090421689166264,0.0,0.0,0.0,0.0,0.0,0.0
wrn28x10x1-resnet32x1_cifar100_K2_indep_seed0004_d001,d001,"wrn28x10:1,resnet32:1",cifar100,2,indep,indep,peers,4,200,64,0.1,0.9,0.0005,True,0,60,0.1,1.0,1,,disagreement,1.0,1,0.0,0.5,weight,complete,0.0,0.0,42,0,45000,5000,10000,37006888,90,0.010000000000000002,0,33.85,0.6637500000000001,0.03275,0.631,0.6965,0.7161,0.0523499999999999,0.6648000000000001,0.7228,0.368,0.48524134960384907,0.376,0.48143542697051545,0.631,0.6965,wrn28x10,0.6965,0.7042,0.2769652771319009,0.2769652771319009,0.0,resnet32,0.631,0.6254,0.9187439261004329,0.9187439261004329,0.0,0.0,0.0,0.0,0.0,0.0
wrn28x10x1-resnet32x1_cifar100_K2_indep_seed0004_d001,d001,"wrn28x10:1,resnet32:1",cifar100,2,indep,indep,peers,4,200,64,0.1,0.9,0.0005,True,0,60,0.1,1.0,1,,disagreement,1.0,1,0.0,0.5,weight,complete,0.0,0.0,42,0,45000,5000,10000,37006888,91,0.010000000000000002,0,34.47,0.67145,0.03595000000000004,0.6355,0.7074,0.7282,0.05674999999999997,0.6665,0.719,0.365,0.5041118593385959,0.3611,0.5039477132040129,0.6355,0.7074,wrn28x10,0.7074,0.707,0.26879732198589906,0.26879732198589906,0.0,resnet32,0.6355,0.626,0.9061714387075468,0.9061714387075468,0.0,0.0,0.0,0.0,0.0,0.0
wrn28x10x1-resnet32x1_cifar100_K2_indep_seed0004_d001,d001,"wrn28x10:1,resnet32:1",cifar100,2,indep,indep,peers,4,200,64,0.1,0.9,0.0005,True,0,60,0.1,1.0,1,,disagreement,1.0,1,0.0,0.5,weight,complete,0.0,0.0,42,0,45000,5000,10000,37006888,92,0.010000000000000002,0,34.51,0.65865,0.037750000000000006,0.6209,0.6964,0.714,0.05535000000000001,0.655,0.7104,0.3618,0.5044610318589978,0.3607,0.5186627286819923,0.6209,0.6964,wrn28x10,0.6964,0.6904,0.2671406459994614,0.2671406459994614,0.0,resnet32,0.6209,0.6196,0.9122866293923422,0.9122866293923422,0.0,0.0,0.0,0.0,0.0,0.0
wrn28x10x1-resnet32x1_cifar100_K2_indep_seed0004_d001,d001,"wrn28x10:1,resnet32:1",cifar100,2,indep,indep,peers,4,200,64,0.1,0.9,0.0005,True,0,60,0.1,1.0,1,,disagreement,1.0,1,0.0,0.5,weight,complete,0.0,0.0,42,0,45000,5000,10000,37006888,93,0.010000000000000002,0,33.76,0.6626000000000001,0.032899999999999985,0.6297,0.6955,0.7182,0.05559999999999987,0.6538999999999999,0.7076,0.3898,0.45883850839976653,0.3782,0.4821481656598097,0.6297,0.6955,wrn28x10,0.6955,0.6934,0.26831614622973243,0.26831614622973243,0.0,resnet32,0.6297,0.6144,0.9050285565582189,0.9050285565582189,0.0,0.0,0.0,0.0,0.0,0.0
wrn28x10x1-resnet32x1_cifar100_K2_indep_seed0004_d001,d001,"wrn28x10:1,resnet32:1",cifar100,2,indep,indep,peers,4,200,64,0.1,0.9,0.0005,True,0,60,0.1,1.0,1,,disagreement,1.0,1,0.0,0.5,weight,complete,0.0,0.0,42,0,45000,5000,10000,37006888,94,0.010000000000000002,0,33.73,0.6708000000000001,0.03109999999999996,0.6397,0.7019,0.7209,0.05009999999999992,0.6679999999999999,0.7246,0.3636,0.48514211264423723,0.37,0.4767440064491307,0.6397,0.7019,wrn28x10,0.7019,0.7016,0.2649105235891925,0.2649105235891925,0.0,resnet32,0.6397,0.6344,0.904850690075281,0.904850690075281,0.0,0.0,0.0,0.0,0.0,0.0
wrn28x10x1-resnet32x1_cifar100_K2_indep_seed0004_d001,d001,"wrn28x10:1,resnet32:1",cifar100,2,indep,indep,peers,4,200,64,0.1,0.9,0.0005,True,0,60,0.1,1.0,1,,disagreement,1.0,1,0.0,0.5,weight,complete,0.0,0.0,42,0,45000,5000,10000,37006888,95,0.010000000000000002,0,33.52,0.6613,0.029200000000000004,0.6321,0.6905,0.7089,0.047599999999999976,0.6653,0.7214,0.3526,0.5015930432718338,0.3624,0.507937802156551,0.6321,0.6905,wrn28x10,0.6905,0.6978,0.26588404071728955,0.26588404071728955,0.0,resnet32,0.6321,0.6328,0.8975263367068361,0.8975263367068361,0.0,0.0,0.0,0.0,0.0,0.0
wrn28x10x1-resnet32x1_cifar100_K2_indep_seed0004_d001,d001,"wrn28x10:1,resnet32:1",cifar100,2,indep,indep,peers,4,200,64,0.1,0.9,0.0005,True,0,60,0.1,1.0,1,,disagreement,1.0,1,0.0,0.5,weight,complete,0.0,0.0,42,0,45000,5000,10000,37006888,96,0.010000000000000002,0,33.89,0.66355,0.039449999999999985,0.6241,0.703,0.7235,0.05995000000000006,0.6573,0.713,0.3748,0.4894401390827188,0.3683,0.49095463740983286,0.6241,0.703,wrn28x10,0.703,0.6968,0.2633924083360894,0.2633924083360894,0.0,resnet32,0.6241,0.6178,0.8965123652226545,0.8965123652226545,0.0,0.0,0.0,0.0,0.0,0.0
wrn28x10x1-resnet32x1_cifar100_K2_indep_seed0004_d001,d001,"wrn28x10:1,resnet32:1",cifar100,2,indep,indep,peers,4,200,64,0.1,0.9,0.0005,True,0,60,0.1,1.0,1,,disagreement,1.0,1,0.0,0.5,weight,complete,0.0,0.0,42,0,45000,5000,10000,37006888,97,0.010000000000000002,0,33.68,0.6679999999999999,0.045999999999999985,0.622,0.714,0.7275,0.05950000000000011,0.6653,0.7258,0.3646,0.4851974621934258,0.3655,0.5015253189240801,0.622,0.714,wrn28x10,0.714,0.709,0.2547012361253358,0.2547012361253358,0.0,resnet32,0.622,0.6216,0.8974857523360036,0.8974857523360036,0.0,0.0,0.0,0.0,0.0,0.0
wrn28x10x1-resnet32x1_cifar100_K2_indep_seed0004_d001,d001,"wrn28x10:1,resnet32:1",cifar100,2,indep,indep,peers,4,200,64,0.1,0.9,0.0005,True,0,60,0.1,1.0,1,,disagreement,1.0,1,0.0,0.5,weight,complete,0.0,0.0,42,0,45000,5000,10000,37006888,98,0.010000000000000002,0,33.71,0.6416999999999999,0.026500000000000024,0.6152,0.6682,0.696,0.054300000000000015,0.6392,0.6954,0.3964,0.4590368268467224,0.3957,0.4889804243204028,0.6152,0.6682,wrn28x10,0.6682,0.6626,0.2354694603709504,0.2354694603709504,0.0,resnet32,0.6152,0.6158,0.8898735929026522,0.8898735929026522,0.0,0.0,0.0,0.0,0.0,0.0
wrn28x10x1-resnet32x1_cifar100_K2_indep_seed0004_d001,d001,"wrn28x10:1,resnet32:1",cifar100,2,indep,indep,peers,4,200,64,0.1,0.9,0.0005,True,0,60,0.1,1.0,1,,disagreement,1.0,1,0.0,0.5,weight,complete,0.0,0.0,42,0,45000,5000,10000,37006888,99,0.010000000000000002,0,33.8,0.6525000000000001,0.020799999999999985,0.6317,0.6733,0.7029,0.05039999999999989,0.6500999999999999,0.6998,0.3938,0.4663534908611932,0.389,0.4666933747647756,0.6317,0.6733,wrn28x10,0.6733,0.6768,0.24447448091285134,0.24447448091285134,0.0,resnet32,0.6317,0.6234,0.8841525991870598,0.8841525991870598,0.0,0.0,0.0,0.0,0.0,0.0
wrn28x10x1-resnet32x1_cifar100_K2_indep_seed0004_d001,d001,"wrn28x10:1,resnet32:1",cifar100,2,indep,indep,peers,4,200,64,0.1,0.9,0.0005,True,0,60,0.1,1.0,1,,disagreement,1.0,1,0.0,0.5,weight,complete,0.0,0.0,42,0,45000,5000,10000,37006888,100,0.010000000000000002,0,33.59,0.6552,0.03600000000000003,0.6192,0.6912,0.7095,0.054300000000000015,0.6516,0.7064,0.3836,0.4732233486666232,0.3807,0.48724939444358767,0.6192,0.6912,wrn28x10,0.6912,0.6816,0.2630777761276642,0.2630777761276642,0.0,resnet32,0.6192,0.6216,0.8906213706359267,0.8906213706359267,0.0,0.0,0.0,0.0,0.0,0.0
wrn28x10x1-resnet32x1_cifar100_K2_indep_seed0004_d001,d001,"wrn28x10:1,resnet32:1",cifar100,2,indep,indep,peers,4,200,64,0.1,0.9,0.0005,True,0,60,0.1,1.0,1,,disagreement,1.0,1,0.0,0.5,weight,complete,0.0,0.0,42,0,45000,5000,10000,37006888,101,0.010000000000000002,0,33.65,0.6648499999999999,0.026650000000000007,0.6382,0.6915,0.7168,0.05195000000000005,0.6677,0.7146,0.3688,0.4738100174821194,0.3709,0.48294362668673746,0.6382,0.6915,wrn28x10,0.6915,0.6894,0.24303020753855395,0.24303020753855395,0.0,resnet32,0.6382,0.646,0.8792036554183472,0.8792036554183472,0.0,0.0,0.0,0.0,0.0,0.0
wrn28x10x1-resnet32x1_cifar100_K2_indep_seed0004_d001,d001,"wrn28x10:1,resnet32:1",cifar100,2,indep,indep,peers,4,200,64,0.1,0.9,0.0005,True,0,60,0.1,1.0,1,,disagreement,1.0,1,0.0,0.5,weight,complete,0.0,0.0,42,0,45000,5000,10000,37006888,102,0.010000000000000002,0,33.75,0.66715,0.03705000000000003,0.6301,0.7042,0.7171,0.04994999999999994,0.6675,0.7224,0.366,0.47596706268382005,0.3702,0.5014224073040979,0.6301,0.7042,wrn28x10,0.7042,0.7078,0.24175122610970654,0.24175122610970654,0.0,resnet32,0.6301,0.6272,0.8750335285016759,0.8750335285016759,0.0,0.0,0.0,0.0,0.0,0.0
wrn28x10x1-resnet32x1_cifar100_K2_indep_seed0004_d001,d001,"wrn28x10:1,resnet32:1",cifar100,2,indep,indep,peers,4,200,64,0.1,0.9,0.0005,True,0,60,0.1,1.0,1,,disagreement,1.0,1,0.0,0.5,weight,complete,0.0,0.0,42,0,45000,5000,10000,37006888,103,0.010000000000000002,0,33.72,0.67135,0.04564999999999997,0.6257,0.717,0.733,0.06164999999999998,0.6663,0.7258,0.3674,0.4785990328910244,0.3763,0.46319077702036227,0.6257,0.717,wrn28x10,0.717,0.7048,0.23257259303830902,0.23257259303830902,0.0,resnet32,0.6257,0.6278,0.8710716482759877,0.8710716482759877,0.0,0.0,0.0,0.0,0.0,0.0
wrn28x10x1-resnet32x1_cifar100_K2_indep_seed0004_d001,d001,"wrn28x10:1,resnet32:1",cifar100,2,indep,indep,peers,4,200,64,0.1,0.9,0.0005,True,0,60,0.1,1.0,1,,disagreement,1.0,1,0.0,0.5,weight,complete,0.0,0.0,42,0,45000,5000,10000,37006888,104,0.010000000000000002,0,33.75,0.67025,0.046150000000000024,0.6241,0.7164,0.7267,0.05645,0.6702,0.7292,0.3694,0.49147312334750737,0.3698,0.48962350731040793,0.6241,0.7164,wrn28x10,0.7164,0.7186,0.22957473822911692,0.22957473822911692,0.0,resnet32,0.6241,0.6218,0.870872908864509,0.870872908864509,0.0,0.0,0.0,0.0,0.0,0.0
wrn28x10x1-resnet32x1_cifar100_K2_indep_seed0004_d001,d001,"wrn28x10:1,resnet32:1",cifar100,2,indep,indep,peers,4,200,64,0.1,0.9,0.0005,True,0,60,0.1,1.0,1,,disagreement,1.0,1,0.0,0.5,weight,complete,0.0,0.0,42,0,45000,5000,10000,37006888,105,0.010000000000000002,0,33.7,0.6698500000000001,0.03655000000000003,0.6333,0.7064,0.7242,0.0543499999999999,0.6707000000000001,0.7274,0.3642,0.49590855028751035,0.3674,0.4950097059436416,0.6333,0.7064,wrn28x10,0.7064,0.7104,0.22797325910704042,0.22797325910704042,0.0,resnet32,0.6333,0.631,0.8691265857355162,0.8691265857355162,0.0,0.0,0.0,0.0,0.0,0.0
wrn28x10x1-resnet32x1_cifar100_K2_indep_seed0004_d001,d001,"wrn28x10:1,resnet32:1",cifar100,2,indep,indep,peers,4,200,64,0.1,0.9,0.0005,True,0,60,0.1,1.0,1,,disagreement,1.0,1,0.0,0.5,weight,complete,0.0,0.0,42,0,45000,5000,10000,37006888,106,0.010000000000000002,0,33.66,0.67405,0.03865000000000002,0.6354,0.7127,0.7318,0.05774999999999997,0.6722,0.7288,0.361,0.48860993853919954,0.3619,0.49518640270409536,0.6354,0.7127,wrn28x10,0.7127,0.7116,0.23748090440957723,0.23748090440957723,0.0,resnet32,0.6354,0.6328,0.864136713387614,0.864136713387614,0.0,0.0,0.0,0.0,0.0,0.0
wrn28x10x1-resnet32x1_cifar100_K2_indep_seed0004_d001,d001,"wrn28x10:1,resnet32:1",cifar100,2,indep,indep,peers,4,200,64,0.1,0.9,0.0005,True,0,60,0.1,1.0,1,,disagreement,1.0,1,0.0,0.5,weight,complete,0.0,0.0,42,0,45000,5000,10000,37006888,107,0.010000000000000002,0,33.59,0.66035,0.03144999999999998,0.6289,0.6918,0.7132,0.05284999999999995,0.6617,0.7222,0.3814,0.4600431586644858,0.3775,0.4874100218617259,0.6289,0.6918,wrn28x10,0.6918,0.6994,0.22384075361663813,0.22384075361663813,0.0,resnet32,0.6289,0.624,0.8683531716550615,0.8683531716550615,0.0,0.0,0.0,0.0,0.0,0.0
wrn28x10x1-resnet32x1_cifar100_K2_indep_seed0004_d001,d001,"wrn28x10:1,resnet32:1",cifar100,2,indep,indep,peers,4,200,64,0.1,0.9,0.0005,True,0,60,0.1,1.0,1,,disagreement,1.0,1,0.0,0.5,weight,complete,0.0,0.0,42,0,45000,5000,10000,37006888,108,0.010000000000000002,0,33.64,0.6437,0.014100000000000001,0.6296,0.6578,0.6948,0.05109999999999992,0.6375,0.69,0.4084,0.4752934687373536,0.4057,0.47595662843289166,0.6296,0.6578,wrn28x10,0.6578,0.6544,0.2325601786089299,0.2325601786089299,0.0,resnet32,0.6296,0.6206,0.8640316738323732,0.8640316738323732,0.0,0.0,0.0,0.0,0.0,0.0
wrn28x10x1-resnet32x1_cifar100_K2_indep_seed0004_d001,d001,"wrn28x10:1,resnet32:1",cifar100,2,indep,indep,peers,4,200,64,0.1,0.9,0.0005,True,0,60,0.1,1.0,1,,disagreement,1.0,1,0.0,0.5,weight,complete,0.0,0.0,42,0,45000,5000,10000,37006888,109,0.010000000000000002,0,33.85,0.66415,0.03125,0.6329,0.6954,0.721,0.056849999999999956,0.6568,0.709,0.3768,0.4939078663899862,0.3797,0.47593225273611695,0.6329,0.6954,wrn28x10,0.6954,0.6876,0.2319532576630908,0.2319532576630908,0.0,resnet32,0.6329,0.626,0.8608527418056672,0.8608527418056672,0.0,0.0,0.0,0.0,0.0,0.0
wrn28x10x1-resnet32x1_cifar100_K2_indep_seed0004_d001,d001,"wrn28x10:1,resnet32:1",cifar100,2,indep,indep,peers,4,200,64,0.1,0.9,0.0005,True,0,60,0.1,1.0,1,,disagreement,1.0,1,0.0,0.5,weight,complete,0.0,0.0,42,0,45000,5000,10000,37006888,110,0.010000000000000002,0,33.67,0.6648499999999999,0.031149999999999956,0.6337,0.696,0.7168,0.05195000000000005,0.6654,0.7126,0.371,0.48676913673963207,0.3769,0.47399398885050864,0.6337,0.696,wrn28x10,0.696,0.6942,0.21964028500951827,0.21964028500951827,0.0,resnet32,0.6337,0.6366,0.8556275111623108,0.8556275111623108,0.0,0.0,0.0,0.0,0.0,0.0
wrn28x10x1-resnet32x1_cifar100_K2_indep_seed0004_d001,d001,"wrn28x10:1,resnet32:1",cifar100,2,indep,indep,peers,4,200,64,0.1,0.9,0.0005,True,0,60,0.1,1.0,1,,disagreement,1.0,1,0.0,0.5,weight,complete,0.0,0.0,42,0,45000,5000,10000,37006888,111,0.010000000000000002,0,33.8,0.6668000000000001,0.03970000000000001,0.6271,0.7065,0.7228,0.05599999999999994,0.6666,0.721,0.3746,0.4731155294735923,0.3809,0.47662151895933824,0.6271,0.7065,wrn28x10,0.7065,0.7078,0.22447754835328934,0.22447754835328934,0.0,resnet32,0.6271,0.6254,0.8554413802921772,0.8554413802921772,0.0,0.0,0.0,0.0,0.0,0.0
wrn28x10x1-resnet32x1_cifar100_K2_indep_seed0004_d001,d001,"wrn28x10:1,resnet32:1",cifar100,2,indep,indep,peers,4,200,64,0.1,0.9,0.0005,True,0,60,0.1,1.0,1,,disagreement,1.0,1,0.0,0.5,weight,complete,0.0,0.0,42,0,45000,5000,10000,37006888,112,0.010000000000000002,0,33.8,0.6686000000000001,0.03889999999999999,0.6297,0.7075,0.7286,0.05999999999999994,0.6577,0.7184,0.376,0.4772725950891346,0.3842,0.4556264174428246,0.6297,0.7075,wrn28x10,0.7075,0.6934,0.2338572282195938,0.2338572282195938,0.0,resnet32,0.6297,0.622,0.857917140534317,0.857917140534317,0.0,0.0,0.0,0.0,0.0,0.0
wrn28x10x1-resnet32x1_cifar100_K2_indep_seed0004_d001,d001,"wrn28x10:1,resnet32:1",cifar100,2,indep,indep,peers,4,200,64,0.1,0.9,0.0005,True,0,60,0.1,1.0,1,,disagreement,1.0,1,0.0,0.5,weight,complete,0.0,0.0,42,0,45000,5000,10000,37006888,113,0.010000000000000002,0,33.73,0.6577999999999999,0.03540000000000004,0.6224,0.6932,0.7148,0.05700000000000005,0.6617999999999999,0.7132,0.3818,0.48163542332345216,0.3898,0.4783904157182567,0.6224,0.6932,wrn28x10,0.6932,0.6952,0.22552164185749876,0.22552164185749876,0.0,resnet32,0.6224,0.6284,0.8489269942722537,0.8489269942722537,0.0,0.0,0.0,0.0,0.0,0.0
wrn28x10x1-resnet32x1_cifar100_K2_indep_seed0004_d001,d001,"wrn28x10:1,resnet32:1",cifar100,2,indep,indep,peers,4,200,64,0.1,0.9,0.0005,True,0,60,0.1,1.0,1,,disagreement,1.0,1,0.0,0.5,weight,complete,0.0,0.0,42,0,45000,5000,10000,37006888,114,0.010000000000000002,0,33.82,0.667,0.028400000000000036,0.6386,0.6954,0.7218,0.05479999999999996,0.6617999999999999,0.7174,0.371,0.4956210137528099,0.3739,0.4713571259605178,0.6386,0.6954,wrn28x10,0.6954,0.6924,0.2222223817370832,0.2222223817370832,0.0,resnet32,0.6386,0.6312,0.8475872649049218,0.8475872649049218,0.0,0.0,0.0,0.0,0.0,0.0
wrn28x10x1-resnet32x1_cifar100_K2_indep_seed0004_d001,d001,"wrn28x10:1,resnet32:1",cifar100,2,indep,indep,peers,4,200,64,0.1,0.9,0.0005,True,0,60,0.1,1.0,1,,disagreement,1.0,1,0.0,0.5,weight,complete,0.0,0.0,42,0,45000,5000,10000,37006888,115,0.010000000000000002,0,33.84,0.6533,0.03490000000000004,0.6184,0.6882,0.7166,0.06330000000000002,0.6479,0.711,0.4028,0.45383190579402843,0.3931,0.46224317967092027,0.6184,0.6882,wrn28x10,0.6882,0.6942,0.21486104945440523,0.21486104945440523,0.0,resnet32,0.6184,0.6016,0.8521122283894907,0.8521122283894907,0.0,0.0,0.0,0.0,0.0,0.0
wrn28x10x1-resnet32x1_cifar100_K2_indep_seed0004_d001,d001,"wrn28x10:1,resnet32:1",cifar100,2,indep,indep,peers,4,200,64,0.1,0.9,0.0005,True,0,60,0.1,1.0,1,,disagreement,1.0,1,0.0,0.5,weight,complete,0.0,0.0,42,0,45000,5000,10000,37006888,116,0.010000000000000002,0,33.69,0.6618999999999999,0.035999999999999976,0.6259,0.6979,0.7195,0.057600000000000096,0.659,0.7192,0.3842,0.46742387843566924,0.3817,0.47700574852495503,0.6259,0.6979,wrn28x10,0.6979,0.6974,0.22519099901811304,0.22519099901811304,0.0,resnet32,0.6259,0.6206,0.8508265992118553,0.8508265992118553,0.0,0.0,0.0,0.0,0.0,0.0
wrn28x10x1-resnet32x1_cifar100_K2_indep_seed0004_d001,d001,"wrn28x10:1,resnet32:1",cifar100,2,indep,indep,peers,4,200,64,0.1,0.9,0.0005,True,0,60,0.1,1.0,1,,disagreement,1.0,1,0.0,0.5,weight,complete,0.0,0.0,42,0,45000,5000,10000,37006888,117,0.010000000000000002,0,33.71,0.6678,0.03760000000000002,0.6302,0.7054,0.7263,0.058499999999999996,0.6617999999999999,0.7142,0.371,0.48182538910071654,0.368,0.4873809720760908,0.6302,0.7054,wrn28x10,0.7054,0.6974,0.22062339088138702,0.22062339088138702,0.0,resnet32,0.6302,0.6262,0.8541771332225339,0.8541771332225339,0.0,0.0,0.0,0.0,0.0,0.0
wrn28x10x1-resnet32x1_cifar100_K2_indep_seed0004_d001,d001,"wrn28x10:1,resnet32:1",cifar100,2,indep,indep,peers,4,200,64,0.1,0.9,0.0005,True,0,60,0.1,1.0,1,,disagreement,1.0,1,0.0,0.5,weight,complete,0.0,0.0,42,0,45000,5000,10000,37006888,118,0.010000000000000002,0,33.73,0.6752,0.03720000000000001,0.638,0.7124,0.7272,0.051999999999999935,0.661,0.72,0.3696,0.47423332064389373,0.3527,0.5097610666218313,0.638,0.7124,wrn28x10,0.7124,0.7014,0.22066162966339933,0.22066162966339933,0.0,resnet32,0.638,0.6206,0.8385185159912164,0.8385185159912164,0.0,0.0,0.0,0.0,0.0,0.0
wrn28x10x1-resnet32x1_cifar100_K2_indep_seed0004_d001,d001,"wrn28x10:1,resnet32:1",cifar100,2,indep,indep,peers,4,200,64,0.1,0.9,0.0005,True,0,60,0.1,1.0,1,,disagreement,1.0,1,0.0,0.5,weight,complete,0.0,0.0,42,0,45000,5000,10000,37006888,119,0.010000000000000002,0,33.74,0.6717500000000001,0.03484999999999999,0.6369,0.7066,0.7273,0.05554999999999988,0.6689,0.7276,0.3644,0.49243445215598874,0.3674,0.4940000540451105,0.6369,0.7066,wrn28x10,0.7066,0.7048,0.19811896093994041,0.19811896093994041,0.0,resnet32,0.6369,0.633,0.8431160221384331,0.8431160221384331,0.0,0.0,0.0,0.0,0.0,0.0
wrn28x10x1-resnet32x1_cifar100_K2_indep_seed0004_d001,d001,"wrn28x10:1,resnet32:1",cifar100,2,indep,indep,peers,4,200,64,0.1,0.9,0.0005,True,0,60,0.1,1.0,1,,disagreement,1.0,1,0.0,0.5,weight,complete,0.0,0.0,42,0,45000,5000,10000,37006888,120,0.0010000000000000002,0,33.74,0.7343500000000001,0.039049999999999974,0.6953,0.7734,0.7842,0.04984999999999995,0.729,0.7794,0.2876,0.519521292639582,0.2844,0.5311957593752851,0.6953,0.7734,wrn28x10,0.7734,0.769,0.08527994479994629,0.08527994479994629,0.0,resnet32,0.6953,0.689,0.6319443702867086,0.6319443702867086,0.0,0.0,0.0,0.0,0.0,0.0
wrn28x10x1-resnet32x1_cifar100_K2_indep_seed0004_d001,d001,"wrn28x10:1,resnet32:1",cifar100,2,indep,indep,peers,4,200,64,0.1,0.9,0.0005,True,0,60,0.1,1.0,1,,disagreement,1.0,1,0.0,0.5,weight,complete,0.0,0.0,42,0,45000,5000,10000,37006888,121,0.0010000000000000002,0,33.73,0.73885,0.03974999999999995,0.6991,0.7786,0.7865,0.04764999999999997,0.7372000000000001,0.7856,0.2808,0.5156460959752516,0.278,0.5350142356287794,0.6991,0.7786,wrn28x10,0.7786,0.7802,0.050556112531921826,0.050556112531921826,0.0,resnet32,0.6991,0.6942,0.5668485387736424,0.5668485387736424,0.0,0.0,0.0,0.0,0.0,0.0
wrn28x10x1-resnet32x1_cifar100_K2_indep_seed0004_d001,d001,"wrn28x10:1,resnet32:1",cifar100,2,indep,indep,peers,4,200,64,0.1,0.9,0.0005,True,0,60,0.1,1.0,1,,disagreement,1.0,1,0.0,0.5,weight,complete,0.0,0.0,42,0,45000,5000,10000,37006888,122,0.0010000000000000002,0,33.8,0.7404999999999999,0.04019999999999996,0.7003,0.7807,0.788,0.0475000000000001,0.7352,0.7846,0.2786,0.5208562967945486,0.2757,0.5316298664333843,0.7003,0.7807,wrn28x10,0.7807,0.7766,0.0386160549731523,0.0386160549731523,0.0,resnet32,0.7003,0.6938,0.5387538616037504,0.5387538616037504,0.0,0.0,0.0,0.0,0.0,0.0
wrn28x10x1-resnet32x1_cifar100_K2_indep_seed0004_d001,d001,"wrn28x10:1,resnet32:1",cifar100,2,indep,indep,peers,4,200,64,0.1,0.9,0.0005,True,0,60,0.1,1.0,1,,disagreement,1.0,1,0.0,0.5,weight,complete,0.0,0.0,42,0,45000,5000,10000,37006888,123,0.0010000000000000002,0,33.53,0.7403,0.042300000000000004,0.698,0.7826,0.7908,0.05049999999999999,0.735,0.7864,0.2742,0.5351020173462976,0.2787,0.526169304474429,0.698,0.7826,wrn28x10,0.7826,0.777,0.032640550217448355,0.032640550217448355,0.0,resnet32,0.698,0.693,0.5199149333533238,0.5199149333533238,0.0,0.0,0.0,0.0,0.0,0.0
wrn28x10x1-resnet32x1_cifar100_K2_indep_seed0004_d001,d001,"wrn28x10:1,resnet32:1",cifar100,2,indep,indep,peers,4,200,64,0.1,0.9,0.0005,True,0,60,0.1,1.0,1,,disagreement,1.0,1,0.0,0.5,weight,complete,0.0,0.0,42,0,45000,5000,10000,37006888,124,0.0010000000000000002,0,33.71,0.7436,0.041200000000000014,0.7024,0.7848,0.7902,0.046599999999999975,0.734,0.7838,0.2812,0.5297404606866828,0.2777,0.5282621856358273,0.7024,0.7848,wrn28x10,0.7848,0.777,0.03010999019368848,0.03010999019368848,0.0,resnet32,0.7024,0.691,0.5073106770234351,0.5073106770234351,0.0,0.0,0.0,0.0,0.0,0.0
wrn28x10x1-resnet32x1_cifar100_K2_indep_seed0004_d001,d001,"wrn28x10:1,resnet32:1",cifar100,2,indep,indep,peers,4,200,64,0.1,0.9,0.0005,True,0,60,0.1,1.0,1,,disagreement,1.0,1,0.0,0.5,weight,complete,0.0,0.0,42,0,45000,5000,10000,37006888,125,0.0010000000000000002,0,33.93,0.7455,0.04250000000000004,0.703,0.788,0.7932,0.047699999999999965,0.7378,0.7864,0.2744,0.5383361468701305,0.2759,0.5276039059368008,0.703,0.788,wrn28x10,0.788,0.7786,0.02830446465271631,0.02830446465271631,0.0,resnet32,0.703,0.697,0.4971956525378945,0.4971956525378945,0.0,0.0,0.0,0.0,0.0,0.0
wrn28x10x1-resnet32x1_cifar100_K2_indep_seed0004_d001,d001,"wrn28x10:1,resnet32:1",cifar100,2,indep,indep,peers,4,200,64,0.1,0.9,0.0005,True,0,60,0.1,1.0,1,,disagreement,1.0,1,0.0,0.5,weight,complete,0.0,0.0,42,0,45000,5000,10000,37006888,126,0.0010000000000000002,0,33.65,0.743,0.04290000000000005,0.7001,0.7859,0.7904,0.0474,0.7366999999999999,0.7846,0.2792,0.518548602419631,0.2804,0.5261363642741611,0.7001,0.7859,wrn28x10,0.7859,0.7806,0.026561656398619314,0.026561656398619314,0.0,resnet32,0.7001,0.6928,0.48818738100288267,0.48818738100288267,0.0,0.0,0.0,0.0,0.0,0.0
wrn28x10x1-resnet32x1_cifar100_K2_indep_seed0004_d001,d001,"wrn28x10:1,resnet32:1",cifar100,2,indep,indep,peers,4,200,64,0.1,0.9,0.0005,True,0,60,0.1,1.0,1,,disagreement,1.0,1,0.0,0.5,weight,complete,0.0,0.0,42,0,45000,5000,10000,37006888,127,0.0010000000000000002,0,33.85,0.74485,0.04225000000000001,0.7026,0.7871,0.7925,0.04764999999999997,0.7376,0.7826,0.2756,0.5398178584940547,0.2754,0.5311132306476516,0.7026,0.7871,wrn28x10,0.7871,0.7812,0.024242034545088907,0.024242034545088907,0.0,resnet32,0.7026,0.694,0.47742046913216735,0.47742046913216735,0.0,0.0,0.0,0.0,0.0,0.0
wrn28x10x1-resnet32x1_cifar100_K2_indep_seed0004_d001,d001,"wrn28x10:1,resnet32:1",cifar100,2,indep,indep,peers,4,200,64,0.1,0.9,0.0005,True,0,60,0.1,1.0,1,,disagreement,1.0,1,0.0,0.5,weight,complete,0.0,0.0,42,0,45000,5000,10000,37006888,128,0.0010000000000000002,0,33.67,0.7475,0.04199999999999998,0.7055,0.7895,0.7927,0.04519999999999991,0.7401,0.7888,0.2774,0.5218957867361161,0.2767,0.517746035522964,0.7055,0.7895,wrn28x10,0.7895,0.7814,0.02268831416586181,0.02268831416586181,0.0,resnet32,0.7055,0.6988,0.4689565713686699,0.4689565713686699,0.0,0.0,0.0,0.0,0.0,0.0
wrn28x10x1-resnet32x1_cifar100_K2_indep_seed0004_d001,d001,"wrn28x10:1,resnet32:1",cifar100,2,indep,indep,peers,4,200,64,0.1,0.9,0.0005,True,0,60,0.1,1.0,1,,disagreement,1.0,1,0.0,0.5,weight,complete,0.0,0.0,42,0,45000,5000,10000,37006888,129,0.0010000000000000002,0,33.7,0.746,0.041100000000000025,0.7049,0.7871,0.7906,0.04459999999999997,0.7399,0.7858,0.2762,0.5285576806021766,0.2732,0.5311818456194751,0.7049,0.7871,wrn28x10,0.7871,0.78,0.022417498396614312,0.022417498396614312,0.0,resnet32,0.7049,0.6998,0.46731662917458877,0.46731662917458877,0.0,0.0,0.0,0.0,0.0,0.0
wrn28x10x1-resnet32x1_cifar100_K2_indep_seed0004_d001,d001,"wrn28x10:1,resnet32:1",cifar100,2,indep,indep,peers,4,200,64,0.1,0.9,0.0005,True,0,60,0.1,1.0,1,,disagreement,1.0,1,0.0,0.5,weight,complete,0.0,0.0,42,0,45000,5000,10000,37006888,130,0.0010000000000000002,0,33.82,0.7448999999999999,0.041800000000000004,0.7031,0.7867,0.79,0.04510000000000014,0.7409,0.7842,0.2722,0.5356815063508459,0.2728,0.5389564403553387,0.7031,0.7867,wrn28x10,0.7867,0.7808,0.020399666877479336,0.020399666877479336,0.0,resnet32,0.7031,0.701,0.45157386356202717,0.45157386356202717,0.0,0.0,0.0,0.0,0.0,0.0
wrn28x10x1-resnet32x1_cifar100_K2_indep_seed0004_d001,d001,"wrn28x10:1,resnet32:1",cifar100,2,indep,indep,peers,4,200,64,0.1,0.9,0.0005,True,0,60,0.1,1.0,1,,disagreement,1.0,1,0.0,0.5,weight,complete,0.0,0.0,42,0,45000,5000,10000,37006888,131,0.0010000000000000002,0,33.62,0.74515,0.04185,0.7033,0.787,0.7921,0.04695000000000005,0.7419,0.787,0.2738,0.5310356555436805,0.2775,0.5261403965754444,0.7033,0.787,wrn28x10,0.787,0.7814,0.020697846295661293,0.020697846295661293,0.0,resnet32,0.7033,0.7024,0.4483183740257201,0.4483183740257201,0.0,0.0,0.0,0.0,0.0,0.0
wrn28x10x1-resnet32x1_cifar100_K2_indep_seed0004_d001,d001,"wrn28x10:1,resnet32:1",cifar100,2,indep,indep,peers,4,200,64,0.1,0.9,0.0005,True,0,60,0.1,1.0,1,,disagreement,1.0,1,0.0,0.5,weight,complete,0.0,0.0,42,0,45000,5000,10000,37006888,132,0.0010000000000000002,0,33.94,0.746,0.04379999999999995,0.7022,0.7898,0.7967,0.05069999999999997,0.7404,0.7866,0.2736,0.5380744659370156,0.2753,0.5259799734080974,0.7022,0.7898,wrn28x10,0.7898,0.7806,0.019283312764442104,0.019283312764442104,0.0,resnet32,0.7022,0.7002,0.4454524593258446,0.4454524593258446,0.0,0.0,0.0,0.0,0.0,0.0
wrn28x10x1-resnet32x1_cifar100_K2_indep_seed0004_d001,d001,"wrn28x10:1,resnet32:1",cifar100,2,indep,indep,peers,4,200,64,0.1,0.9,0.0005,True,0,60,0.1,1.0,1,,disagreement,1.0,1,0.0,0.5,weight,complete,0.0,0.0,42,0,45000,5000,10000,37006888,133,0.0010000000000000002,0,33.81,0.7464,0.04119999999999996,0.7052,0.7876,0.7924,0.04600000000000004,0.7418,0.7858,0.2722,0.5385840317523591,0.2746,0.5281019788352851,0.7052,0.7876,wrn28x10,0.7876,0.782,0.019213505829446312,0.019213505829446312,0.0,resnet32,0.7052,0.7016,0.44147440215403383,0.44147440215403383,0.0,0.0,0.0,0.0,0.0,0.0
