run_id,run_tag,cohort,dataset,K,arm,arm_label,target,seed,epochs,batch_size,base_lr,momentum,weight_decay,nesterov,graph_seed,lr_step,lr_gamma,kd_T,k_matchings,k_anneal,match_weight,kappa,rematch_every_epochs,recency_lambda,recency_gamma,peel_weighting,graph,label_noise_rate,actual_noise_rate,noise_seed,split_seed,n_train,n_valid,n_test,cohort_params,zombie_slot,epoch,lr,k_current,epoch_seconds,avg_test_acc,std_test_acc,min_test_acc,max_test_acc,ensemble_test_acc,ens_minus_avg_test,avg_val_acc,ensemble_val_acc,disagreement_val,rho_val,disagreement_test,rho_test,avg_test_acc_resnet32,avg_test_acc_zombie,avg_test_acc_healthy,avg_val_acc_healthy,disagreement_test_healthy,rho_test_healthy,disagreement_val_healthy,rho_val_healthy,model_00_arch,model_00_test_acc,model_00_val_acc,model_00_train_loss,model_00_ce_loss,model_00_kd_loss,model_01_arch,model_01_test_acc,model_01_val_acc,model_01_train_loss,model_01_ce_loss,model_01_kd_loss,model_02_arch,model_02_test_acc,model_02_val_acc,model_02_train_loss,model_02_ce_loss,model_02_kd_loss,model_03_arch,model_03_test_acc,model_03_val_acc,model_03_train_loss,model_03_ce_loss,model_03_kd_loss,model_04_arch,model_04_test_acc,model_04_val_acc,model_04_train_loss,model_04_ce_loss,model_04_kd_loss,model_05_arch,model_05_test_acc,model_05_val_acc,model_05_train_loss,model_05_ce_loss,model_05_kd_loss,model_06_arch,model_06_test_acc,model_06_val_acc,model_06_train_loss,model_06_ce_loss,model_06_kd_loss,model_07_arch,model_07_test_acc,model_07_val_acc,model_07_train_loss,model_07_ce_loss,model_07_kd_loss,model_08_arch,model_08_test_acc,model_08_val_acc,model_08_train_loss,model_08_ce_loss,model_08_kd_loss,model_09_arch,model_09_test_acc,model_09_val_acc,model_09_train_loss,model_09_ce_loss,model_09_kd_loss,model_10_arch,model_10_test_acc,model_10_val_acc,model_10_train_loss,model_10_ce_loss,model_10_kd_loss,model_11_arch,model_11_test_acc,model_11_val_acc,model_11_train_loss,model_11_ce_loss,model_11_kd_loss,comm_logit_floats_epoch,comm_matcher_ints_epoch,comm_bytes_epoch,comm_bytes_cum,comm_bytes_cum_cohort
resnet32x12_cifar100_K12_topo-rregular3-zomb0_seed0003_d015,d015,resnet32:12,cifar100,12,topology,topo-rregular3-zomb0,peers,3,200,64,0.1,0.9,0.0005,True,3,60,0.1,1.0,1,,disagreement,1.0,1,0.0,0.5,weight,rregular:3,0.0,0.0,42,0,45000,5000,10000,5170044,0,0,0.1,3,170.96,0.027866666666666665,0.01544130463687861,0.01,0.0584,0.057,0.029133333333333337,0.030233333333333334,0.0608,0.8577969696969696,0.20200059463584644,0.8576833333333334,0.18616917794685683,0.029490909090909092,0.01,0.029490909090909092,0.03192727272727272,0.8292981818181816,0.22603130828551107,0.8294763636363637,0.24519782462601872,zombie,0.01,0.0116,0.0,0.0,0.0,resnet32,0.0364,0.0398,4.649964560839263,4.5577641373330895,0.09220042282554046,resnet32,0.0456,0.0516,4.6349224184047095,4.530311886559833,0.1046105283696141,resnet32,0.0128,0.0126,4.649756673384797,4.596521538089622,0.053235124237703116,resnet32,0.035,0.0382,4.64016694304618,4.527386626736685,0.11278030697378033,resnet32,0.0389,0.0406,4.646003131839362,4.562074721536853,0.08392841226635607,resnet32,0.0324,0.039,4.676871612668037,4.542900921946222,0.13397069954953622,resnet32,0.01,0.011,4.724889713254842,4.650501164523038,0.07438854420615826,resnet32,0.01,0.011,4.703209790993821,4.633683579211885,0.06952619985432565,resnet32,0.0152,0.0146,4.653957331045107,4.587591254575686,0.06636608240627208,resnet32,0.0584,0.0626,4.562486982481047,4.427194810049101,0.13529217317210912,resnet32,0.0297,0.0302,4.654876607385549,4.589383667842909,0.06549294152699242,13500000.0,0.0,54000000.0,54000000.0,648000000.0
resnet32x12_cifar100_K12_topo-rregular3-zomb0_seed0003_d015,d015,resnet32:12,cifar100,12,topology,topo-rregular3-zomb0,peers,3,200,64,0.1,0.9,0.0005,True,3,60,0.1,1.0,1,,disagreement,1.0,1,0.0,0.5,weight,rregular:3,0.0,0.0,42,0,45000,5000,10000,5170044,0,1,0.1,3,168.88,0.07851666666666667,0.04134349673433806,0.01,0.1303,0.1181,0.03958333333333333,0.07605000000000002,0.1094,0.7498939393939396,0.29960655455100155,0.7516484848484848,0.30494172152852267,0.08474545454545455,0.01,0.08474545454545455,0.08190909090909092,0.7041018181818182,0.35860771120210083,0.7019418181818182,0.3561147962443048,zombie,0.01,0.0116,0.0,0.0,0.0,resnet32,0.1124,0.1042,4.137578100643375,4.046059121462432,0.09151897560910914,resnet32,0.1303,0.1302,4.136640836569396,3.95443632081151,0.18220450402110477,resnet32,0.0768,0.0738,4.408918201246045,4.265502503311092,0.1434157016073269,resnet32,0.1057,0.103,4.067576381631873,3.981566571715203,0.08600981419228694,resnet32,0.0995,0.0954,4.106345749036833,4.024929611181671,0.08141613852719522,resnet32,0.1009,0.1036,4.232035633176565,4.0556829690255904,0.17635266136759045,resnet32,0.01,0.0106,4.7412357858636165,4.609444632448933,0.1317911516843279,resnet32,0.01,0.0106,4.722186144780029,4.609418594701723,0.11276755075563084,resnet32,0.0916,0.0914,4.2031315575269135,4.117992186072198,0.08513936736959625,resnet32,0.1009,0.0916,3.9903672456064005,3.9094743471254003,0.08089289761317725,resnet32,0.0941,0.0866,4.196748669513247,4.117218427360058,0.07953023237430236,13500000.0,0.0,54000000.0,108000000.0,1296000000.0
resnet32x12_cifar100_K12_topo-rregular3-zomb0_seed0003_d015,d015,resnet32:12,cifar100,12,topology,topo-rregular3-zomb0,peers,3,200,64,0.1,0.9,0.0005,True,3,60,0.1,1.0,1,,disagreement,1.0,1,0.0,0.5,weight,rregular:3,0.0,0.0,42,0,45000,5000,10000,5170044,0,2,0.1,3,169.05,0.12317500000000002,0.061232169173292134,0.01,0.182,0.1794,0.05622499999999998,0.11705,0.169,0.7432242424242425,0.3415373729297258,0.7422924242424241,0.3577798503887176,0.13346363636363637,0.01,0.13346363636363637,0.12663636363636363,0.6915800000000001,0.4248438567241123,0.6925745454545454,0.41055155832132273,zombie,0.01,0.0116,0.0,0.0,0.0,resnet32,0.1505,0.1446,3.6668810102749956,3.557321195575324,0.10955981802279977,resnet32,0.182,0.17,3.796043684198098,3.5128668031909247,0.28317687660455704,resnet32,0.1379,0.1352,3.9744476306844843,3.689486887305975,0.28496073887006124,resnet32,0.1479,0.1398,3.6135323352434416,3.5085765326564964,0.10495580077721653,resnet32,0.1409,0.1344,3.634688153185628,3.5253013524819505,0.10938679977235469,resnet32,0.1593,0.1508,3.9063898236914114,3.6189745779741895,0.2874152423305945,resnet32,0.0372,0.033,4.782322498885068,4.54883451488885,0.2334879882930016,resnet32,0.0123,0.0132,4.830684271725741,4.6096339591524815,0.2210503142454069,resnet32,0.1564,0.1534,3.6478269516744395,3.5386767140166326,0.109150238906626,resnet32,0.1708,0.1588,3.5971022830768065,3.484949526461688,0.11215275473130698,resnet32,0.1729,0.1598,3.658480828797275,3.5518989976156843,0.10658183063126424,13500000.0,0.0,54000000.0,162000000.0,1944000000.0
resnet32x12_cifar100_K12_topo-rregular3-zomb0_seed0003_d015,d015,resnet32:12,cifar100,12,topology,topo-rregular3-zomb0,peers,3,200,64,0.1,0.9,0.0005,True,3,60,0.1,1.0,1,,disagreement,1.0,1,0.0,0.5,weight,rregular:3,0.0,0.0,42,0,45000,5000,10000,5170044,0,3,0.1,3,168.69,0.17424166666666666,0.06742261562133452,0.01,0.2382,0.2309,0.05665833333333334,0.17308333333333328,0.2286,0.6986666666666663,0.4242560319983317,0.6986939393939391,0.43747529550491376,0.18917272727272724,0.01,0.18917272727272724,0.18776363636363635,0.6397945454545454,0.516295888935307,0.6398363636363636,0.5003426962338936,zombie,0.01,0.0116,0.0,0.0,0.0,resnet32,0.1991,0.191,3.2834048484536735,3.136021549051458,0.14738329908471892,resnet32,0.2145,0.2084,3.408067346296527,3.1407762291756542,0.2672911199783398,resnet32,0.1956,0.1928,3.6277196959338407,3.2299138111147014,0.39780587995086203,resnet32,0.2266,0.2324,3.248180602423169,3.1083906191316517,0.13978998247661034,resnet32,0.1865,0.184,3.254077735610984,3.111431463536891,0.14264626872979783,resnet32,0.2382,0.2338,3.572559302842075,3.236528445373882,0.3360308547800576,resnet32,0.1042,0.1024,4.317169089886275,3.9758354676040737,0.34133362300185993,resnet32,0.0847,0.085,4.680844617160884,4.32983372495933,0.35101089330220764,resnet32,0.2236,0.2246,3.2192468439990822,3.068104260347106,0.15114258400122213,resnet32,0.2236,0.2284,3.2786731110377745,3.1359175220131874,0.1427555884425105,resnet32,0.1843,0.1826,3.279377070340243,3.132896292277358,0.1464807795551182,13500000.0,0.0,54000000.0,216000000.0,2592000000.0
resnet32x12_cifar100_K12_topo-rregular3-zomb0_seed0003_d015,d015,resnet32:12,cifar100,12,topology,topo-rregular3-zomb0,peers,3,200,64,0.1,0.9,0.0005,True,3,60,0.1,1.0,1,,disagreement,1.0,1,0.0,0.5,weight,rregular:3,0.0,0.0,42,0,45000,5000,10000,5170044,0,4,0.1,3,168.84,0.22580833333333336,0.07664223659677187,0.01,0.2889,0.296,0.07019166666666662,0.2237,0.2884,0.6456454545454545,0.47330246855864433,0.6474712121212121,0.4774732657432544,0.24542727272727277,0.01,0.24542727272727277,0.2429818181818182,0.5806745454545454,0.5569658040919686,0.5788618181818183,0.5534057563780957,zombie,0.01,0.0116,0.0,0.0,0.0,resnet32,0.2788,0.276,3.010144231332974,2.8419652648947458,0.1681789644909176,resnet32,0.2889,0.2834,3.0967410657216203,2.858757235109806,0.2379838281776756,resnet32,0.1968,0.1998,3.3786645812744442,2.906658560037613,0.4720060230571438,resnet32,0.2507,0.2416,2.9802546348761427,2.810506248677319,0.1697483823677017,resnet32,0.2716,0.266,2.9833474064415153,2.816848330877044,0.16649907812560824,resnet32,0.2469,0.2426,3.1899755072187292,2.9237115684558046,0.266263941726224,resnet32,0.1943,0.193,3.8114450313150883,3.4079055924984543,0.4035394365306605,resnet32,0.1534,0.153,4.015734825621951,3.6144838014786895,0.4012510252862491,resnet32,0.2751,0.2742,2.941083827817982,2.7597627260468225,0.18132110168649393,resnet32,0.2601,0.2622,3.0139939591965894,2.8490562977438625,0.1649376641408625,resnet32,0.2831,0.281,3.0015700215643104,2.8219613598828968,0.17960866146974944,13500000.0,0.0,54000000.0,270000000.0,3240000000.0
resnet32x12_cifar100_K12_topo-rregular3-zomb0_seed0003_d015,d015,resnet32:12,cifar100,12,topology,topo-rregular3-zomb0,peers,3,200,64,0.1,0.9,0.0005,True,3,60,0.1,1.0,1,,disagreement,1.0,1,0.0,0.5,weight,rregular:3,0.0,0.0,42,0,45000,5000,10000,5170044,0,5,0.1,3,168.75,0.2665833333333333,0.08517876137212192,0.01,0.3301,0.3379,0.0713166666666667,0.2600166666666667,0.3308,0.6165909090909092,0.48751056023709505,0.6191651515151515,0.49467081221459697,0.28990909090909095,0.01,0.28990909090909095,0.2826,0.5443636363636364,0.5872030695982546,0.5410763636363637,0.5838757718024318,zombie,0.01,0.0116,0.0,0.0,0.0,resnet32,0.2931,0.284,2.826204539699988,2.6387976262379778,0.18740691291168332,resnet32,0.306,0.2948,2.902591823176904,2.66830493950031,0.23428688204677944,resnet32,0.2818,0.276,3.22294732183218,2.7030968876047567,0.5198504288088192,resnet32,0.3001,0.2902,2.793096287684007,2.6010563807054,0.19203990388830955,resnet32,0.3153,0.3098,2.804436080835082,2.616568735885349,0.18786734423007478,resnet32,0.2934,0.287,2.9411891624331474,2.7115099958398123,0.22967916293154386,resnet32,0.2496,0.2426,3.485265217044137,3.035173539410938,0.45009167720987037,resnet32,0.1915,0.1926,3.5648367828266188,3.124380537393418,0.4404562479308383,resnet32,0.3086,0.2992,2.753664761104367,2.5486863584003667,0.20497840560380032,resnet32,0.3301,0.3224,2.8411072204736145,2.655730939046903,0.1853762812150473,resnet32,0.3195,0.31,2.8147088905627076,2.6124776652590795,0.20223122695460916,13500000.0,0.0,54000000.0,324000000.0,3888000000.0
resnet32x12_cifar100_K12_topo-rregular3-zomb0_seed0003_d015,d015,resnet32:12,cifar100,12,topology,topo-rregular3-zomb0,peers,3,200,64,0.1,0.9,0.0005,True,3,60,0.1,1.0,1,,disagreement,1.0,1,0.0,0.5,weight,rregular:3,0.0,0.0,42,0,45000,5000,10000,5170044,0,6,0.1,3,168.84,0.28435,0.08766376579484442,0.01,0.3467,0.3625,0.07815,0.2852166666666666,0.3604,0.600939393939394,0.4944018000985153,0.609769696969697,0.48752900148502243,0.3092909090909091,0.01,0.3092909090909091,0.31009090909090903,0.5344290909090911,0.5674618370184746,0.5239236363636364,0.5763974370640355,zombie,0.01,0.0116,0.0,0.0,0.0,resnet32,0.2992,0.3052,2.6922623833472077,2.487167678604072,0.2050947051664645,resnet32,0.3276,0.3272,2.7715022513134913,2.52863265032118,0.2428695967590267,resnet32,0.3362,0.3372,3.106420182368972,2.5523624254221264,0.5540577564388514,resnet32,0.3273,0.3276,2.6659947985952552,2.456578318029642,0.20941648257642306,resnet32,0.3238,0.3208,2.678818452764641,2.4755226692015473,0.20329578055746175,resnet32,0.2833,0.2866,2.794786101715131,2.5609230924059045,0.23386300679042257,resnet32,0.2859,0.284,3.2848109406503765,2.8007803105495195,0.48403062705289235,resnet32,0.2367,0.235,3.3271438780833376,2.852704227647998,0.47443964412774553,resnet32,0.3467,0.3478,2.6227963018146427,2.398155461150137,0.22464083736254412,resnet32,0.304,0.3082,2.730007556690411,2.5279957110231575,0.2020118469584056,resnet32,0.3315,0.3314,2.6751444014635952,2.452476699582555,0.22266770169054242,13500000.0,0.0,54000000.0,378000000.0,4536000000.0
resnet32x12_cifar100_K12_topo-rregular3-zomb0_seed0003_d015,d015,resnet32:12,cifar100,12,topology,topo-rregular3-zomb0,peers,3,200,64,0.1,0.9,0.0005,True,3,60,0.1,1.0,1,,disagreement,1.0,1,0.0,0.5,weight,rregular:3,0.0,0.0,42,0,45000,5000,10000,5170044,0,7,0.1,3,168.39,0.298475,0.08939350391201067,0.01,0.3489,0.3693,0.07082500000000003,0.2965333333333333,0.3658,0.5803939393939395,0.5351640973184342,0.5841060606060606,0.5300815127812576,0.3247,0.01,0.3247,0.32243636363636363,0.5041309090909092,0.6153492264763654,0.5000109090909092,0.6198455003884411,zombie,0.01,0.0116,0.0,0.0,0.0,resnet32,0.3392,0.333,2.584264572371136,2.3647325282747094,0.21953204346143387,resnet32,0.3489,0.3518,2.6828680278902706,2.4275401029735804,0.25532792699099943,resnet32,0.3264,0.3316,3.022715220397169,2.4462046670642765,0.5765105565925214,resnet32,0.3393,0.3326,2.572557255287062,2.348976174200123,0.223581078377637,resnet32,0.3368,0.3354,2.578942264684222,2.362943283028223,0.21599898008968343,resnet32,0.2825,0.285,2.6941027343273163,2.449060495604168,0.24504224348559298,resnet32,0.31,0.3118,3.1482892151583326,2.6390334205193953,0.5092557937499474,resnet32,0.2885,0.2854,3.1819709647785532,2.6842311695218086,0.49773979182778433,resnet32,0.339,0.329,2.5240242411805824,2.285955670882355,0.23806857237253676,resnet32,0.3169,0.3108,2.647729084234346,2.4304305204952303,0.21729856562292713,resnet32,0.3442,0.3404,2.576310018585487,2.339543501931158,0.23676651165905324,13500000.0,0.0,54000000.0,432000000.0,5184000000.0
resnet32x12_cifar100_K12_topo-rregular3-zomb0_seed0003_d015,d015,resnet32:12,cifar100,12,topology,topo-rregular3-zomb0,peers,3,200,64,0.1,0.9,0.0005,True,3,60,0.1,1.0,1,,disagreement,1.0,1,0.0,0.5,weight,rregular:3,0.0,0.0,42,0,45000,5000,10000,5170044,0,8,0.1,3,168.83,0.34358333333333335,0.10303881819758783,0.01,0.4217,0.4268,0.08321666666666666,0.3372,0.4188,0.5650939393939394,0.5121262989900398,0.5677075757575758,0.5136235819980742,0.37390909090909097,0.01,0.37390909090909097,0.36679999999999996,0.4833290909090908,0.6053680237921858,0.48025454545454543,0.6050732241927987,zombie,0.01,0.0116,0.0,0.0,0.0,resnet32,0.3888,0.3808,2.496523351154544,2.2663378708741884,0.23018548667261546,resnet32,0.3879,0.3792,2.5960211868990553,2.328139952807264,0.26788123352029786,resnet32,0.3928,0.3844,2.9535772035067733,2.3570359235798772,0.5965412782335823,resnet32,0.3844,0.381,2.5016474471512167,2.26211441680789,0.23953303159214556,resnet32,0.3387,0.3336,2.5018142126500607,2.271737043999813,0.23007716604677791,resnet32,0.3587,0.3482,2.5986450124870646,2.3394920521161775,0.2591529585294087,resnet32,0.3556,0.3474,3.0491745096038687,2.522333224727349,0.526841284072196,resnet32,0.3439,0.341,3.06771387363022,2.54879899492318,0.5189148767173968,resnet32,0.4217,0.4062,2.4463627204637635,2.194115898317911,0.2522468222728507,resnet32,0.3776,0.3722,2.57996769097041,2.3436371850019153,0.23633051094260404,resnet32,0.3629,0.3608,2.496508200737563,2.247145647352392,0.24936255482448774,13500000.0,0.0,54000000.0,486000000.0,5832000000.0
resnet32x12_cifar100_K12_topo-rregular3-zomb0_seed0003_d015,d015,resnet32:12,cifar100,12,topology,topo-rregular3-zomb0,peers,3,200,64,0.1,0.9,0.0005,True,3,60,0.1,1.0,1,,disagreement,1.0,1,0.0,0.5,weight,rregular:3,0.0,0.0,42,0,45000,5000,10000,5170044,0,9,0.1,3,169.23,0.31379166666666675,0.09242787691251789,0.01,0.3719,0.392,0.07820833333333327,0.31126666666666664,0.3856,0.5943151515151516,0.4968936401832016,0.5957863636363638,0.5050074258428677,0.34140909090909094,0.01,0.34140909090909094,0.33850909090909087,0.5177872727272728,0.5874913288329195,0.5160181818181818,0.5801979756084225,zombie,0.01,0.0116,0.0,0.0,0.0,resnet32,0.3245,0.3256,2.426559281789444,2.188674134794961,0.23788514830680055,resnet32,0.3502,0.344,2.5289909478954296,2.253075563602827,0.2759153893937103,resnet32,0.328,0.3352,2.9040918451818554,2.295247330922972,0.6088445145128802,resnet32,0.3385,0.3346,2.4376227110624313,2.1924928040667013,0.24512990295294335,resnet32,0.3719,0.3614,2.428042354739525,2.1898800324309957,0.2381623261184855,resnet32,0.3342,0.329,2.5243743473494593,2.256732003763318,0.2676423432051458,resnet32,0.3469,0.3376,2.9783627055585384,2.437421042472124,0.5409416612237692,resnet32,0.3294,0.3258,2.9824795458804476,2.4470287458124487,0.5354507985016839,resnet32,0.3361,0.3402,2.393600506708026,2.1333321663127705,0.2602683379399506,resnet32,0.3507,0.3432,2.5053056835789573,2.2630616075951946,0.2422440734649585,resnet32,0.3451,0.347,2.436197938566858,2.1785286514257844,0.25766928620975127,13500000.0,0.0,54000000.0,540000000.0,6480000000.0
resnet32x12_cifar100_K12_topo-rregular3-zomb0_seed0003_d015,d015,resnet32:12,cifar100,12,topology,topo-rregular3-zomb0,peers,3,200,64,0.1,0.9,0.0005,True,3,60,0.1,1.0,1,,disagreement,1.0,1,0.0,0.5,weight,rregular:3,0.0,0.0,42,0,45000,5000,10000,5170044,0,10,0.1,3,168.22,0.332775,0.09984959626858787,0.01,0.4007,0.4205,0.087725,0.3215833333333334,0.4108,0.6018909090909091,0.4697398363291565,0.5922636363636367,0.4864440263873651,0.3621181818181818,0.01,0.3621181818181818,0.34976363636363633,0.5119072727272728,0.5800180879382697,0.5235454545454545,0.5620790181301182,zombie,0.01,0.0116,0.0,0.0,0.0,resnet32,0.4007,0.3904,2.387150250544602,2.143057854338126,0.2440923994026062,resnet32,0.3639,0.35,2.4845941479910505,2.198431838134473,0.28616231080906634,resnet32,0.3706,0.3548,2.866597241298719,2.2470913178880108,0.6195059245113622,resnet32,0.3939,0.3684,2.3854759596288204,2.1350081214173273,0.2504678340417079,resnet32,0.3366,0.3186,2.3817508291791785,2.135660943659869,0.24608988361433148,resnet32,0.3667,0.363,2.4769532595845787,2.200925234874541,0.2760280226145617,resnet32,0.3285,0.3172,2.9284400282935663,2.375402465632016,0.5530375655401837,resnet32,0.3264,0.3092,2.924413162876259,2.3769420231269165,0.547471138310026,resnet32,0.3542,0.3426,2.3530360538173807,2.087285688146949,0.2657503672579134,resnet32,0.3785,0.3784,2.450731824067506,2.200112410905686,0.2506194125691598,resnet32,0.3633,0.3548,2.3939541839063168,2.13015562211248,0.2637985640586438,13500000.0,0.0,54000000.0,594000000.0,7128000000.0
resnet32x12_cifar100_K12_topo-rregular3-zomb0_seed0003_d015,d015,resnet32:12,cifar100,12,topology,topo-rregular3-zomb0,peers,3,200,64,0.1,0.9,0.0005,True,3,60,0.1,1.0,1,,disagreement,1.0,1,0.0,0.5,weight,rregular:3,0.0,0.0,42,0,45000,5000,10000,5170044,0,11,0.1,3,168.83,0.3707333333333333,0.11040364074109553,0.01,0.4339,0.4598,0.08906666666666668,0.36533333333333334,0.4522,0.5574939393939393,0.5233879283248888,0.5575727272727274,0.5233232191542949,0.4035272727272727,0.01,0.4035272727272727,0.3974909090909092,0.4739654545454546,0.6083252297335201,0.47428363636363635,0.6061435458229865,zombie,0.01,0.0116,0.0,0.0,0.0,resnet32,0.402,0.3976,2.3316315302455966,2.085956042801792,0.24567548829046162,resnet32,0.4174,0.4128,2.4249714252284984,2.135835648429665,0.2891357792118056,resnet32,0.4037,0.392,2.8335822126404806,2.206674413586205,0.6269077999009327,resnet32,0.419,0.4118,2.332013535397974,2.079559550027956,0.25245398410003295,resnet32,0.385,0.3828,2.3362034394998443,2.088572110303424,0.2476313317152248,resnet32,0.4206,0.4128,2.422748807140372,2.142015499655496,0.2807333104481751,resnet32,0.3692,0.3656,2.879669989374551,2.3181768240915104,0.5614931618964131,resnet32,0.3728,0.367,2.8743378807875244,2.3182876843281766,0.5560501952740279,resnet32,0.4339,0.422,2.3143535131080584,2.0441055231812326,0.2702479873656888,resnet32,0.3986,0.3938,2.3933082895184103,2.1395448600365357,0.25376342579891736,resnet32,0.4166,0.4142,2.3480379220775585,2.0799153834920037,0.2681225368922407,13500000.0,0.0,54000000.0,648000000.0,7776000000.0
resnet32x12_cifar100_K12_topo-rregular3-zomb0_seed0003_d015,d015,resnet32:12,cifar100,12,topology,topo-rregular3-zomb0,peers,3,200,64,0.1,0.9,0.0005,True,3,60,0.1,1.0,1,,disagreement,1.0,1,0.0,0.5,weight,rregular:3,0.0,0.0,42,0,45000,5000,10000,5170044,0,12,0.1,3,168.25,0.30524166666666674,0.10170370739172797,0.01,0.4083,0.3968,0.09155833333333324,0.2970666666666667,0.3822,0.6185363636363633,0.4586169009789094,0.6205030303030303,0.46753767301443677,0.3320818181818182,0.01,0.3320818181818182,0.3230181818181818,0.5467781818181819,0.5489912791218382,0.5444545454545453,0.541656635982236,zombie,0.01,0.0116,0.0,0.0,0.0,resnet32,0.3715,0.364,2.306452093137936,2.0526289640163835,0.25382313037037174,resnet32,0.333,0.3352,2.395757544955069,2.1013388030908327,0.2944187401285903,resnet32,0.3456,0.337,2.8178017762574283,2.184529797597365,0.6332719777287408,resnet32,0.3079,0.3004,2.306421648033641,2.0487411823123693,0.25768046847290615,resnet32,0.3547,0.3424,2.301432879133658,2.0476933169094,0.25373956438323314,resnet32,0.2063,0.1986,2.398134019903161,2.108637147498402,0.2894968743097376,resnet32,0.29,0.2776,2.8525251536206766,2.2851088129999964,0.5674163490872491,resnet32,0.3313,0.3216,2.8522183634340763,2.2881856117058885,0.5640327513471923,resnet32,0.3837,0.366,2.2913162882693787,2.0152954609895293,0.2760208274915137,resnet32,0.3206,0.3114,2.360528437420726,2.1002827042883094,0.26024572807364166,resnet32,0.4083,0.399,2.329223721711473,2.054147277704694,0.27507644169963896,13500000.0,0.0,54000000.0,702000000.0,8424000000.0
resnet32x12_cifar100_K12_topo-rregular3-zomb0_seed0003_d015,d015,resnet32:12,cifar100,12,topology,topo-rregular3-zomb0,peers,3,200,64,0.1,0.9,0.0005,True,3,60,0.1,1.0,1,,disagreement,1.0,1,0.0,0.5,weight,rregular:3,0.0,0.0,42,0,45000,5000,10000,5170044,0,13,0.1,3,167.11,0.36506666666666665,0.11078413945847825,0.01,0.4347,0.4591,0.09403333333333336,0.3579666666666667,0.452,0.588127272727273,0.4696446625985068,0.5860712121212122,0.48591938052632416,0.39734545454545456,0.01,0.39734545454545456,0.38945454545454544,0.5048454545454544,0.5771389639278105,0.5072654545454547,0.5605177866899121,zombie,0.01,0.0116,0.0,0.0,0.0,resnet32,0.3584,0.3546,2.2787948562340303,2.020064007829536,0.2587308493781496,resnet32,0.4014,0.3896,2.3718776228753002,2.0747609470378268,0.29711666980504314,resnet32,0.4254,0.417,2.7972434095361014,2.1603537418625574,0.6368896703828465,resnet32,0.408,0.4012,2.2793896100060507,2.020205271514979,0.25918433239514177,resnet32,0.343,0.3398,2.2872510354288598,2.0310222159393807,0.25622882054780016,resnet32,0.4347,0.4216,2.371769580482082,2.078074820001017,0.29369476045989856,resnet32,0.3653,0.3558,2.8248924267562954,2.253562742505561,0.5713296921669759,resnet32,0.3799,0.3696,2.822849682786248,2.2536279440603475,0.5692217372019183,resnet32,0.4253,0.4166,2.269658076492223,1.9927619512785564,0.2768961273303086,resnet32,0.4036,0.3962,2.3312418342313985,2.0674491079354826,0.26379273093136196,resnet32,0.4258,0.422,2.3060666878115046,2.028785724362189,0.27728096334348346,13500000.0,0.0,54000000.0,756000000.0,9072000000.0
resnet32x12_cifar100_K12_topo-rregular3-zomb0_seed0003_d015,d015,resnet32:12,cifar100,12,topology,topo-rregular3-zomb0,peers,3,200,64,0.1,0.9,0.0005,True,3,60,0.1,1.0,1,,disagreement,1.0,1,0.0,0.5,weight,rregular:3,0.0,0.0,42,0,45000,5000,10000,5170044,0,14,0.1,3,167.55,0.3342083333333333,0.10348592060705113,0.01,0.4403,0.421,0.08679166666666671,0.3253333333333333,0.4124,0.5993454545454544,0.4744723489275887,0.5914681818181816,0.48674107206110784,0.36368181818181816,0.01,0.36368181818181816,0.3538545454545454,0.511689090909091,0.5734221145933905,0.5213599999999999,0.5602115064732713,zombie,0.01,0.0116,0.0,0.0,0.0,resnet32,0.3179,0.3054,2.2605711450292305,1.9998198576610198,0.26075128906152467,resnet32,0.3782,0.3682,2.3417006602341477,2.0393083481626078,0.302392309806733,resnet32,0.3318,0.3228,2.781577170233835,2.1408222886649044,0.6407548808069392,resnet32,0.3964,0.383,2.2601423377001826,1.997025484049862,0.2631168559997935,resnet32,0.3119,0.2994,2.264221836558797,2.003845689648932,0.26037614928050473,resnet32,0.3793,0.3746,2.3464674971659076,2.0500687672333284,0.2963987276254391,resnet32,0.3616,0.3538,2.8039733930067583,2.2271458968858826,0.576827497348528,resnet32,0.3407,0.3272,2.8008872483941643,2.228296111591838,0.5725911368446593,resnet32,0.3735,0.3668,2.2562677677382124,1.9745266400277615,0.28174112972126086,resnet32,0.3689,0.3642,2.3110295198857784,2.0455941307273777,0.265435393137688,resnet32,0.4403,0.427,2.2906168303029104,2.010204824703661,0.28041200030764396,13500000.0,0.0,54000000.0,810000000.0,9720000000.0
resnet32x12_cifar100_K12_topo-rregular3-zomb0_seed0003_d015,d015,resnet32:12,cifar100,12,topology,topo-rregular3-zomb0,peers,3,200,64,0.1,0.9,0.0005,True,3,60,0.1,1.0,1,,disagreement,1.0,1,0.0,0.5,weight,rregular:3,0.0,0.0,42,0,45000,5000,10000,5170044,0,15,0.1,3,167.58,0.36459166666666665,0.10919009767627992,0.01,0.4329,0.4542,0.08960833333333335,0.3588166666666666,0.4462,0.5636484848484848,0.5120905450908527,0.5677454545454543,0.5140348009740199,0.39682727272727275,0.01,0.39682727272727275,0.3903818181818181,0.48959272727272724,0.5948503995221365,0.48543272727272724,0.5900252691268921,zombie,0.01,0.0116,0.0,0.0,0.0,resnet32,0.3804,0.3674,2.239242943511768,1.9755350041457198,0.26370793604291975,resnet32,0.3907,0.3812,2.318339430642399,2.0138282499868763,0.304511181269349,resnet32,0.4329,0.4184,2.7665654729035767,2.1205355269326405,0.6460299443622882,resnet32,0.3603,0.355,2.243552764369683,1.9778203410519795,0.2657324232753705,resnet32,0.4146,0.4138,2.244441845538941,1.9810658764432778,0.26337597286328673,resnet32,0.3525,0.3534,2.330993853509426,2.0298267164352266,0.3011671395083381,resnet32,0.4069,0.3992,2.781663659282706,2.2009660220620306,0.5806976411576298,resnet32,0.4092,0.3952,2.7786634943702,2.201087813655084,0.5775756790641356,resnet32,0.4152,0.4126,2.2378049045801163,1.9535090874203227,0.2842958145774901,resnet32,0.4062,0.4032,2.2847615991803734,2.0162483743307265,0.2685132245956497,resnet32,0.3962,0.3948,2.267023692754182,1.9836423695087433,0.283381322610446,13500000.0,0.0,54000000.0,864000000.0,10368000000.0
resnet32x12_cifar100_K12_topo-rregular3-zomb0_seed0003_d015,d015,resnet32:12,cifar100,12,topology,topo-rregular3-zomb0,peers,3,200,64,0.1,0.9,0.0005,True,3,60,0.1,1.0,1,,disagreement,1.0,1,0.0,0.5,weight,rregular:3,0.0,0.0,42,0,45000,5000,10000,5170044,0,16,0.1,3,167.48,0.3027166666666667,0.096446857848708,0.01,0.3922,0.3798,0.07708333333333334,0.29816666666666664,0.3706,0.6014333333333334,0.4892397639699633,0.6039590909090908,0.4918616087094148,0.32932727272727275,0.01,0.32932727272727275,0.3242181818181818,0.5269127272727271,0.5748368188363578,0.5243054545454544,0.5710684614247725,zombie,0.01,0.0116,0.0,0.0,0.0,resnet32,0.3201,0.3102,2.2282102343372325,1.9593049406327985,0.26890529472042213,resnet32,0.3154,0.3082,2.30934223448011,2.001839354634285,0.3075028826397928,resnet32,0.3922,0.388,2.7581191289831293,2.108716918663545,0.64940221412954,resnet32,0.29,0.2896,2.2288150319998916,1.9617358153177933,0.2670792140786282,resnet32,0.2483,0.2484,2.2262526781044225,1.958751305937767,0.2675013748759573,resnet32,0.3907,0.3814,2.3227451480925083,2.019117995588617,0.30362715280022134,resnet32,0.3046,0.305,2.7718619501048867,2.188304440880364,0.5835575113411654,resnet32,0.3236,0.3162,2.7660220780155877,2.185705543919043,0.5803165398114785,resnet32,0.3654,0.3584,2.2287760740992697,1.9405539999292656,0.2882220728788525,resnet32,0.3351,0.3258,2.2670427313582464,1.996070371940732,0.2709723588883538,resnet32,0.3372,0.3352,2.263882901011543,1.9751562764021484,0.28872662636620755,13500000.0,0.0,54000000.0,918000000.0,11016000000.0
resnet32x12_cifar100_K12_topo-rregular3-zomb0_seed0003_d015,d015,resnet32:12,cifar100,12,topology,topo-rregular3-zomb0,peers,3,200,64,0.1,0.9,0.0005,True,3,60,0.1,1.0,1,,disagreement,1.0,1,0.0,0.5,weight,rregular:3,0.0,0.0,42,0,45000,5000,10000,5170044,0,17,0.1,3,167.8,0.34661666666666663,0.10591512980789017,0.01,0.4313,0.4304,0.08378333333333338,0.33485000000000004,0.4102,0.5700606060606059,0.4869704237477909,0.5726439393939394,0.49384345339412233,0.37721818181818173,0.01,0.37721818181818173,0.36423636363636364,0.4884327272727274,0.5883062621979098,0.48525818181818176,0.5846992280296095,zombie,0.01,0.0116,0.0,0.0,0.0,resnet32,0.3961,0.3892,2.2114587659862908,1.9403613373975863,0.27109742958352645,resnet32,0.405,0.3872,2.2940293580970983,1.9828751568089833,0.31115420429374685,resnet32,0.3811,0.3692,2.7434856813739645,2.091756261885166,0.6517294227060947,resnet32,0.3714,0.36,2.204379537735473,1.9343835211951623,0.2699960154184902,resnet32,0.3801,0.3726,2.208552297712727,1.9397982375865632,0.2687540573110296,resnet32,0.3462,0.3276,2.3010505664755,1.9926193446259608,0.30843122176487336,resnet32,0.3851,0.371,2.749025554142215,2.1606644454666157,0.5883611062202941,resnet32,0.3051,0.2996,2.7469695674424823,2.161424287848852,0.585545278577642,resnet32,0.392,0.3778,2.2068557923829015,1.9169073578986255,0.2899484290656718,resnet32,0.356,0.3298,2.249007884920998,1.9727732752534477,0.27623461034487595,resnet32,0.4313,0.4226,2.240455327047543,1.949801118028435,0.2906542087016119,13500000.0,0.0,54000000.0,972000000.0,11664000000.0
resnet32x12_cifar100_K12_topo-rregular3-zomb0_seed0003_d015,d015,resnet32:12,cifar100,12,topology,topo-rregular3-zomb0,peers,3,200,64,0.1,0.9,0.0005,True,3,60,0.1,1.0,1,,disagreement,1.0,1,0.0,0.5,weight,rregular:3,0.0,0.0,42,0,45000,5000,10000,5170044,0,18,0.1,3,167.43,0.3583416666666666,0.10819500495504504,0.01,0.4316,0.4522,0.09385833333333338,0.35543333333333343,0.4476,0.581339393939394,0.49427147374162433,0.5796530303030304,0.5102610441855738,0.3900090909090909,0.01,0.3900090909090909,0.38669090909090914,0.49823999999999985,0.5987152500016761,0.5004909090909092,0.5824094355618995,zombie,0.01,0.0116,0.0,0.0,0.0,resnet32,0.4031,0.4018,2.198601445183158,1.923879473554817,0.27472197196700354,resnet32,0.3993,0.3972,2.2756703309714794,1.9630747031081806,0.3125956267626448,resnet32,0.3823,0.3806,2.7322262572971256,2.078041494908658,0.654184765859761,resnet32,0.4316,0.4216,2.189143005419861,1.916597195816311,0.27254580784673715,resnet32,0.375,0.3718,2.195629556240006,1.9242661380293695,0.2713634178508073,resnet32,0.4177,0.4134,2.287255247208205,1.9755102306265722,0.3117450137664987,resnet32,0.4031,0.3988,2.736674602058801,2.147603598507968,0.5890710093080997,resnet32,0.348,0.3462,2.733550148592754,2.145911802622405,0.5876383415677331,resnet32,0.3729,0.369,2.198251386765729,1.906337484209375,0.29191391000693495,resnet32,0.4144,0.4102,2.2358643929050728,1.9579967350106349,0.2778676582754336,resnet32,0.3427,0.343,2.229838044297966,1.9364002692428501,0.2934377754784443,13500000.0,0.0,54000000.0,1026000000.0,12312000000.0
resnet32x12_cifar100_K12_topo-rregular3-zomb0_seed0003_d015,d015,resnet32:12,cifar100,12,topology,topo-rregular3-zomb0,peers,3,200,64,0.1,0.9,0.0005,True,3,60,0.1,1.0,1,,disagreement,1.0,1,0.0,0.5,weight,rregular:3,0.0,0.0,42,0,45000,5000,10000,5170044,0,19,0.1,3,167.62,0.39162499999999995,0.11678308328549417,0.01,0.4531,0.4974,0.10577500000000006,0.38854999999999995,0.4934,0.5747878787878786,0.4775213920364936,0.5742863636363637,0.4831560074775521,0.4263181818181818,0.01,0.4263181818181818,0.4228181818181818,0.49174363636363644,0.566210048887211,0.4926981818181819,0.5589751686308393,zombie,0.01,0.0116,0.0,0.0,0.0,resnet32,0.3775,0.3798,2.188552421263673,1.9136232925070957,0.2749291299842298,resnet32,0.4513,0.4434,2.280613350089301,1.9656845725734124,0.31492877328260377,resnet32,0.4225,0.4244,2.7297371578487484,2.075000028379939,0.6547371325167742,resnet32,0.4168,0.4066,2.1855284114452926,1.9118644705211574,0.2736639369871806,resnet32,0.4208,0.4114,2.1939950993453916,1.9205562128600748,0.2734388844745064,resnet32,0.4376,0.438,2.2884462243792685,1.975864395837892,0.31258182689039543,resnet32,0.4337,0.4276,2.7344443544068118,2.1432365113022653,0.5912078449671919,resnet32,0.4037,0.3996,2.7270231199535457,2.137351754544811,0.5896713660437275,resnet32,0.4531,0.4426,2.19846188869666,1.9054808186536485,0.29298107245598326,resnet32,0.4323,0.4346,2.2354348462752323,1.9561741418120535,0.2792607084212994,resnet32,0.4402,0.443,2.2236879977651616,1.9290979172695766,0.29459008043208584,13500000.0,0.0,54000000.0,1080000000.0,12960000000.0
resnet32x12_cifar100_K12_topo-rregular3-zomb0_seed0003_d015,d015,resnet32:12,cifar100,12,topology,topo-rregular3-zomb0,peers,3,200,64,0.1,0.9,0.0005,True,3,60,0.1,1.0,1,,disagreement,1.0,1,0.0,0.5,weight,rregular:3,0.0,0.0,42,0,45000,5000,10000,5170044,0,20,0.1,3,167.67,0.384025,0.11772102704416632,0.01,0.4474,0.4867,0.10267500000000002,0.37756666666666666,0.483,0.573669696969697,0.4787712747346836,0.5751742424242424,0.48619332495228995,0.41802727272727275,0.01,0.41802727272727275,0.41083636363636367,0.4915145454545453,0.5786499836441176,0.48965090909090897,0.5741237991125573,zombie,0.01,0.0116,0.0,0.0,0.0,resnet32,0.3132,0.3066,2.177983244034377,1.900248964063146,0.2777342774524269,resnet32,0.4263,0.4214,2.2614534461701457,1.9441996301439675,0.31725381513718853,resnet32,0.4193,0.415,2.7201229096813635,2.0602186472917143,0.6599042599343441,resnet32,0.4151,0.4084,2.1779343727976084,1.9011431346562775,0.27679123782383447,resnet32,0.4269,0.4178,2.177443389696154,1.9034003571353175,0.2740430320951749,resnet32,0.4466,0.4404,2.2711488108404656,1.954659596762874,0.3164892166598954,resnet32,0.428,0.4264,2.722896784205328,2.127998116680167,0.5948986701921306,resnet32,0.4053,0.391,2.7185993695800956,2.1262708345258776,0.5923285277729685,resnet32,0.4474,0.442,2.187455340881239,1.8906531620093368,0.29680218221619725,resnet32,0.438,0.422,2.2201952659948305,1.9385089737109162,0.28168629281307483,resnet32,0.4322,0.4282,2.211532364006747,1.9143435882235116,0.29718877969902346,13500000.0,0.0,54000000.0,1134000000.0,13608000000.0
resnet32x12_cifar100_K12_topo-rregular3-zomb0_seed0003_d015,d015,resnet32:12,cifar100,12,topology,topo-rregular3-zomb0,peers,3,200,64,0.1,0.9,0.0005,True,3,60,0.1,1.0,1,,disagreement,1.0,1,0.0,0.5,weight,rregular:3,0.0,0.0,42,0,45000,5000,10000,5170044,0,21,0.1,3,167.66,0.36541666666666667,0.10876987047074305,0.01,0.43,0.4511,0.08568333333333333,0.35483333333333333,0.4364,0.5680939393939394,0.48650482905310044,0.564437878787879,0.4959684905844517,0.3977272727272727,0.01,0.3977272727272727,0.3860363636363637,0.478,0.5985738863959746,0.48228363636363636,0.5913897264631142,zombie,0.01,0.0116,0.0,0.0,0.0,resnet32,0.4002,0.3854,2.176915731789036,1.8990491203625093,0.2778666094368832,resnet32,0.4138,0.411,2.2558484974909914,1.9374810377643867,0.3183674597266046,resnet32,0.4064,0.3896,2.7125946300273593,2.053158639845523,0.659435991621153,resnet32,0.371,0.3554,2.167306584052064,1.8910944790325381,0.276212109379809,resnet32,0.43,0.4238,2.1724794952368196,1.8962462077086621,0.2762332914651118,resnet32,0.3804,0.3678,2.268823977221142,1.9527500390329144,0.3160739408128641,resnet32,0.4215,0.3996,2.710166333751245,2.1137047748674047,0.5964615612121468,resnet32,0.379,0.3726,2.708693213760853,2.1150973884558137,0.5935958220877431,resnet32,0.399,0.3894,2.173260359262878,1.8774072631177576,0.2958530980289321,resnet32,0.3693,0.3576,2.2077522728253496,1.9243336352096363,0.2834186385682022,resnet32,0.4044,0.3942,2.2016387854448776,1.9059421303258701,0.2956966592464596,13500000.0,0.0,54000000.0,1188000000.0,14256000000.0
resnet32x12_cifar100_K12_topo-rregular3-zomb0_seed0003_d015,d015,resnet32:12,cifar100,12,topology,topo-rregular3-zomb0,peers,3,200,64,0.1,0.9,0.0005,True,3,60,0.1,1.0,1,,disagreement,1.0,1,0.0,0.5,weight,rregular:3,0.0,0.0,42,0,45000,5000,10000,5170044,0,22,0.1,3,167.88,0.399225,0.11931975335905898,0.01,0.455,0.4971,0.09787499999999999,0.3934,0.49,0.5582333333333332,0.5052933581415364,0.5573121212121213,0.507623023675926,0.4346090909090909,0.01,0.4346090909090909,0.42810909090909094,0.4710509090909092,0.5967257930889726,0.47247636363636364,0.5933977470961036,zombie,0.01,0.0116,0.0,0.0,0.0,resnet32,0.455,0.4596,2.1659670644863085,1.8877892914143475,0.2781777697064998,resnet32,0.4282,0.4206,2.2493570773777636,1.930259131911126,0.3190979475621134,resnet32,0.4419,0.4282,2.70824178613045,2.0475255118852314,0.6607162746685472,resnet32,0.4106,0.3982,2.158712851391597,1.881781300191175,0.27693155172958295,resnet32,0.4521,0.436,2.1632162115790625,1.8882723621685396,0.27494384974918584,resnet32,0.4414,0.4408,2.2585723014040426,1.9413524422455917,0.3172198558141562,resnet32,0.3758,0.3676,2.7104167118668556,2.112616023726084,0.5978006880984388,resnet32,0.4302,0.4256,2.700522631745447,2.104660690338774,0.5958619424226609,resnet32,0.4527,0.4468,2.171740087595853,1.8749107097021558,0.2968293805606663,resnet32,0.4411,0.4442,2.2037726903164927,1.9205294490199198,0.2832432356451384,resnet32,0.4517,0.4416,2.200630133463578,1.902909037403085,0.2977210998069495,13500000.0,0.0,54000000.0,1242000000.0,14904000000.0
resnet32x12_cifar100_K12_topo-rregular3-zomb0_seed0003_d015,d015,resnet32:12,cifar100,12,topology,topo-rregular3-zomb0,peers,3,200,64,0.1,0.9,0.0005,True,3,60,0.1,1.0,1,,disagreement,1.0,1,0.0,0.5,weight,rregular:3,0.0,0.0,42,0,45000,5000,10000,5170044,0,23,0.1,3,168.17,0.36899166666666666,0.11067258361441142,0.01,0.4418,0.4689,0.09990833333333332,0.3605666666666667,0.4518,0.585021212121212,0.45951870675435214,0.5838863636363634,0.4671104953904401,0.4016272727272728,0.01,0.4016272727272728,0.3922909090909091,0.5021145454545456,0.5533858521155665,0.5035127272727273,0.546273655042507,zombie,0.01,0.0116,0.0,0.0,0.0,resnet32,0.4212,0.4182,2.1556879629127006,1.874862183562734,0.2808257760903375,resnet32,0.4189,0.4036,2.2351233737373892,1.9139026659117504,0.3212207074446434,resnet32,0.394,0.386,2.6989915144037115,2.0364993514323775,0.6624921625480056,resnet32,0.3788,0.3734,2.1471184630962936,1.8687022230164572,0.27841624137098814,resnet32,0.3911,0.3776,2.154124978083101,1.8765282759612256,0.2775967000263997,resnet32,0.3721,0.3718,2.2473684544251724,1.9284114959565075,0.3189569612837989,resnet32,0.4288,0.4138,2.7007676911624996,2.1015890777449715,0.5991786166348241,resnet32,0.4189,0.4092,2.695718638260256,2.0995275511999023,0.5961910835890607,resnet32,0.4418,0.432,2.1586923944679173,1.8591750116849488,0.2995173840106211,resnet32,0.3861,0.3746,2.192545961080627,1.9085749023678629,0.2839710563844578,resnet32,0.3662,0.355,2.1891246644610707,1.8893259792503985,0.29979868563400075,13500000.0,0.0,54000000.0,1296000000.0,15552000000.0
resnet32x12_cifar100_K12_topo-rregular3-zomb0_seed0003_d015,d015,resnet32:12,cifar100,12,topology,topo-rregular3-zomb0,peers,3,200,64,0.1,0.9,0.0005,True,3,60,0.1,1.0,1,,disagreement,1.0,1,0.0,0.5,weight,rregular:3,0.0,0.0,42,0,45000,5000,10000,5170044,0,24,0.1,3,167.59,0.3401166666666667,0.10294229640380523,0.01,0.4109,0.4133,0.07318333333333332,0.33915,0.4128,0.5680878787878786,0.5142688748836413,0.5707969696969697,0.5136890326143269,0.3701272727272728,0.01,0.3701272727272728,0.36892727272727277,0.4877272727272727,0.5984000086672239,0.4849890909090912,0.5998640602064187,zombie,0.01,0.0116,0.0,0.0,0.0,resnet32,0.3495,0.3484,2.15322025814517,1.8728459055789493,0.280374355698851,resnet32,0.4109,0.3996,2.231214673851024,1.9097339192574674,0.32148075552487915,resnet32,0.3995,0.397,2.6987523907287554,2.0361354339190503,0.6626169574870304,resnet32,0.3953,0.3954,2.1510356811975893,1.8713601560077884,0.2796755293807523,resnet32,0.3309,0.3386,2.1487238351255655,1.8695327129892327,0.27919112342748453,resnet32,0.3617,0.3586,2.247063857926564,1.9281929550184445,0.31887090510942717,resnet32,0.3842,0.376,2.696402936496518,2.0969786186787216,0.5994243172251366,resnet32,0.3619,0.3642,2.6906808093190193,2.093928800726479,0.5967520115558397,resnet32,0.3208,0.328,2.1552806701511145,1.8557860008017584,0.2994946691376919,resnet32,0.3896,0.3864,2.192341149361296,1.9070036077702588,0.2853375398342244,resnet32,0.3671,0.366,2.188597833229737,1.88995449854569,0.2986433325462382,13500000.0,0.0,54000000.0,1350000000.0,16200000000.0
resnet32x12_cifar100_K12_topo-rregular3-zomb0_seed0003_d015,d015,resnet32:12,cifar100,12,topology,topo-rregular3-zomb0,peers,3,200,64,0.1,0.9,0.0005,True,3,60,0.1,1.0,1,,disagreement,1.0,1,0.0,0.5,weight,rregular:3,0.0,0.0,42,0,45000,5000,10000,5170044,0,25,0.1,3,167.56,0.33526666666666666,0.09982807164765274,0.01,0.3884,0.4266,0.09133333333333332,0.33278333333333326,0.4226,0.6066848484848484,0.4644645720506825,0.609280303030303,0.4593266406992946,0.3648363636363637,0.01,0.3648363636363637,0.3619818181818181,0.5321799999999999,0.5485801497603802,0.5290945454545453,0.5568909711273521,zombie,0.01,0.0116,0.0,0.0,0.0,resnet32,0.365,0.368,2.155372115529396,1.872702025215734,0.28267008859918197,resnet32,0.3291,0.3222,2.223913358185779,1.900433460758491,0.3234798986549405,resnet32,0.3786,0.3756,2.689856007356535,2.026088048788634,0.6637679611078717,resnet32,0.3823,0.3796,2.1410314074971457,1.8590961623598228,0.2819352456664836,resnet32,0.3627,0.3586,2.151544651016593,1.869950437748974,0.2815942154689269,resnet32,0.3538,0.3488,2.2416440705684098,1.9199677477167412,0.3216763216240162,resnet32,0.3723,0.3632,2.692230759357864,2.089767827567729,0.6024629328907891,resnet32,0.3884,0.39,2.685317329385064,2.085443309254267,0.5998740151355212,resnet32,0.3284,0.3306,2.1511674828150054,1.8498118833046069,0.30135560099204833,resnet32,0.3823,0.3766,2.177112626081163,1.8899385881694881,0.28717403789050877,resnet32,0.3703,0.3686,2.182154816660014,1.880921185863289,0.30123363047922874,13500000.0,0.0,54000000.0,1404000000.0,16848000000.0
resnet32x12_cifar100_K12_topo-rregular3-zomb0_seed0003_d015,d015,resnet32:12,cifar100,12,topology,topo-rregular3-zomb0,peers,3,200,64,0.1,0.9,0.0005,True,3,60,0.1,1.0,1,,disagreement,1.0,1,0.0,0.5,weight,rregular:3,0.0,0.0,42,0,45000,5000,10000,5170044,0,26,0.1,3,167.54,0.3828916666666667,0.11649829368087568,0.01,0.4714,0.4766,0.09370833333333334,0.3806333333333333,0.4738,0.5732363636363639,0.4874750717995892,0.5726787878787879,0.4939340973009443,0.41679090909090905,0.01,0.41679090909090905,0.4141818181818182,0.48864000000000013,0.5849557384100228,0.48936727272727276,0.5801297802533159,zombie,0.01,0.0116,0.0,0.0,0.0,resnet32,0.4395,0.4358,2.153262275694446,1.8705428640612147,0.28271940943192353,resnet32,0.4234,0.4282,2.235287303782322,1.9116539497944443,0.3236333556388589,resnet32,0.4398,0.4286,2.696474443105134,2.0313912821425633,0.665083157660609,resnet32,0.3894,0.385,2.140760798853907,1.8596640935337,0.28109670853750274,resnet32,0.4049,0.4024,2.1481354676864366,1.8668161808428438,0.2813192887485705,resnet32,0.4128,0.4124,2.2445462854071097,1.9234061669558287,0.3211401171812957,resnet32,0.4133,0.4182,2.6941921050575646,2.0940467435866594,0.6001453608359125,resnet32,0.3866,0.3824,2.6901934946125206,2.0924743844026867,0.5977191093208437,resnet32,0.4714,0.4668,2.154988272454251,1.854050556367094,0.3009377178439701,resnet32,0.3527,0.3506,2.185958904806863,1.8990966383029113,0.28686226934025233,resnet32,0.4509,0.4456,2.187147822569717,1.8853194142945788,0.30182841240259056,13500000.0,0.0,54000000.0,1458000000.0,17496000000.0
resnet32x12_cifar100_K12_topo-rregular3-zomb0_seed0003_d015,d015,resnet32:12,cifar100,12,topology,topo-rregular3-zomb0,peers,3,200,64,0.1,0.9,0.0005,True,3,60,0.1,1.0,1,,disagreement,1.0,1,0.0,0.5,weight,rregular:3,0.0,0.0,42,0,45000,5000,10000,5170044,0,27,0.1,3,167.25,0.4047833333333333,0.12084518907355071,0.01,0.4639,0.5039,0.09911666666666674,0.39876666666666666,0.4936,0.5693242424242425,0.4757480473356881,0.5649530303030306,0.4849264057272541,0.4406727272727272,0.01,0.4406727272727272,0.4339636363636364,0.47904727272727277,0.5795492819316967,0.4843781818181818,0.5706243106567609,zombie,0.01,0.0116,0.0,0.0,0.0,resnet32,0.4033,0.3958,2.135832751677795,1.8514390730045058,0.2843936810862612,resnet32,0.4006,0.3956,2.2185715594413606,1.8920687858692624,0.3265027695504779,resnet32,0.4627,0.4558,2.684574968096885,2.018079708922993,0.666495256676254,resnet32,0.452,0.4452,2.129609116268429,1.8453280822458593,0.2842810320540924,resnet32,0.4222,0.4134,2.1386548444967377,1.8567345961928368,0.28192024889656087,resnet32,0.4639,0.45,2.2314335998486388,1.9076870762827722,0.32374652432785794,resnet32,0.4513,0.4528,2.6834724704650315,2.0792742857540194,0.6041981798850677,resnet32,0.4341,0.4238,2.681726820428263,2.0801042895764112,0.6016225300898607,resnet32,0.4507,0.4512,2.1534796186130154,1.84936974062161,0.30410987623459235,resnet32,0.4447,0.4346,2.178876342251897,1.8888594977218995,0.29001684683713724,resnet32,0.4619,0.4554,2.1706567750397054,1.8667708086696537,0.30388597011650825,13500000.0,0.0,54000000.0,1512000000.0,18144000000.0
resnet32x12_cifar100_K12_topo-rregular3-zomb0_seed0003_d015,d015,resnet32:12,cifar100,12,topology,topo-rregular3-zomb0,peers,3,200,64,0.1,0.9,0.0005,True,3,60,0.1,1.0,1,,disagreement,1.0,1,0.0,0.5,weight,rregular:3,0.0,0.0,42,0,45000,5000,10000,5170044,0,28,0.1,3,167.47,0.39443333333333336,0.11973088109960976,0.01,0.4733,0.4986,0.10416666666666663,0.3910166666666666,0.4974,0.567287878787879,0.4915171921755836,0.5666863636363635,0.4967333813698334,0.4293818181818182,0.01,0.4293818181818182,0.4255090909090909,0.48642545454545455,0.576661540258102,0.4876472727272726,0.5681695142538388,zombie,0.01,0.0116,0.0,0.0,0.0,resnet32,0.3805,0.3778,2.1348611033436926,1.8492979437790134,0.28556315818886185,resnet32,0.4426,0.4354,2.211452654647556,1.88382474841042,0.32762790547514503,resnet32,0.435,0.4332,2.67704477770762,2.0096602963114325,0.6673844810151919,resnet32,0.4676,0.4582,2.117677763104439,1.8339612500911409,0.2837165178604085,resnet32,0.4345,0.4322,2.1312733155421237,1.847353350201791,0.28391996589065954,resnet32,0.4733,0.4676,2.223597101867199,1.9016603651371868,0.3219367360950194,resnet32,0.3624,0.3566,2.680791217156432,2.076227958568118,0.6045632604509592,resnet32,0.4217,0.4156,2.6705831611021,2.0691941421140325,0.6013890197500587,resnet32,0.4447,0.445,2.139457756314765,1.8348558067598126,0.30460195090960374,resnet32,0.4285,0.4314,2.165580842982639,1.8767775099047206,0.2888033311306076,resnet32,0.4324,0.4276,2.1728387751023877,1.867996609346433,0.30484216672961006,13500000.0,0.0,54000000.0,1566000000.0,18792000000.0
resnet32x12_cifar100_K12_topo-rregular3-zomb0_seed0003_d015,d015,resnet32:12,cifar100,12,topology,topo-rregular3-zomb0,peers,3,200,64,0.1,0.9,0.0005,True,3,60,0.1,1.0,1,,disagreement,1.0,1,0.0,0.5,weight,rregular:3,0.0,0.0,42,0,45000,5000,10000,5170044,0,29,0.1,3,167.89,0.3382083333333333,0.1031633692930242,0.01,0.4039,0.4141,0.07589166666666675,0.334,0.409,0.5594454545454545,0.4886374807284625,0.5640848484848481,0.48890548807322426,0.3680454545454545,0.01,0.3680454545454545,0.3633090909090909,0.4781600000000001,0.580566183874739,0.4729563636363636,0.5797982274323603,zombie,0.01,0.0116,0.0,0.0,0.0,resnet32,0.3986,0.383,2.1290069110691547,1.846230553801764,0.28277636251666327,resnet32,0.3854,0.381,2.203882365741513,1.8771922698413783,0.3266900866292417,resnet32,0.386,0.3746,2.6711027039722963,2.0038684652271597,0.6672342343425209,resnet32,0.4039,0.3976,2.115873633121902,1.8328461968763308,0.2830274347004227,resnet32,0.3503,0.3456,2.1200791898776186,1.838418360291557,0.2816608273847537,resnet32,0.3793,0.3726,2.215647978708148,1.8936943046071313,0.32195367458784446,resnet32,0.3754,0.3792,2.6765485890209675,2.0715969638390974,0.604951623573222,resnet32,0.3206,0.3198,2.6644440713253887,2.062771224162795,0.6016728480939161,resnet32,0.3521,0.3544,2.1348892528225076,1.8323022592812777,0.3025869922712445,resnet32,0.3061,0.3062,2.163402086970481,1.8744637898423455,0.28893829784779385,resnet32,0.3908,0.3824,2.16396496986801,1.8604668485508724,0.3034981231586161,13500000.0,0.0,54000000.0,1620000000.0,19440000000.0
resnet32x12_cifar100_K12_topo-rregular3-zomb0_seed0003_d015,d015,resnet32:12,cifar100,12,topology,topo-rregular3-zomb0,peers,3,200,64,0.1,0.9,0.0005,True,3,60,0.1,1.0,1,,disagreement,1.0,1,0.0,0.5,weight,rregular:3,0.0,0.0,42,0,45000,5000,10000,5170044,0,30,0.1,3,167.63,0.34512500000000007,0.10505382053182709,0.01,0.4204,0.4263,0.08117499999999994,0.3394333333333334,0.4258,0.5683969696969697,0.48922328479765903,0.5715636363636363,0.5000336987639755,0.3755909090909091,0.01,0.3755909090909091,0.36923636363636364,0.48880181818181834,0.5854777667049479,0.48530181818181806,0.5738192538479748,zombie,0.01,0.0116,0.0,0.0,0.0,resnet32,0.4034,0.3914,2.1300129436633806,1.8426977678794751,0.28731517178345134,resnet32,0.3823,0.3764,2.2028895430266857,1.8749211747199297,0.327968370762061,resnet32,0.3725,0.3636,2.6734467433257536,2.004060220650651,0.669386515986513,resnet32,0.3897,0.3774,2.1142875303260307,1.8276444272222845,0.2866431026592512,resnet32,0.3551,0.3548,2.115456400269812,1.8299931479109959,0.2854632512581619,resnet32,0.2999,0.297,2.22060585682365,1.8942475413734263,0.3263583173128692,resnet32,0.4204,0.4128,2.670890238474716,2.0647562019188297,0.6061340353705666,resnet32,0.3749,0.3704,2.6689812544394624,2.0648398128422825,0.604141444306482,resnet32,0.3559,0.3532,2.13644006323408,1.8295321991159157,0.3069078619380228,resnet32,0.3879,0.3768,2.16364934312349,1.8722421638667583,0.2914071825586937,resnet32,0.3895,0.3878,2.16261344589293,1.8563501706177539,0.3062632799317891,13500000.0,0.0,54000000.0,1674000000.0,20088000000.0
resnet32x12_cifar100_K12_topo-rregular3-zomb0_seed0003_d015,d015,resnet32:12,cifar100,12,topology,topo-rregular3-zomb0,peers,3,200,64,0.1,0.9,0.0005,True,3,60,0.1,1.0,1,,disagreement,1.0,1,0.0,0.5,weight,rregular:3,0.0,0.0,42,0,45000,5000,10000,5170044,0,31,0.1,3,167.16,0.3998666666666666,0.11917530737904092,0.01,0.4622,0.5,0.10013333333333341,0.39005,0.4918,0.5681969696969694,0.4864764384718939,0.5638424242424241,0.49159484481668997,0.43530909090909087,0.01,0.43530909090909087,0.4244545454545454,0.4780145454545454,0.5843810079419343,0.4834145454545454,0.5790830010981406,zombie,0.01,0.0116,0.0,0.0,0.0,resnet32,0.4077,0.3984,2.126656208695336,1.8399747378108176,0.28668146895837376,resnet32,0.4016,0.3962,2.2027028277516365,1.8756151602349498,0.3270876666488634,resnet32,0.4592,0.449,2.6730371425774964,2.005607279186899,0.6674298623746092,resnet32,0.4543,0.4352,2.117803532122211,1.8323719426989555,0.2854315913493999,resnet32,0.4582,0.4498,2.1184891374273733,1.833607348867438,0.28488179107873957,resnet32,0.4235,0.4132,2.215564493428577,1.8887395484542304,0.3268249463078312,resnet32,0.4622,0.459,2.6710742007602346,2.0648569864305584,0.6062172127633609,resnet32,0.4167,0.4044,2.6599329435689882,2.0550400264222515,0.6048929188400507,resnet32,0.4411,0.4314,2.1306870325722476,1.8266477794809775,0.30403925266794185,resnet32,0.4323,0.417,2.1549089842221956,1.8641262110322714,0.2907827738884159,resnet32,0.4316,0.4154,2.1584975218231026,1.8536780910058455,0.30481943375938997,13500000.0,0.0,54000000.0,1728000000.0,20736000000.0
